#
# There is insufficient memory for the Java Runtime Environment to continue.
# Native memory allocation (mmap) failed to map 1048576 bytes. Error detail: G1 virtual space
# Possible reasons:
#   The system is out of physical RAM or swap space
#   This process is running with CompressedOops enabled, and the Java Heap may be blocking the growth of the native heap
# Possible solutions:
#   Reduce memory load on the system
#   Increase physical memory or swap space
#   Check if swap backing store is full
#   Decrease Java heap size (-Xmx/-Xms)
#   Decrease number of Java threads
#   Decrease Java thread stack sizes (-Xss)
#   Set larger code cache with -XX:ReservedCodeCacheSize=
#   JVM is running with Unscaled Compressed Oops mode in which the Java heap is
#     placed in the first 4GB address space. The Java Heap base address is the
#     maximum limit for the native heap growth. Please use -XX:HeapBaseMinAddress
#     to set the Java Heap base and to place the Java Heap above 4GB virtual address.
# This output file may be truncated or incomplete.
#
#  Out of Memory Error (os_windows.cpp:3707), pid=20288, tid=8260
#
# JRE version: Java(TM) SE Runtime Environment (23.0.2+7) (build 23.0.2+7-58)
# Java VM: Java HotSpot(TM) 64-Bit Server VM (23.0.2+7-58, mixed mode, sharing, tiered, compressed oops, compressed class ptrs, g1 gc, windows-amd64)
# No core dump will be written. Minidumps are not enabled by default on client versions of Windows
#

---------------  S U M M A R Y ------------

Command Line: --enable-native-access=ALL-UNNAMED -Dclassworlds.conf=C:\Program Files\maven\bin\m2.conf -Dmaven.home=C:\Program Files\maven -Dlibrary.jansi.path=C:\Program Files\maven\lib\jansi-native -Dmaven.multiModuleProjectDirectory=C:\Users\Yattaqi\IdeaProjects\com.sportedu org.codehaus.plexus.classworlds.launcher.Launcher compile exec:java

Host: 12th Gen Intel(R) Core(TM) i3-1215U, 8 cores, 7G,  Windows 11 , 64 bit Build 26100 (10.0.26100.4484)
Time: Thu Jul 31 19:40:07 2025 SE Asia Standard Time elapsed time: 43.148016 seconds (0d 0h 0m 43s)

---------------  T H R E A D  ---------------

Current thread (0x000001ac7def8500):  JavaThread "JavaFX Application Thread"        [_thread_in_vm, id=8260, stack(0x000000a682500000,0x000000a682600000) (1024K)]

Stack: [0x000000a682500000,0x000000a682600000]
Native frames: (J=compiled Java code, j=interpreted, Vv=VM code, C=native code)
V  [jvm.dll+0x6e0b99]  (no source info available)
V  [jvm.dll+0x87e2b3]  (no source info available)
V  [jvm.dll+0x88073e]  (no source info available)
V  [jvm.dll+0x880e13]  (no source info available)
V  [jvm.dll+0x27b006]  (no source info available)
V  [jvm.dll+0x6dd485]  (no source info available)
V  [jvm.dll+0x6d127a]  (no source info available)
V  [jvm.dll+0x35b50a]  (no source info available)
V  [jvm.dll+0x363916]  (no source info available)
V  [jvm.dll+0x34fb7b]  (no source info available)
V  [jvm.dll+0x350204]  (no source info available)
V  [jvm.dll+0x34fd89]  (no source info available)
V  [jvm.dll+0x32902e]  (no source info available)
V  [jvm.dll+0x3273df]  (no source info available)
V  [jvm.dll+0x66ea7b]  (no source info available)
V  [jvm.dll+0x23a3f2]  (no source info available)
V  [jvm.dll+0x8410a7]  (no source info available)
V  [jvm.dll+0x3d44cc]  (no source info available)
C  0x000001ac2825b0c9  (no source info available)

The last pc belongs to newarray (printed below).
Java frames: (J=compiled Java code, j=interpreted, Vv=VM code)
j  com.sun.javafx.iio.jpeg.JPEGImageLoader.load(IIIZZ)Lcom/sun/javafx/iio/ImageFrame;+184
j  com.sun.javafx.iio.ImageStorage.loadAll(Lcom/sun/javafx/iio/ImageLoader;DDZFZ)[Lcom/sun/javafx/iio/ImageFrame;+54
j  com.sun.javafx.iio.ImageStorage.loadAll(Ljava/io/InputStream;Lcom/sun/javafx/iio/ImageLoadListener;DDZFZ)[Lcom/sun/javafx/iio/ImageFrame;+67
j  com.sun.javafx.tk.quantum.PrismImageLoader2.loadAll(Ljava/io/InputStream;DDZZ)V+22
j  com.sun.javafx.tk.quantum.PrismImageLoader2.<init>(Ljava/io/InputStream;DDZZ)V+13
j  com.sun.javafx.tk.quantum.QuantumToolkit.loadImage(Ljava/io/InputStream;DDZZ)Lcom/sun/javafx/tk/ImageLoader;+12
j  javafx.scene.image.Image.loadImage(Ljava/io/InputStream;DDZZ)Lcom/sun/javafx/tk/ImageLoader;+10
j  javafx.scene.image.Image.initialize(Ljava/lang/Object;)V+65
j  javafx.scene.image.Image.<init>(Ljava/io/InputStream;)V+16
j  com.sportedu.view.MatchingQuizFXView.createImageRow(Ljava/lang/String;Ljava/lang/String;I)Ljavafx/scene/layout/HBox;+72
j  com.sportedu.view.MatchingQuizFXView.createImageColumn()Ljavafx/scene/layout/VBox;+68
j  com.sportedu.view.MatchingQuizFXView.setupMatchingGame(Ljava/util/List;Ljava/util/List;Ljava/util/List;Ljava/util/List;)V+235
j  com.sportedu.view.MatchingQuizFXView.setRound(IILjava/util/List;Ljava/util/List;Ljava/util/List;)V+29
j  com.sportedu.presenter.MainPresenter.tampilkanMencocokkanGambarRound(I)V+422
j  com.sportedu.presenter.MainPresenter.startMencocokkanGambarQuiz()V+17
j  com.sportedu.presenter.MainPresenter.lambda$attachQuizModeSelectionPageEvents$46(Ljavafx/event/ActionEvent;)V+1
j  com.sportedu.presenter.MainPresenter$$Lambda+0x000001ac375214e0.handle(Ljavafx/event/Event;)V+8
J 9122 c1 com.sun.javafx.event.CompositeEventHandler.dispatchBubblingEvent(Ljavafx/event/Event;)V (57 bytes) @ 0x000001ac21aa4214 [0x000001ac21aa3ee0+0x0000000000000334]
J 8870 c1 com.sun.javafx.event.EventHandlerManager.dispatchBubblingEvent(Ljavafx/event/Event;)Ljavafx/event/Event; (23 bytes) @ 0x000001ac21422e0c [0x000001ac21422820+0x00000000000005ec]
J 8869 c1 com.sun.javafx.event.CompositeEventDispatcher.dispatchBubblingEvent(Ljavafx/event/Event;)Ljavafx/event/Event; (35 bytes) @ 0x000001ac21423534 [0x000001ac21423360+0x00000000000001d4]
J 8483 c1 com.sun.javafx.event.BasicEventDispatcher.dispatchEvent(Ljavafx/event/Event;Ljavafx/event/EventDispatchChain;)Ljavafx/event/Event; (44 bytes) @ 0x000001ac20d6d2bc [0x000001ac20d6cf80+0x000000000000033c]
J 8474 c1 com.sun.javafx.event.EventDispatchChainImpl.dispatchEvent(Ljavafx/event/Event;)Ljavafx/event/Event; (101 bytes) @ 0x000001ac20d6d874 [0x000001ac20d6d6c0+0x00000000000001b4]
J 8483 c1 com.sun.javafx.event.BasicEventDispatcher.dispatchEvent(Ljavafx/event/Event;Ljavafx/event/EventDispatchChain;)Ljavafx/event/Event; (44 bytes) @ 0x000001ac20d6d1dc [0x000001ac20d6cf80+0x000000000000025c]
J 8474 c1 com.sun.javafx.event.EventDispatchChainImpl.dispatchEvent(Ljavafx/event/Event;)Ljavafx/event/Event; (101 bytes) @ 0x000001ac20d6d874 [0x000001ac20d6d6c0+0x00000000000001b4]
J 8483 c1 com.sun.javafx.event.BasicEventDispatcher.dispatchEvent(Ljavafx/event/Event;Ljavafx/event/EventDispatchChain;)Ljavafx/event/Event; (44 bytes) @ 0x000001ac20d6d1dc [0x000001ac20d6cf80+0x000000000000025c]
J 8474 c1 com.sun.javafx.event.EventDispatchChainImpl.dispatchEvent(Ljavafx/event/Event;)Ljavafx/event/Event; (101 bytes) @ 0x000001ac20d6d874 [0x000001ac20d6d6c0+0x00000000000001b4]
J 8940 c1 com.sun.javafx.event.EventUtil.fireEvent(Ljavafx/event/EventTarget;Ljavafx/event/Event;)Ljavafx/event/Event; (81 bytes) @ 0x000001ac21a439a4 [0x000001ac21a42e00+0x0000000000000ba4]
J 8939 c1 javafx.event.Event.fireEvent(Ljavafx/event/EventTarget;Ljavafx/event/Event;)V (35 bytes) @ 0x000001ac21a42914 [0x000001ac21a42860+0x00000000000000b4]
j  javafx.scene.Node.fireEvent(Ljavafx/event/Event;)V+86
j  javafx.scene.control.Button.fire()V+15
j  com.sun.javafx.scene.control.behavior.ButtonBehavior.mouseReleased(Ljavafx/scene/input/MouseEvent;)V+27
j  com.sun.javafx.scene.control.behavior.ButtonBehavior$$Lambda+0x000001ac374d4400.handle(Ljavafx/event/Event;)V+8
j  com.sun.javafx.scene.control.inputmap.InputMap.handle(Ljavafx/event/Event;)V+61
j  com.sun.javafx.scene.control.inputmap.InputMap$$Lambda+0x000001ac374d3700.handle(Ljavafx/event/Event;)V+5
J 9122 c1 com.sun.javafx.event.CompositeEventHandler.dispatchBubblingEvent(Ljavafx/event/Event;)V (57 bytes) @ 0x000001ac21aa409c [0x000001ac21aa3ee0+0x00000000000001bc]
J 8870 c1 com.sun.javafx.event.EventHandlerManager.dispatchBubblingEvent(Ljavafx/event/Event;)Ljavafx/event/Event; (23 bytes) @ 0x000001ac21422e0c [0x000001ac21422820+0x00000000000005ec]
J 8869 c1 com.sun.javafx.event.CompositeEventDispatcher.dispatchBubblingEvent(Ljavafx/event/Event;)Ljavafx/event/Event; (35 bytes) @ 0x000001ac21423534 [0x000001ac21423360+0x00000000000001d4]
J 8483 c1 com.sun.javafx.event.BasicEventDispatcher.dispatchEvent(Ljavafx/event/Event;Ljavafx/event/EventDispatchChain;)Ljavafx/event/Event; (44 bytes) @ 0x000001ac20d6d2bc [0x000001ac20d6cf80+0x000000000000033c]
J 8474 c1 com.sun.javafx.event.EventDispatchChainImpl.dispatchEvent(Ljavafx/event/Event;)Ljavafx/event/Event; (101 bytes) @ 0x000001ac20d6d874 [0x000001ac20d6d6c0+0x00000000000001b4]
J 8483 c1 com.sun.javafx.event.BasicEventDispatcher.dispatchEvent(Ljavafx/event/Event;Ljavafx/event/EventDispatchChain;)Ljavafx/event/Event; (44 bytes) @ 0x000001ac20d6d1dc [0x000001ac20d6cf80+0x000000000000025c]
J 8474 c1 com.sun.javafx.event.EventDispatchChainImpl.dispatchEvent(Ljavafx/event/Event;)Ljavafx/event/Event; (101 bytes) @ 0x000001ac20d6d874 [0x000001ac20d6d6c0+0x00000000000001b4]
J 8483 c1 com.sun.javafx.event.BasicEventDispatcher.dispatchEvent(Ljavafx/event/Event;Ljavafx/event/EventDispatchChain;)Ljavafx/event/Event; (44 bytes) @ 0x000001ac20d6d1dc [0x000001ac20d6cf80+0x000000000000025c]
J 8474 c1 com.sun.javafx.event.EventDispatchChainImpl.dispatchEvent(Ljavafx/event/Event;)Ljavafx/event/Event; (101 bytes) @ 0x000001ac20d6d874 [0x000001ac20d6d6c0+0x00000000000001b4]
J 8940 c1 com.sun.javafx.event.EventUtil.fireEvent(Ljavafx/event/EventTarget;Ljavafx/event/Event;)Ljavafx/event/Event; (81 bytes) @ 0x000001ac21a435d4 [0x000001ac21a42e00+0x00000000000007d4]
J 9004 c1 javafx.scene.Scene$MouseHandler.process(Ljavafx/scene/input/MouseEvent;Z)V (735 bytes) @ 0x000001ac21a6ed14 [0x000001ac21a6cf80+0x0000000000001d94]
J 9003 c1 javafx.scene.Scene$MouseHandler.access$1200(Ljavafx/scene/Scene$MouseHandler;Ljavafx/scene/input/MouseEvent;Z)V (7 bytes) @ 0x000001ac21a6c804 [0x000001ac21a6c7a0+0x0000000000000064]
j  javafx.scene.Scene.processMouseEvent(Ljavafx/scene/input/MouseEvent;)V+6
j  javafx.scene.Scene$ScenePeerListener.mouseEvent(Ljavafx/event/EventType;DDDDLjavafx/scene/input/MouseButton;ZZZZZZZZZ)V+46
j  com.sun.javafx.tk.quantum.GlassViewEventHandler$MouseEventNotification.run()Ljava/lang/Void;+582
J 9015 c1 com.sun.javafx.tk.quantum.GlassViewEventHandler$$Lambda+0x000001ac374f3560.get()Ljava/lang/Object; (8 bytes) @ 0x000001ac21a74efc [0x000001ac21a74c40+0x00000000000002bc]
J 9006 c1 com.sun.javafx.tk.quantum.QuantumToolkit.runWithoutRenderLock(Ljava/util/function/Supplier;)Ljava/lang/Object; (49 bytes) @ 0x000001ac21a711b4 [0x000001ac21a70ce0+0x00000000000004d4]
j  com.sun.javafx.tk.quantum.GlassViewEventHandler.handleMouseEvent(Lcom/sun/glass/ui/View;JIIIIIIIZZ)V+103
j  com.sun.glass.ui.View.handleMouseEvent(JIIIIIIIZZ)V+30
J 9013 c1 com.sun.glass.ui.View.notifyMouse(IIIIIIIZZ)V (221 bytes) @ 0x000001ac21a7404c [0x000001ac21a73300+0x0000000000000d4c]
v  ~StubRoutines::call_stub 0x000001ac28240fcd
j  com.sun.glass.ui.win.WinApplication._runLoop(Ljava/lang/Runnable;)V+0
j  com.sun.glass.ui.win.WinApplication.lambda$runLoop$3(ILjava/lang/Runnable;)V+8
j  com.sun.glass.ui.win.WinApplication$$Lambda+0x000001ac373d8448.run()V+12
j  java.lang.Thread.runWith(Ljava/lang/Object;Ljava/lang/Runnable;)V+5 java.base@23.0.2
j  java.lang.Thread.run()V+19 java.base@23.0.2
v  ~StubRoutines::call_stub 0x000001ac28240fcd
Lock stack of current Java thread (top to bottom):

newarray  188 newarray  [0x000001ac2825b060, 0x000001ac2825b138]  216 bytes
[MachCode]
  0x000001ac2825b060: 8b04 2448 | 83c4 0841 | 0fb6 5501 | e805 0000 | 00e9 ab00 | 0000 4c8b | c048 8d44 | 2408 4c89 
  0x000001ac2825b080: 6dc0 498b | cfc5 f877 | 4989 afb0 | 0300 0049 | 8987 a003 | 0000 4883 | ec20 40f6 | c40f 0f84 
  0x000001ac2825b0a0: 1900 0000 | 4883 ec08 | 48b8 a044 | 0f1f fa7f | 0000 ffd0 | 4883 c408 | e90c 0000 | 0048 b8a0 
  0x000001ac2825b0c0: 440f 1ffa | 7f00 00ff | d048 83c4 | 2049 c787 | a003 0000 | 0000 0000 | 49c7 87b0 | 0300 0000 
  0x000001ac2825b0e0: 0000 0049 | c787 a803 | 0000 0000 | 0000 c5f8 | 7749 837f | 0800 0f84 | 0500 0000 | e9bf 5dfe 
  0x000001ac2825b100: ff49 8b87 | f803 0000 | 49c7 87f8 | 0300 0000 | 0000 004c | 8b6d c04c | 8b75 c84e | 8d74 f500 
  0x000001ac2825b120: c341 0fb6 | 5d02 4983 | c502 49ba | d085 9a1f | fa7f 0000 | 41ff 24da 
[/MachCode]

Compiled method (c1) 43355 9122       3       com.sun.javafx.event.CompositeEventHandler::dispatchBubblingEvent (57 bytes)
 total in heap  [0x000001ac21aa3d88,0x000001ac21aa4398] = 1552
 relocation     [0x000001ac21aa3e60,0x000001ac21aa3ed8] = 120
 main code      [0x000001ac21aa3ee0,0x000001ac21aa4300] = 1056
 stub code      [0x000001ac21aa4300,0x000001ac21aa4358] = 88
 oops           [0x000001ac21aa4358,0x000001ac21aa4360] = 8
 metadata       [0x000001ac21aa4360,0x000001ac21aa4398] = 56
 immutable data [0x000001ac35e5f860,0x000001ac35e5f9e8] = 392
 dependencies   [0x000001ac35e5f860,0x000001ac35e5f878] = 24
 nul chk table  [0x000001ac35e5f878,0x000001ac35e5f898] = 32
 scopes pcs     [0x000001ac35e5f898,0x000001ac35e5f958] = 192
 scopes data    [0x000001ac35e5f958,0x000001ac35e5f9e8] = 144

[Constant Pool (empty)]

[MachCode]
[Instructions begin]
  0x000001ac21aa3ee0: 6666 660f | 1f84 0000 | 0000 0066 | 6666 9066 | 6690 448b | 5208 443b 

  0x000001ac21aa3ef8: ;   {runtime_call ic_miss_stub}
  0x000001ac21aa3ef8: 5008 0f85 | e0a5 7e06 
[Verified Entry Point]
  0x000001ac21aa3f00: 8984 2400 | 80ff ff55 | 4883 ec50 | 4181 7f20 | 0500 0000 

  0x000001ac21aa3f14: ;   {runtime_call StubRoutines (final stubs)}
  0x000001ac21aa3f14: 7405 e825 | 387d 0648 | 8954 2440 | 4c89 4424 

  0x000001ac21aa3f24: ;   {metadata(method data for {method} {0x000001ac78df7478} 'dispatchBubblingEvent' '(Ljavafx/event/Event;)V' in 'com/sun/javafx/event/CompositeEventHandler')}
  0x000001ac21aa3f24: 3848 be50 | 451e 79ac | 0100 008b | becc 0000 | 0083 c702 | 89be cc00 | 0000 81e7 | fe07 0000 
  0x000001ac21aa3f44: 85ff 0f84 | e302 0000 | 8b72 0ce9 | b401 0000 | 0f1f 4000 

  0x000001ac21aa3f58: ; implicit exception: dispatches to 0x000001ac21aa4250
  0x000001ac21aa3f58: 483b 0648 

  0x000001ac21aa3f5c: ;   {metadata(method data for {method} {0x000001ac78df7478} 'dispatchBubblingEvent' '(Ljavafx/event/Event;)V' in 'com/sun/javafx/event/CompositeEventHandler')}
  0x000001ac21aa3f5c: 8bfe 48bb | 5045 1e79 | ac01 0000 | 4883 8338 | 0100 0001 

  0x000001ac21aa3f70: ;   {metadata(method data for {method} {0x000001ac78df9b80} 'isDisconnected' '()Z' in 'com/sun/javafx/event/CompositeEventHandler$NormalEventHandlerRecord')}
  0x000001ac21aa3f70: 48bf f8f6 | 2579 ac01 | 0000 8b9f | cc00 0000 | 83c3 0289 | 9fcc 0000 | 0081 e3fe | ff1f 0085 
  0x000001ac21aa3f90: db0f 84be 

  0x000001ac21aa3f94: ;   {metadata(method data for {method} {0x000001ac78df7478} 'dispatchBubblingEvent' '(Ljavafx/event/Event;)V' in 'com/sun/javafx/event/CompositeEventHandler')}
  0x000001ac21aa3f94: 0200 0048 | bf50 451e | 79ac 0100 | 00ff 8768 | 0100 0048 

  0x000001ac21aa3fa8: ;   {metadata(method data for {method} {0x000001ac78df7478} 'dispatchBubblingEvent' '(Ljavafx/event/Event;)V' in 'com/sun/javafx/event/CompositeEventHandler')}
  0x000001ac21aa3fa8: 8bfe 48bb | 5045 1e79 | ac01 0000 | 4883 83b0 | 0100 0001 

  0x000001ac21aa3fbc: ;   {metadata(method data for {method} {0x000001ac78df9a50} 'handleBubblingEvent' '(Ljavafx/event/Event;)V' in 'com/sun/javafx/event/CompositeEventHandler$NormalEventHandlerRecord')}
  0x000001ac21aa3fbc: 48bf 68f1 | 2479 ac01 | 0000 8b9f | cc00 0000 | 83c3 0289 | 9fcc 0000 | 0081 e3fe | ff1f 0085 
  0x000001ac21aa3fdc: db0f 8493 | 0200 008b | 7e14 483b | 0748 8bdf 

  0x000001ac21aa3fec: ;   {metadata(method data for {method} {0x000001ac78df9a50} 'handleBubblingEvent' '(Ljavafx/event/Event;)V' in 'com/sun/javafx/event/CompositeEventHandler$NormalEventHandlerRecord')}
  0x000001ac21aa3fec: 48b8 68f1 | 2479 ac01 | 0000 8b5b | 0849 ba00 | 0000 36ac | 0100 0049 | 03da 483b | 9820 0100 
  0x000001ac21aa400c: 0075 0d48 | 8380 2801 | 0000 01e9 | 6000 0000 | 483b 9830 | 0100 0075 | 0d48 8380 | 3801 0000 
  0x000001ac21aa402c: 01e9 4a00 | 0000 4883 | b820 0100 | 0000 7517 | 4889 9820 | 0100 0048 | c780 2801 | 0000 0100 
  0x000001ac21aa404c: 0000 e929 | 0000 0048 | 83b8 3001 | 0000 0075 | 1748 8998 | 3001 0000 | 48c7 8038 | 0100 0001 
  0x000001ac21aa406c: 0000 00e9 | 0800 0000 | 4883 8018 | 0100 0001 | 498b d84c | 8bc3 488b | d748 8974 | 2430 6666 
  0x000001ac21aa408c: 9048 b8f0 | 9f2f 7bac 

  0x000001ac21aa4094: ;   {virtual_call}
  0x000001ac21aa4094: 0100 00e8 

  0x000001ac21aa4098: ; ImmutableOopMap {[48]=Oop [56]=Oop [64]=Oop }
                      ;*invokeinterface handle {reexecute=0 rethrow=0 return_oop=0}
                      ; - com.sun.javafx.event.CompositeEventHandler$NormalEventHandlerRecord::handleBubblingEvent@5 (line 218)
                      ; - com.sun.javafx.event.CompositeEventHandler::dispatchBubblingEvent@28 (line 80)
  0x000001ac21aa4098: 346f 8b06 

  0x000001ac21aa409c: ;   {other}
  0x000001ac21aa409c: 0f1f 8400 | 1403 0000 | 488b 7424 

  0x000001ac21aa40a8: ;   {metadata(method data for {method} {0x000001ac78df7478} 'dispatchBubblingEvent' '(Ljavafx/event/Event;)V' in 'com/sun/javafx/event/CompositeEventHandler')}
  0x000001ac21aa40a8: 3049 b850 | 451e 79ac | 0100 0049 | 8380 e001 | 0000 0144 

  0x000001ac21aa40bc: ;   {metadata(method data for {method} {0x000001ac78df7478} 'dispatchBubblingEvent' '(Ljavafx/event/Event;)V' in 'com/sun/javafx/event/CompositeEventHandler')}
  0x000001ac21aa40bc: 8b46 0c48 | ba50 451e | 79ac 0100 | 008b b2d0 | 0000 0083 | c602 89b2 | d000 0000 | 81e6 fe3f 
  0x000001ac21aa40dc: 0000 85f6 | 0f84 b601 | 0000 4d8b | 9750 0400 

  0x000001ac21aa40ec: ; ImmutableOopMap {r8=Oop [56]=Oop [64]=Oop }
                      ;*goto {reexecute=1 rethrow=0 return_oop=0}
                      ; - (reexecute) com.sun.javafx.event.CompositeEventHandler::dispatchBubblingEvent@36 (line 82)
                      ;   {poll}
  0x000001ac21aa40ec: 0041 8502 

  0x000001ac21aa40f0: ;   {metadata(method data for {method} {0x000001ac78df7478} 'dispatchBubblingEvent' '(Ljavafx/event/Event;)V' in 'com/sun/javafx/event/CompositeEventHandler')}
  0x000001ac21aa40f0: 48ba 5045 | 1e79 ac01 | 0000 ff82 | f001 0000 | 498b f04c | 8b44 2438 

  0x000001ac21aa4108: ;   {metadata(method data for {method} {0x000001ac78df7478} 'dispatchBubblingEvent' '(Ljavafx/event/Event;)V' in 'com/sun/javafx/event/CompositeEventHandler')}
  0x000001ac21aa4108: 4885 f648 | bf50 451e | 79ac 0100 | 00bb 2801 | 0000 7505 | bb18 0100 | 0048 8b04 | 1f48 8d40 
  0x000001ac21aa4128: 0148 8904 | 1f0f 8525 | feff ff48 | 8b54 2440 | 8b52 1448 

  0x000001ac21aa413c: ;   {metadata(method data for {method} {0x000001ac78df7478} 'dispatchBubblingEvent' '(Ljavafx/event/Event;)V' in 'com/sun/javafx/event/CompositeEventHandler')}
  0x000001ac21aa413c: 85d2 49b8 | 5045 1e79 | ac01 0000 | be08 0200 | 0074 05be | 1802 0000 | 498b 3c30 | 488d 7f01 
  0x000001ac21aa415c: 4989 3c30 | 0f84 b600 | 0000 4c8b | 4424 3848 | 3b02 488b 

  0x000001ac21aa4170: ;   {metadata(method data for {method} {0x000001ac78df7478} 'dispatchBubblingEvent' '(Ljavafx/event/Event;)V' in 'com/sun/javafx/event/CompositeEventHandler')}
  0x000001ac21aa4170: f248 bf50 | 451e 79ac | 0100 008b | 7608 49ba | 0000 0036 | ac01 0000 | 4903 f248 | 3bb7 3002 
  0x000001ac21aa4190: 0000 750d | 4883 8738 | 0200 0001 | e960 0000 | 0048 3bb7 | 4002 0000 | 750d 4883 | 8748 0200 
  0x000001ac21aa41b0: 0001 e94a | 0000 0048 | 83bf 3002 | 0000 0075 | 1748 89b7 | 3002 0000 | 48c7 8738 | 0200 0001 
  0x000001ac21aa41d0: 0000 00e9 | 2900 0000 | 4883 bf40 | 0200 0000 | 7517 4889 | b740 0200 | 0048 c787 | 4802 0000 
  0x000001ac21aa41f0: 0100 0000 | e908 0000 | 0048 8387 | 2802 0000 | 010f 1f40 | 0048 b818 | a02f 7bac 

  0x000001ac21aa420c: ;   {virtual_call}
  0x000001ac21aa420c: 0100 00e8 

  0x000001ac21aa4210: ; ImmutableOopMap {}
                      ;*invokeinterface handle {reexecute=0 rethrow=0 return_oop=0}
                      ; - com.sun.javafx.event.CompositeEventHandler::dispatchBubblingEvent@51 (line 86)
  0x000001ac21aa4210: 01fd 7e06 

  0x000001ac21aa4214: ;   {other}
  0x000001ac21aa4214: 0f1f 8400 | 8c04 0002 | 4883 c450 

  0x000001ac21aa4220: ;   {poll_return}
  0x000001ac21aa4220: 5d49 3ba7 | 4804 0000 | 0f87 9400 

  0x000001ac21aa422c: ;   {metadata({method} {0x000001ac78df7478} 'dispatchBubblingEvent' '(Ljavafx/event/Event;)V' in 'com/sun/javafx/event/CompositeEventHandler')}
  0x000001ac21aa422c: 0000 c349 | ba70 74df | 78ac 0100 | 004c 8954 | 2408 48c7 | 0424 ffff 

  0x000001ac21aa4244: ;   {runtime_call counter_overflow Runtime1 stub}
  0x000001ac21aa4244: ffff e815 

  0x000001ac21aa4248: ; ImmutableOopMap {rdx=Oop r8=Oop [56]=Oop [64]=Oop }
                      ;*synchronization entry
                      ; - com.sun.javafx.event.CompositeEventHandler::dispatchBubblingEvent@-1 (line 73)
  0x000001ac21aa4248: 3a8b 06e9 | fcfc ffff 

  0x000001ac21aa4250: ;   {runtime_call throw_null_pointer_exception Runtime1 stub}
  0x000001ac21aa4250: e80b e489 

  0x000001ac21aa4254: ; ImmutableOopMap {r8=Oop rsi=Oop [56]=Oop [64]=Oop }
                      ;*invokevirtual isDisconnected {reexecute=0 rethrow=0 return_oop=0}
                      ; - com.sun.javafx.event.CompositeEventHandler::dispatchBubblingEvent@12 (line 77)
                      ;   {metadata({method} {0x000001ac78df9b80} 'isDisconnected' '()Z' in 'com/sun/javafx/event/CompositeEventHandler$NormalEventHandlerRecord')}
  0x000001ac21aa4254: 0649 ba78 | 9bdf 78ac | 0100 004c | 8954 2408 | 48c7 0424 | ffff ffff 

  0x000001ac21aa426c: ;   {runtime_call counter_overflow Runtime1 stub}
  0x000001ac21aa426c: e8ef 398b 

  0x000001ac21aa4270: ; ImmutableOopMap {r8=Oop rsi=Oop [56]=Oop [64]=Oop }
                      ;*synchronization entry
                      ; - com.sun.javafx.event.CompositeEventHandler$NormalEventHandlerRecord::isDisconnected@-1 (line 227)
                      ; - com.sun.javafx.event.CompositeEventHandler::dispatchBubblingEvent@12 (line 77)
  0x000001ac21aa4270: 06e9 21fd 

  0x000001ac21aa4274: ;   {metadata({method} {0x000001ac78df9a50} 'handleBubblingEvent' '(Ljavafx/event/Event;)V' in 'com/sun/javafx/event/CompositeEventHandler$NormalEventHandlerRecord')}
  0x000001ac21aa4274: ffff 49ba | 489a df78 | ac01 0000 | 4c89 5424 | 0848 c704 | 24ff ffff 

  0x000001ac21aa428c: ;   {runtime_call counter_overflow Runtime1 stub}
  0x000001ac21aa428c: ffe8 ce39 

  0x000001ac21aa4290: ; ImmutableOopMap {r8=Oop rsi=Oop [56]=Oop [64]=Oop }
                      ;*synchronization entry
                      ; - com.sun.javafx.event.CompositeEventHandler$NormalEventHandlerRecord::handleBubblingEvent@-1 (line 218)
                      ; - com.sun.javafx.event.CompositeEventHandler::dispatchBubblingEvent@28 (line 80)
  0x000001ac21aa4290: 8b06 e94c 

  0x000001ac21aa4294: ;   {runtime_call throw_null_pointer_exception Runtime1 stub}
  0x000001ac21aa4294: fdff ffe8 

  0x000001ac21aa4298: ; ImmutableOopMap {r8=Oop rsi=Oop rdi=Oop [56]=Oop [64]=Oop }
                      ;*invokeinterface handle {reexecute=0 rethrow=0 return_oop=0}
                      ; - com.sun.javafx.event.CompositeEventHandler$NormalEventHandlerRecord::handleBubblingEvent@5 (line 218)
                      ; - com.sun.javafx.event.CompositeEventHandler::dispatchBubblingEvent@28 (line 80)
  0x000001ac21aa4298: c4e3 8906 

  0x000001ac21aa429c: ;   {metadata({method} {0x000001ac78df7478} 'dispatchBubblingEvent' '(Ljavafx/event/Event;)V' in 'com/sun/javafx/event/CompositeEventHandler')}
  0x000001ac21aa429c: 49ba 7074 | df78 ac01 | 0000 4c89 | 5424 0848 | c704 2424 

  0x000001ac21aa42b0: ;   {runtime_call counter_overflow Runtime1 stub}
  0x000001ac21aa42b0: 0000 00e8 

  0x000001ac21aa42b4: ; ImmutableOopMap {r8=Oop [56]=Oop [64]=Oop }
                      ;*goto {reexecute=1 rethrow=0 return_oop=0}
                      ; - (reexecute) com.sun.javafx.event.CompositeEventHandler::dispatchBubblingEvent@36 (line 82)
  0x000001ac21aa42b4: a839 8b06 | e929 feff 

  0x000001ac21aa42bc: ;   {runtime_call throw_null_pointer_exception Runtime1 stub}
  0x000001ac21aa42bc: ffe8 9ee3 

  0x000001ac21aa42c0: ; ImmutableOopMap {r8=Oop rdx=Oop [56]=Oop }
                      ;*invokeinterface handle {reexecute=0 rethrow=0 return_oop=0}
                      ; - com.sun.javafx.event.CompositeEventHandler::dispatchBubblingEvent@51 (line 86)
                      ;   {internal_word}
  0x000001ac21aa42c0: 8906 49ba | 2142 aa21 | ac01 0000 | 4d89 9760 

  0x000001ac21aa42d0: ;   {runtime_call SafepointBlob}
  0x000001ac21aa42d0: 0400 00e9 | 0811 7f06 | 498b 8700 | 0500 0049 | c787 0005 | 0000 0000 | 0000 49c7 | 8708 0500 
  0x000001ac21aa42f0: 0000 0000 | 0048 83c4 

  0x000001ac21aa42f8: ;   {runtime_call unwind_exception Runtime1 stub}
  0x000001ac21aa42f8: 505d e9e1 | cf89 06f4 
[Stub Code]
  0x000001ac21aa4300: ;   {no_reloc}
  0x000001ac21aa4300: 0f1f 4400 

  0x000001ac21aa4304: ;   {static_stub}
  0x000001ac21aa4304: 0048 bb00 | 0000 0000 

  0x000001ac21aa430c: ;   {runtime_call nmethod}
  0x000001ac21aa430c: 0000 00e9 | fbff ffff 

  0x000001ac21aa4314: ;   {static_stub}
  0x000001ac21aa4314: 9048 bb00 | 0000 0000 

  0x000001ac21aa431c: ;   {runtime_call nmethod}
  0x000001ac21aa431c: 0000 00e9 | fbff ffff 
[Exception Handler]
  0x000001ac21aa4324: ;   {runtime_call handle_exception_from_callee Runtime1 stub}
  0x000001ac21aa4324: e837 018a 

  0x000001ac21aa4328: ;   {external_word}
  0x000001ac21aa4328: 0648 b940 | e56e 1ffa | 7f00 0048 

  0x000001ac21aa4334: ;   {runtime_call}
  0x000001ac21aa4334: 83e4 f048 | b850 4d35 | 1ffa 7f00 | 00ff d0f4 
[Deopt Handler Code]
  0x000001ac21aa4344: ;   {section_word}
  0x000001ac21aa4344: 49ba 4443 | aa21 ac01 | 0000 4152 

  0x000001ac21aa4350: ;   {runtime_call DeoptimizationBlob}
  0x000001ac21aa4350: e92b 037f | 06f4 f4f4 
[/MachCode]


Compiled method (c1) 43367 8870       3       com.sun.javafx.event.EventHandlerManager::dispatchBubblingEvent (23 bytes)
 total in heap  [0x000001ac21422688,0x000001ac21423080] = 2552
 relocation     [0x000001ac21422760,0x000001ac21422808] = 168
 main code      [0x000001ac21422820,0x000001ac21422fc0] = 1952
 stub code      [0x000001ac21422fc0,0x000001ac21423038] = 120
 oops           [0x000001ac21423038,0x000001ac21423040] = 8
 metadata       [0x000001ac21423040,0x000001ac21423080] = 64
 immutable data [0x000001ac7d2f4270,0x000001ac7d2f44c8] = 600
 dependencies   [0x000001ac7d2f4270,0x000001ac7d2f4288] = 24
 nul chk table  [0x000001ac7d2f4288,0x000001ac7d2f42b8] = 48
 scopes pcs     [0x000001ac7d2f42b8,0x000001ac7d2f43c8] = 272
 scopes data    [0x000001ac7d2f43c8,0x000001ac7d2f44c8] = 256

[Constant Pool (empty)]

[MachCode]
[Instructions begin]
  0x000001ac21422820: 6666 660f | 1f84 0000 | 0000 0066 | 6666 9066 | 6690 448b | 5208 443b 

  0x000001ac21422838: ;   {runtime_call ic_miss_stub}
  0x000001ac21422838: 5008 0f85 | a0bc e606 
[Verified Entry Point]
  0x000001ac21422840: 8984 2400 | 80ff ff55 | 4881 eca0 | 0000 0090 | 4181 7f20 | 0500 0000 

  0x000001ac21422858: ;   {runtime_call StubRoutines (final stubs)}
  0x000001ac21422858: 7405 e8e1 | 4ee5 0648 | 8954 2470 

  0x000001ac21422864: ;   {metadata(method data for {method} {0x000001ac78bc8618} 'dispatchBubblingEvent' '(Ljavafx/event/Event;)Ljavafx/event/Event;' in 'com/sun/javafx/event/EventHandlerManager')}
  0x000001ac21422864: 48be 18a9 | 2279 ac01 | 0000 8bbe | cc00 0000 | 83c7 0289 | becc 0000 | 0081 e7fe | 0700 0085 
  0x000001ac21422884: ff0f 844d | 0600 0049 | 3b00 498b 

  0x000001ac21422890: ;   {metadata(method data for {method} {0x000001ac78bc8618} 'dispatchBubblingEvent' '(Ljavafx/event/Event;)Ljavafx/event/Event;' in 'com/sun/javafx/event/EventHandlerManager')}
  0x000001ac21422890: f048 bf18 | a922 79ac | 0100 008b | 7608 49ba | 0000 0036 | ac01 0000 | 4903 f248 | 3bb7 2001 
  0x000001ac214228b0: 0000 750d | 4883 8728 | 0100 0001 | e960 0000 | 0048 3bb7 | 3001 0000 | 750d 4883 | 8738 0100 
  0x000001ac214228d0: 0001 e94a | 0000 0048 | 83bf 2001 | 0000 0075 | 1748 89b7 | 2001 0000 | 48c7 8728 | 0100 0001 
  0x000001ac214228f0: 0000 00e9 | 2900 0000 | 4883 bf30 | 0100 0000 | 7517 4889 | b730 0100 | 0048 c787 | 3801 0000 
  0x000001ac21422910: 0100 0000 | e908 0000 | 0048 8387 | 1801 0000 | 0149 8bd0 | 4c89 4424 | 680f 1f40 | 0048 b860 
  0x000001ac21422930: e473 7eac 

  0x000001ac21422934: ;   {virtual_call}
  0x000001ac21422934: 0100 00e8 

  0x000001ac21422938: ; ImmutableOopMap {[104]=Oop [112]=Oop }
                      ;*invokevirtual getEventType {reexecute=0 rethrow=0 return_oop=0}
                      ; - com.sun.javafx.event.EventHandlerManager::dispatchBubblingEvent@1 (line 189)
  0x000001ac21422938: 3486 f306 

  0x000001ac2142293c: ;   {other}
  0x000001ac2142293c: 0f1f 8400 | b402 0000 | 4c8b 4424 | 684c 8944 | 2478 6690 | 488b 5424 | 7048 8bf2 

  0x000001ac21422958: ;   {metadata(method data for {method} {0x000001ac78bc8618} 'dispatchBubblingEvent' '(Ljavafx/event/Event;)Ljavafx/event/Event;' in 'com/sun/javafx/event/EventHandlerManager')}
  0x000001ac21422958: 48bf 18a9 | 2279 ac01 | 0000 4883 | 8748 0100 

  0x000001ac21422968: ;   {metadata(method data for {method} {0x000001ac78bc8930} 'dispatchBubblingEvent' '(Ljavafx/event/EventType;Ljavafx/event/Event;)Ljavafx/event/Event;' in 'com/sun/javafx/event/EventHandlerManager')}
  0x000001ac21422968: 0001 48be | 2843 1e79 | ac01 0000 | 8bbe cc00 | 0000 83c7 | 0289 becc | 0000 0081 | e7fe ff1f 
  0x000001ac21422988: 0085 ff0f | 846d 0500 | 008b 7214 

  0x000001ac21422994: ; implicit exception: dispatches to 0x000001ac21422f1f
  0x000001ac21422994: 483b 0648 

  0x000001ac21422998: ;   {metadata(method data for {method} {0x000001ac78bc8930} 'dispatchBubblingEvent' '(Ljavafx/event/EventType;Ljavafx/event/Event;)Ljavafx/event/Event;' in 'com/sun/javafx/event/EventHandlerManager')}
  0x000001ac21422998: 8bfe 48bb | 2843 1e79 | ac01 0000 | 8b7f 0849 | ba00 0000 | 36ac 0100 | 0049 03fa | 483b bb20 
  0x000001ac214229b8: 0100 0075 | 0d48 8383 | 2801 0000 | 01e9 6000 | 0000 483b | bb30 0100 | 0075 0d48 | 8383 3801 
  0x000001ac214229d8: 0000 01e9 | 4a00 0000 | 4883 bb20 | 0100 0000 | 7517 4889 | bb20 0100 | 0048 c783 | 2801 0000 
  0x000001ac214229f8: 0100 0000 | e929 0000 | 0048 83bb | 3001 0000 | 0075 1748 | 89bb 3001 | 0000 48c7 | 8338 0100 
  0x000001ac21422a18: 0001 0000 | 00e9 0800 | 0000 4883 | 8318 0100 | 0001 4c8b | c048 8bd6 | 4889 8424 | 8000 0000 
  0x000001ac21422a38: 0f1f 4400 | 0048 b888 | e473 7eac 

  0x000001ac21422a44: ;   {virtual_call}
  0x000001ac21422a44: 0100 00e8 

  0x000001ac21422a48: ; ImmutableOopMap {[112]=Oop [120]=Oop [128]=Oop }
                      ;*invokeinterface get {reexecute=0 rethrow=0 return_oop=0}
                      ; - com.sun.javafx.event.EventHandlerManager::dispatchBubblingEvent@5 (line 232)
                      ; - com.sun.javafx.event.EventHandlerManager::dispatchBubblingEvent@8 (line 191)
  0x000001ac21422a48: 768b 6c07 

  0x000001ac21422a4c: ;   {other}
  0x000001ac21422a4c: 0f1f 8400 | c403 0001 

  0x000001ac21422a54: ;   {metadata(method data for {method} {0x000001ac78bc8930} 'dispatchBubblingEvent' '(Ljavafx/event/EventType;Ljavafx/event/Event;)Ljavafx/event/Event;' in 'com/sun/javafx/event/EventHandlerManager')}
  0x000001ac21422a54: 4885 c049 | b928 431e | 79ac 0100 | 0075 0d41 | 8089 4101 | 0000 01e9 | af00 0000 | 8b50 0849 
  0x000001ac21422a74: ba00 0000 | 36ac 0100 | 0049 03d2 | 493b 9150 | 0100 0075 | 0d49 8381 | 5801 0000 | 01e9 6000 
  0x000001ac21422a94: 0000 493b | 9160 0100 | 0075 0d49 | 8381 6801 | 0000 01e9 | 4a00 0000 | 4983 b950 | 0100 0000 
  0x000001ac21422ab4: 7517 4989 | 9150 0100 | 0049 c781 | 5801 0000 | 0100 0000 | e929 0000 | 0049 83b9 | 6001 0000 
  0x000001ac21422ad4: 0075 1749 | 8991 6001 | 0000 49c7 | 8168 0100 | 0001 0000 | 00e9 0800 | 0000 4983 | 8148 0100 
  0x000001ac21422af4: ;   {metadata('com/sun/javafx/event/CompositeEventHandler')}
  0x000001ac21422af4: 0001 48ba | 60bd 4637 | ac01 0000 | 448b 4008 | 49ba 0000 | 0036 ac01 | 0000 4d03 | c249 3bd0 
  0x000001ac21422b14: 0f85 0a04 | 0000 e900 | 0000 0048 | 8bf0 4885 

  0x000001ac21422b24: ;   {metadata(method data for {method} {0x000001ac78bc8930} 'dispatchBubblingEvent' '(Ljavafx/event/EventType;Ljavafx/event/Event;)Ljavafx/event/Event;' in 'com/sun/javafx/event/EventHandlerManager')}
  0x000001ac21422b24: f649 b828 | 431e 79ac | 0100 0041 | b988 0100 | 0075 0641 | b978 0100 | 004b 8b14 | 0848 8d52 
  0x000001ac21422b44: 014b 8914 | 080f 850a | 0000 004c | 8b44 2478 | e9c3 0200 | 0048 8b7c | 2478 488b | 5424 7044 
  0x000001ac21422b64: ;   {metadata(method data for {method} {0x000001ac78bc8930} 'dispatchBubblingEvent' '(Ljavafx/event/EventType;Ljavafx/event/Event;)Ljavafx/event/Event;' in 'com/sun/javafx/event/EventHandlerManager')}
  0x000001ac21422b64: 8b42 1849 | b928 431e | 79ac 0100 | 0049 8381 | 9801 0000 

  0x000001ac21422b78: ;   {metadata(method data for {method} {0x000001ac78bc89f0} 'fixEventSource' '(Ljavafx/event/Event;Ljava/lang/Object;)Ljavafx/event/Event;' in 'com/sun/javafx/event/EventHandlerManager')}
  0x000001ac21422b78: 0149 b928 | 421b 79ac | 0100 0041 | 8b99 cc00 | 0000 83c3 | 0241 8999 | cc00 0000 | 81e3 feff 
  0x000001ac21422b98: 1f00 85db | 0f84 8b03 | 0000 483b | 074c 8bcf 

  0x000001ac21422ba8: ;   {metadata(method data for {method} {0x000001ac78bc89f0} 'fixEventSource' '(Ljavafx/event/Event;Ljava/lang/Object;)Ljavafx/event/Event;' in 'com/sun/javafx/event/EventHandlerManager')}
  0x000001ac21422ba8: 48bb 2842 | 1b79 ac01 | 0000 458b | 4908 49ba | 0000 0036 | ac01 0000 | 4d03 ca4c | 3b8b 2001 
  0x000001ac21422bc8: 0000 750d | 4883 8328 | 0100 0001 | e960 0000 | 004c 3b8b | 3001 0000 | 750d 4883 | 8338 0100 
  0x000001ac21422be8: 0001 e94a | 0000 0048 | 83bb 2001 | 0000 0075 | 174c 898b | 2001 0000 | 48c7 8328 | 0100 0001 
  0x000001ac21422c08: 0000 00e9 | 2900 0000 | 4883 bb30 | 0100 0000 | 7517 4c89 | 8b30 0100 | 0048 c783 | 3801 0000 
  0x000001ac21422c28: 0100 0000 | e908 0000 | 0048 8383 | 1801 0000 | 0144 8b4f | 0c4d 3bc8 

  0x000001ac21422c40: ;   {metadata(method data for {method} {0x000001ac78bc89f0} 'fixEventSource' '(Ljavafx/event/Event;Ljava/lang/Object;)Ljavafx/event/Event;' in 'com/sun/javafx/event/EventHandlerManager')}
  0x000001ac21422c40: 49b9 2842 | 1b79 ac01 | 0000 bb48 | 0100 0074 | 05bb 5801 | 0000 498b | 0419 488d | 4001 4989 
  0x000001ac21422c60: 0419 4889 | b424 8800 | 0000 0f84 | 6201 0000 

  0x000001ac21422c70: ;   {metadata(method data for {method} {0x000001ac78bc89f0} 'fixEventSource' '(Ljavafx/event/Event;Ljava/lang/Object;)Ljavafx/event/Event;' in 'com/sun/javafx/event/EventHandlerManager')}
  0x000001ac21422c70: 4c8b cf48 | bb28 421b | 79ac 0100 | 0045 8b49 | 0849 ba00 | 0000 36ac | 0100 004d | 03ca 4c3b 
  0x000001ac21422c90: 8b70 0100 | 0075 0d48 | 8383 7801 | 0000 01e9 | 6000 0000 | 4c3b 8b80 | 0100 0075 | 0d48 8383 
  0x000001ac21422cb0: 8801 0000 | 01e9 4a00 | 0000 4883 | bb70 0100 | 0000 7517 | 4c89 8b70 | 0100 0048 | c783 7801 
  0x000001ac21422cd0: 0000 0100 | 0000 e929 | 0000 0048 | 83bb 8001 | 0000 0075 | 174c 898b | 8001 0000 | 48c7 8388 
  0x000001ac21422cf0: 0100 0001 | 0000 00e9 | 0800 0000 | 4883 8368 | 0100 0001 | 448b 4f18 

  0x000001ac21422d08: ;   {metadata(method data for {method} {0x000001ac78bc89f0} 'fixEventSource' '(Ljavafx/event/Event;Ljava/lang/Object;)Ljavafx/event/Event;' in 'com/sun/javafx/event/EventHandlerManager')}
  0x000001ac21422d08: 488b df48 | b828 421b | 79ac 0100 | 008b 5b08 | 49ba 0000 | 0036 ac01 | 0000 4903 | da48 3b98 
  0x000001ac21422d28: a001 0000 | 750d 4883 | 80a8 0100 | 0001 e960 | 0000 0048 | 3b98 b001 | 0000 750d | 4883 80b8 
  0x000001ac21422d48: 0100 0001 | e94a 0000 | 0048 83b8 | a001 0000 | 0075 1748 | 8998 a001 | 0000 48c7 | 80a8 0100 
  0x000001ac21422d68: 0001 0000 | 00e9 2900 | 0000 4883 | b8b0 0100 | 0000 7517 | 4889 98b0 | 0100 0048 | c780 b801 
  0x000001ac21422d88: 0000 0100 | 0000 e908 | 0000 0048 | 8380 9801 | 0000 0148 | 8bd7 0f1f | 8000 0000 | 0048 b8b0 
  0x000001ac21422da8: e473 7eac 

  0x000001ac21422dac: ;   {virtual_call}
  0x000001ac21422dac: 0100 00e8 

  0x000001ac21422db0: ; ImmutableOopMap {[112]=Oop [128]=Oop [136]=Oop }
                      ;*invokevirtual copyFor {reexecute=0 rethrow=0 return_oop=0}
                      ; - com.sun.javafx.event.EventHandlerManager::fixEventSource@14 (line 247)
                      ; - com.sun.javafx.event.EventHandlerManager::dispatchBubblingEvent@23 (line 237)
                      ; - com.sun.javafx.event.EventHandlerManager::dispatchBubblingEvent@8 (line 191)
  0x000001ac21422db0: 2cbd e606 

  0x000001ac21422db4: ;   {other}
  0x000001ac21422db4: 0f1f 8400 | 2c07 0002 

  0x000001ac21422dbc: ;   {metadata(method data for {method} {0x000001ac78bc89f0} 'fixEventSource' '(Ljavafx/event/Event;Ljava/lang/Object;)Ljavafx/event/Event;' in 'com/sun/javafx/event/EventHandlerManager')}
  0x000001ac21422dbc: 49b8 2842 | 1b79 ac01 | 0000 41ff | 80c8 0100 | 00e9 0300 | 0000 488b | c748 8bb4 | 2488 0000 
  0x000001ac21422ddc: 0048 3b06 

  0x000001ac21422de0: ;   {metadata(method data for {method} {0x000001ac78bc8930} 'dispatchBubblingEvent' '(Ljavafx/event/EventType;Ljavafx/event/Event;)Ljavafx/event/Event;' in 'com/sun/javafx/event/EventHandlerManager')}
  0x000001ac21422de0: 4c8b c648 | ba28 431e | 79ac 0100 | 0048 8382 | a801 0000 | 014c 8bc0 | 488b d648 | 8984 2490 
  0x000001ac21422e00: 0000 000f 

  0x000001ac21422e04: ;   {optimized virtual_call}
  0x000001ac21422e04: 1f40 00e8 

  0x000001ac21422e08: ; ImmutableOopMap {[112]=Oop [128]=Oop [144]=Oop }
                      ;*invokevirtual dispatchBubblingEvent {reexecute=0 rethrow=0 return_oop=0}
                      ; - com.sun.javafx.event.EventHandlerManager::dispatchBubblingEvent@29 (line 238)
                      ; - com.sun.javafx.event.EventHandlerManager::dispatchBubblingEvent@8 (line 191)
  0x000001ac21422e08: f410 6800 

  0x000001ac21422e0c: ;   {other}
  0x000001ac21422e0c: 0f1f 8400 | 8407 0003 | 4c8b 8424 | 9000 0000 | 488b 8424 | 8000 0000 

  0x000001ac21422e24: ; implicit exception: dispatches to 0x000001ac21422f58
  0x000001ac21422e24: 483b 0048 

  0x000001ac21422e28: ;   {metadata(method data for {method} {0x000001ac78bc8618} 'dispatchBubblingEvent' '(Ljavafx/event/Event;)Ljavafx/event/Event;' in 'com/sun/javafx/event/EventHandlerManager')}
  0x000001ac21422e28: 8bf0 48bf | 18a9 2279 | ac01 0000 | 4883 8758 | 0100 0001 | 8b40 1048 | 85c0 be02 | 0000 0075 
  0x000001ac21422e48: 05be 0000 

  0x000001ac21422e4c: ;   {metadata(method data for {method} {0x000001ac78bc8618} 'dispatchBubblingEvent' '(Ljavafx/event/Event;)Ljavafx/event/Event;' in 'com/sun/javafx/event/EventHandlerManager')}
  0x000001ac21422e4c: 0000 48bf | 18a9 2279 | ac01 0000 | 8b9f d000 | 0000 03de | 899f d000 | 0000 85f6 | 7505 bb02 
  0x000001ac21422e6c: 0000 0081 | e3fe 3f00 | 0085 db0f | 84e0 0000 | 004d 8b97 

  0x000001ac21422e80: ; ImmutableOopMap {r8=Oop rax=Oop [112]=Oop }
                      ;*ifnonnull {reexecute=1 rethrow=0 return_oop=0}
                      ; - (reexecute) com.sun.javafx.event.EventHandlerManager::dispatchBubblingEvent@18 (line 193)
  0x000001ac21422e80: 5004 0000 

  0x000001ac21422e84: ;   {poll}
  0x000001ac21422e84: 4185 0248 

  0x000001ac21422e88: ;   {metadata(method data for {method} {0x000001ac78bc8618} 'dispatchBubblingEvent' '(Ljavafx/event/Event;)Ljavafx/event/Event;' in 'com/sun/javafx/event/EventHandlerManager')}
  0x000001ac21422e88: 85c0 48be | 18a9 2279 | ac01 0000 | bf98 0100 | 0074 05bf | 8801 0000 | 488b 1c3e | 488d 5b01 
  0x000001ac21422ea8: 4889 1c3e | 0f84 0d00 | 0000 498b | f848 897c | 2478 e991 | faff ff49 | 8bc0 4881 | c4a0 0000 
  0x000001ac21422ec8: ;   {poll_return}
  0x000001ac21422ec8: 005d 493b | a748 0400 | 000f 87a7 | 0000 00c3 

  0x000001ac21422ed8: ;   {metadata({method} {0x000001ac78bc8618} 'dispatchBubblingEvent' '(Ljavafx/event/Event;)Ljavafx/event/Event;' in 'com/sun/javafx/event/EventHandlerManager')}
  0x000001ac21422ed8: 49ba 1086 | bc78 ac01 | 0000 4c89 | 5424 0848 | c704 24ff 

  0x000001ac21422eec: ;   {runtime_call counter_overflow Runtime1 stub}
  0x000001ac21422eec: ffff ffe8 

  0x000001ac21422ef0: ; ImmutableOopMap {rdx=Oop r8=Oop [112]=Oop }
                      ;*synchronization entry
                      ; - com.sun.javafx.event.EventHandlerManager::dispatchBubblingEvent@-1 (line 189)
  0x000001ac21422ef0: 6c4d f306 | e992 f9ff 

  0x000001ac21422ef8: ;   {runtime_call throw_null_pointer_exception Runtime1 stub}
  0x000001ac21422ef8: ffe8 62f7 

  0x000001ac21422efc: ; ImmutableOopMap {r8=Oop [112]=Oop }
                      ;*invokevirtual getEventType {reexecute=0 rethrow=0 return_oop=0}
                      ; - com.sun.javafx.event.EventHandlerManager::dispatchBubblingEvent@1 (line 189)
                      ;   {metadata({method} {0x000001ac78bc8930} 'dispatchBubblingEvent' '(Ljavafx/event/EventType;Ljavafx/event/Event;)Ljavafx/event/Event;' in 'com/sun/javafx/event/EventHandlerManager')}
  0x000001ac21422efc: f106 49ba | 2889 bc78 | ac01 0000 | 4c89 5424 | 0848 c704 | 24ff ffff 

  0x000001ac21422f14: ;   {runtime_call counter_overflow Runtime1 stub}
  0x000001ac21422f14: ffe8 464d 

  0x000001ac21422f18: ; ImmutableOopMap {rax=Oop rdx=Oop [112]=Oop [120]=Oop }
                      ;*synchronization entry
                      ; - com.sun.javafx.event.EventHandlerManager::dispatchBubblingEvent@-1 (line 231)
                      ; - com.sun.javafx.event.EventHandlerManager::dispatchBubblingEvent@8 (line 191)
  0x000001ac21422f18: f306 e972 

  0x000001ac21422f1c: ;   {runtime_call throw_null_pointer_exception Runtime1 stub}
  0x000001ac21422f1c: faff ffe8 

  0x000001ac21422f20: ; ImmutableOopMap {rax=Oop rdx=Oop rsi=Oop [112]=Oop [120]=Oop }
                      ;*invokeinterface get {reexecute=0 rethrow=0 return_oop=0}
                      ; - com.sun.javafx.event.EventHandlerManager::dispatchBubblingEvent@5 (line 232)
                      ; - com.sun.javafx.event.EventHandlerManager::dispatchBubblingEvent@8 (line 191)
  0x000001ac21422f20: 3cf7 f106 | 4889 0424 

  0x000001ac21422f28: ;   {runtime_call throw_class_cast_exception Runtime1 stub}
  0x000001ac21422f28: e833 1bf3 

  0x000001ac21422f2c: ; ImmutableOopMap {[112]=Oop [120]=Oop [128]=Oop }
                      ;*checkcast {reexecute=0 rethrow=0 return_oop=0}
                      ; - com.sun.javafx.event.EventHandlerManager::dispatchBubblingEvent@10 (line 232)
                      ; - com.sun.javafx.event.EventHandlerManager::dispatchBubblingEvent@8 (line 191)
                      ;   {metadata({method} {0x000001ac78bc89f0} 'fixEventSource' '(Ljavafx/event/Event;Ljava/lang/Object;)Ljavafx/event/Event;' in 'com/sun/javafx/event/EventHandlerManager')}
  0x000001ac21422f2c: 0649 bae8 | 89bc 78ac | 0100 004c | 8954 2408 | 48c7 0424 | ffff ffff 

  0x000001ac21422f44: ;   {runtime_call counter_overflow Runtime1 stub}
  0x000001ac21422f44: e817 4df3 

  0x000001ac21422f48: ; ImmutableOopMap {rdi=Oop rdx=Oop rsi=Oop r8=Oop [112]=Oop [128]=Oop }
                      ;*synchronization entry
                      ; - com.sun.javafx.event.EventHandlerManager::fixEventSource@-1 (line 246)
                      ; - com.sun.javafx.event.EventHandlerManager::dispatchBubblingEvent@23 (line 237)
                      ; - com.sun.javafx.event.EventHandlerManager::dispatchBubblingEvent@8 (line 191)
  0x000001ac21422f48: 06e9 54fc 

  0x000001ac21422f4c: ;   {runtime_call throw_null_pointer_exception Runtime1 stub}
  0x000001ac21422f4c: ffff e80d 

  0x000001ac21422f50: ; ImmutableOopMap {rdi=Oop rdx=Oop rsi=Oop r8=Oop [112]=Oop [128]=Oop }
                      ;*invokevirtual getSource {reexecute=0 rethrow=0 return_oop=0}
                      ; - com.sun.javafx.event.EventHandlerManager::fixEventSource@1 (line 246)
                      ; - com.sun.javafx.event.EventHandlerManager::dispatchBubblingEvent@23 (line 237)
                      ; - com.sun.javafx.event.EventHandlerManager::dispatchBubblingEvent@8 (line 191)
                      ;   {runtime_call throw_null_pointer_exception Runtime1 stub}
  0x000001ac21422f50: f7f1 06e8 

  0x000001ac21422f54: ; ImmutableOopMap {rax=Oop rsi=Oop [112]=Oop [128]=Oop }
                      ;*invokevirtual dispatchBubblingEvent {reexecute=0 rethrow=0 return_oop=0}
                      ; - com.sun.javafx.event.EventHandlerManager::dispatchBubblingEvent@29 (line 238)
                      ; - com.sun.javafx.event.EventHandlerManager::dispatchBubblingEvent@8 (line 191)
  0x000001ac21422f54: 08f7 f106 

  0x000001ac21422f58: ;   {runtime_call throw_null_pointer_exception Runtime1 stub}
  0x000001ac21422f58: e803 f7f1 

  0x000001ac21422f5c: ; ImmutableOopMap {r8=Oop rax=Oop [112]=Oop }
                      ;*invokevirtual getSuperType {reexecute=0 rethrow=0 return_oop=0}
                      ; - com.sun.javafx.event.EventHandlerManager::dispatchBubblingEvent@13 (line 192)
                      ;   {metadata({method} {0x000001ac78bc8618} 'dispatchBubblingEvent' '(Ljavafx/event/Event;)Ljavafx/event/Event;' in 'com/sun/javafx/event/EventHandlerManager')}
  0x000001ac21422f5c: 0649 ba10 | 86bc 78ac | 0100 004c | 8954 2408 | 48c7 0424 | 1200 0000 

  0x000001ac21422f74: ;   {runtime_call counter_overflow Runtime1 stub}
  0x000001ac21422f74: e8e7 4cf3 

  0x000001ac21422f78: ; ImmutableOopMap {r8=Oop rax=Oop [112]=Oop }
                      ;*ifnonnull {reexecute=1 rethrow=0 return_oop=0}
                      ; - (reexecute) com.sun.javafx.event.EventHandlerManager::dispatchBubblingEvent@18 (line 193)
  0x000001ac21422f78: 06e9 fffe 

  0x000001ac21422f7c: ;   {internal_word}
  0x000001ac21422f7c: ffff 49ba | ca2e 4221 | ac01 0000 | 4d89 9760 

  0x000001ac21422f8c: ;   {runtime_call SafepointBlob}
  0x000001ac21422f8c: 0400 00e9 | 4c24 e706 | 498b 8700 | 0500 0049 | c787 0005 | 0000 0000 | 0000 49c7 | 8708 0500 
  0x000001ac21422fac: 0000 0000 | 0048 81c4 | a000 0000 

  0x000001ac21422fb8: ;   {runtime_call unwind_exception Runtime1 stub}
  0x000001ac21422fb8: 5de9 22e3 | f106 f4f4 
[Stub Code]
  0x000001ac21422fc0: ;   {no_reloc}
  0x000001ac21422fc0: 0f1f 4400 

  0x000001ac21422fc4: ;   {static_stub}
  0x000001ac21422fc4: 0048 bb00 | 0000 0000 

  0x000001ac21422fcc: ;   {runtime_call nmethod}
  0x000001ac21422fcc: 0000 00e9 | fbff ffff 

  0x000001ac21422fd4: ;   {static_stub}
  0x000001ac21422fd4: 9048 bb00 | 0000 0000 

  0x000001ac21422fdc: ;   {runtime_call nmethod}
  0x000001ac21422fdc: 0000 00e9 | fbff ffff 

  0x000001ac21422fe4: ;   {static_stub}
  0x000001ac21422fe4: 9048 bb00 | 0000 0000 

  0x000001ac21422fec: ;   {runtime_call nmethod}
  0x000001ac21422fec: 0000 00e9 | fbff ffff 

  0x000001ac21422ff4: ;   {static_stub}
  0x000001ac21422ff4: 48bb 7074 | df78 ac01 

  0x000001ac21422ffc: ;   {runtime_call I2C/C2I adapters}
  0x000001ac21422ffc: 0000 e933 

  0x000001ac21423000: ;   {runtime_call handle_exception_from_callee Runtime1 stub}
  0x000001ac21423000: 0fe7 06e8 | 5814 f206 

  0x000001ac21423008: ;   {external_word}
  0x000001ac21423008: 48b9 40e5 | 6e1f fa7f | 0000 4883 

  0x000001ac21423014: ;   {runtime_call}
  0x000001ac21423014: e4f0 48b8 | 504d 351f | fa7f 0000 

  0x000001ac21423020: ;   {section_word}
  0x000001ac21423020: ffd0 f449 | ba23 3042 | 21ac 0100 

  0x000001ac2142302c: ;   {runtime_call DeoptimizationBlob}
  0x000001ac2142302c: 0041 52e9 | 4c16 e706 | f4f4 f4f4 
[/MachCode]


---------------  P R O C E S S  ---------------

Threads class SMR info:
_java_thread_list=0x000001ac7b6a4330, length=26, elements={
0x000001ac16285d50, 0x000001ac350f2700, 0x000001ac350f3310, 0x000001ac350f7bc0,
0x000001ac350f8620, 0x000001ac350f93e0, 0x000001ac350fb870, 0x000001ac35102f90,
0x000001ac35103a40, 0x000001ac3527e590, 0x000001ac35284270, 0x000001ac7b6430e0,
0x000001ac7d9a38c0, 0x000001ac7d9a3f30, 0x000001ac7b4c0bd0, 0x000001ac7c519ab0,
0x000001ac7c518700, 0x000001ac7c516cc0, 0x000001ac7c51a140, 0x000001ac7c517350,
0x000001ac7c518d90, 0x000001ac7def98b0, 0x000001ac7def8500, 0x000001ac7defa5d0,
0x000001ac7def7150, 0x000001ac7def9220
}

Java Threads: ( => current thread )
  0x000001ac16285d50 JavaThread "main"                              [_thread_blocked, id=11444, stack(0x000000a680000000,0x000000a680100000) (1024K)]
  0x000001ac350f2700 JavaThread "Reference Handler"          daemon [_thread_blocked, id=9100, stack(0x000000a680800000,0x000000a680900000) (1024K)]
  0x000001ac350f3310 JavaThread "Finalizer"                  daemon [_thread_blocked, id=8772, stack(0x000000a680900000,0x000000a680a00000) (1024K)]
  0x000001ac350f7bc0 JavaThread "Signal Dispatcher"          daemon [_thread_blocked, id=9804, stack(0x000000a680a00000,0x000000a680b00000) (1024K)]
  0x000001ac350f8620 JavaThread "Attach Listener"            daemon [_thread_blocked, id=12928, stack(0x000000a680b00000,0x000000a680c00000) (1024K)]
  0x000001ac350f93e0 JavaThread "Service Thread"             daemon [_thread_blocked, id=14484, stack(0x000000a680c00000,0x000000a680d00000) (1024K)]
  0x000001ac350fb870 JavaThread "Monitor Deflation Thread"   daemon [_thread_blocked, id=9612, stack(0x000000a680d00000,0x000000a680e00000) (1024K)]
  0x000001ac35102f90 JavaThread "C2 CompilerThread0"         daemon [_thread_blocked, id=14612, stack(0x000000a680e00000,0x000000a680f00000) (1024K)]
  0x000001ac35103a40 JavaThread "C1 CompilerThread0"         daemon [_thread_blocked, id=20672, stack(0x000000a680f00000,0x000000a681000000) (1024K)]
  0x000001ac3527e590 JavaThread "Notification Thread"        daemon [_thread_blocked, id=14608, stack(0x000000a681000000,0x000000a681100000) (1024K)]
  0x000001ac35284270 JavaThread "Common-Cleaner"             daemon [_thread_blocked, id=13540, stack(0x000000a681100000,0x000000a681200000) (1024K)]
  0x000001ac7b6430e0 JavaThread "Thread-1"                   daemon [_thread_blocked, id=6652, stack(0x000000a681a00000,0x000000a681b00000) (1024K)]
  0x000001ac7d9a38c0 JavaThread "ForkJoinPool.commonPool-worker-1" daemon [_thread_blocked, id=8412, stack(0x000000a681d00000,0x000000a681e00000) (1024K)]
  0x000001ac7d9a3f30 JavaThread "ForkJoinPool.commonPool-worker-2" daemon [_thread_blocked, id=8420, stack(0x000000a681e00000,0x000000a681f00000) (1024K)]
  0x000001ac7b4c0bd0 JavaThread "ForkJoinPool.commonPool-worker-3" daemon [_thread_blocked, id=12800, stack(0x000000a681f00000,0x000000a682000000) (1024K)]
  0x000001ac7c519ab0 JavaThread "ForkJoinPool.commonPool-worker-4" daemon [_thread_blocked, id=5388, stack(0x000000a682000000,0x000000a682100000) (1024K)]
  0x000001ac7c518700 JavaThread "ForkJoinPool.commonPool-worker-5" daemon [_thread_blocked, id=15220, stack(0x000000a682100000,0x000000a682200000) (1024K)]
  0x000001ac7c516cc0 JavaThread "ForkJoinPool.commonPool-worker-6" daemon [_thread_blocked, id=12048, stack(0x000000a682200000,0x000000a682300000) (1024K)]
  0x000001ac7c51a140 JavaThread "com.sportedu.Main.main()"          [_thread_blocked, id=10364, stack(0x000000a682300000,0x000000a682400000) (1024K)]
  0x000001ac7c517350 JavaThread "JavaFX-Launcher"                   [_thread_blocked, id=12500, stack(0x000000a682400000,0x000000a682500000) (1024K)]
  0x000001ac7c518d90 JavaThread "QuantumRenderer-0"          daemon [_thread_blocked, id=20516, stack(0x000000a681900000,0x000000a681a00000) (1024K)]
  0x000001ac7def98b0 JavaThread "InvokeLaterDispatcher"      daemon [_thread_blocked, id=6128, stack(0x000000a681c00000,0x000000a681d00000) (1024K)]
=>0x000001ac7def8500 JavaThread "JavaFX Application Thread"         [_thread_in_vm, id=8260, stack(0x000000a682500000,0x000000a682600000) (1024K)]
  0x000001ac7defa5d0 JavaThread "Thread-4"                   daemon [_thread_in_native, id=12336, stack(0x000000a682b00000,0x000000a682c00000) (1024K)]
  0x000001ac7def7150 JavaThread "Prism Font Disposer"        daemon [_thread_blocked, id=9180, stack(0x000000a682c00000,0x000000a682d00000) (1024K)]
  0x000001ac7def9220 JavaThread "Cleaner-0"                  daemon [_thread_blocked, id=17096, stack(0x000000a683100000,0x000000a683200000) (1024K)]
Total: 26

Other Threads:
  0x000001ac350dfc10 VMThread "VM Thread"                           [id=5596, stack(0x000000a680700000,0x000000a680800000) (1024K)]
  0x000001ac350cbbb0 WatcherThread "VM Periodic Task Thread"        [id=21004, stack(0x000000a680600000,0x000000a680700000) (1024K)]
  0x000001ac18621440 WorkerThread "GC Thread#0"                     [id=21820, stack(0x000000a680100000,0x000000a680200000) (1024K)]
  0x000001ac35e74e70 WorkerThread "GC Thread#1"                     [id=5972, stack(0x000000a681200000,0x000000a681300000) (1024K)]
  0x000001ac7b0d9e90 WorkerThread "GC Thread#2"                     [id=20988, stack(0x000000a681300000,0x000000a681400000) (1024K)]
  0x000001ac7b0dcb20 WorkerThread "GC Thread#3"                     [id=15816, stack(0x000000a681400000,0x000000a681500000) (1024K)]
  0x000001ac7b0a0350 WorkerThread "GC Thread#4"                     [id=5692, stack(0x000000a681500000,0x000000a681600000) (1024K)]
  0x000001ac7b0a0700 WorkerThread "GC Thread#5"                     [id=592, stack(0x000000a681600000,0x000000a681700000) (1024K)]
  0x000001ac7b161640 WorkerThread "GC Thread#6"                     [id=22484, stack(0x000000a681700000,0x000000a681800000) (1024K)]
  0x000001ac7b169a10 WorkerThread "GC Thread#7"                     [id=14712, stack(0x000000a681800000,0x000000a681900000) (1024K)]
  0x000001ac186367d0 ConcurrentGCThread "G1 Main Marker"            [id=19164, stack(0x000000a680200000,0x000000a680300000) (1024K)]
  0x000001ac18637a80 WorkerThread "G1 Conc#0"                       [id=16376, stack(0x000000a680300000,0x000000a680400000) (1024K)]
  0x000001ac7b613240 WorkerThread "G1 Conc#1"                       [id=6212, stack(0x000000a681b00000,0x000000a681c00000) (1024K)]
  0x000001ac1868e580 ConcurrentGCThread "G1 Refine#0"               [id=1880, stack(0x000000a680400000,0x000000a680500000) (1024K)]
  0x000001ac34f952f0 ConcurrentGCThread "G1 Service"                [id=14200, stack(0x000000a680500000,0x000000a680600000) (1024K)]
Total: 15

Threads with active compile tasks:
Total: 0

VM state: not at safepoint (normal execution)

VM Mutex/Monitor currently owned by a thread:  ([mutex/lock_event])
[0x00007ffa1f994988] Heap_lock - owner thread: 0x000001ac7def8500

Heap address: 0x0000000084c00000, size: 1972 MB, Compressed Oops mode: 32-bit

CDS archive(s) mapped at: [0x000001ac36000000-0x000001ac36d70000-0x000001ac36d70000), size 14090240, SharedBaseAddress: 0x000001ac36000000, ArchiveRelocationMode: 1.
Compressed class space mapped at: 0x000001ac37000000-0x000001ac77000000, reserved size: 1073741824
Narrow klass base: 0x000001ac36000000, Narrow klass shift: 0, Narrow klass range: 0x41000000

GC Precious Log:
 CardTable entry size: 512
 Card Set container configuration: InlinePtr #cards 5 size 8 Array Of Cards #cards 10 size 36 Howl #buckets 4 coarsen threshold 1843 Howl Bitmap #cards 512 size 80 coarsen threshold 460 Card regions per heap region 1 cards per card region 2048
 CPUs: 8 total, 8 available
 Memory: 7885M
 Large Page Support: Disabled
 NUMA Support: Disabled
 Compressed Oops: Enabled (32-bit)
 Heap Region Size: 1M
 Heap Min Capacity: 8M
 Heap Initial Capacity: 124M
 Heap Max Capacity: 1972M
 Pre-touch: Disabled
 Parallel Workers: 8
 Concurrent Workers: 2
 Concurrent Refinement Workers: 8
 Periodic GC: Disabled

Heap:
 garbage-first heap   total reserved 2019328K, committed 1361920K, used 1320075K [0x0000000084c00000, 0x0000000100000000)
  region size 1024K, 7 young (7168K), 4 survivors (4096K)
 Metaspace       used 40064K, committed 40512K, reserved 1114112K
  class space    used 5038K, committed 5248K, reserved 1048576K

Heap Regions: E=young(eden), S=young(survivor), O=old, HS=humongous(starts), HC=humongous(continues), CS=collection set, F=free, TAMS=top-at-mark-start, PB=parsable bottom
|   0|0x0000000084c00000, 0x0000000084d00000, 0x0000000084d00000|100%| O|  |TAMS 0x0000000084c00000| PB 0x0000000084c00000| Untracked |  0
|   1|0x0000000084d00000, 0x0000000084e00000, 0x0000000084e00000|100%| O|  |TAMS 0x0000000084d00000| PB 0x0000000084d00000| Untracked |  0
|   2|0x0000000084e00000, 0x0000000084f00000, 0x0000000084f00000|100%| O|  |TAMS 0x0000000084e00000| PB 0x0000000084e00000| Untracked |  0
|   3|0x0000000084f00000, 0x0000000085000000, 0x0000000085000000|100%|HS|  |TAMS 0x0000000084f00000| PB 0x0000000084f00000| Complete |  0
|   4|0x0000000085000000, 0x0000000085100000, 0x0000000085100000|100%|HS|  |TAMS 0x0000000085000000| PB 0x0000000085000000| Complete |  0
|   5|0x0000000085100000, 0x0000000085200000, 0x0000000085200000|100%|HC|  |TAMS 0x0000000085100000| PB 0x0000000085100000| Complete |  0
|   6|0x0000000085200000, 0x0000000085300000, 0x0000000085300000|100%| O|  |TAMS 0x0000000085200000| PB 0x0000000085200000| Untracked |  0
|   7|0x0000000085300000, 0x0000000085400000, 0x0000000085400000|100%| O|  |TAMS 0x0000000085300000| PB 0x0000000085300000| Untracked |  0
|   8|0x0000000085400000, 0x0000000085500000, 0x0000000085500000|100%| O|  |TAMS 0x0000000085400000| PB 0x0000000085400000| Untracked |  0
|   9|0x0000000085500000, 0x0000000085600000, 0x0000000085600000|100%| O|  |TAMS 0x0000000085500000| PB 0x0000000085500000| Untracked |  0
|  10|0x0000000085600000, 0x0000000085700000, 0x0000000085700000|100%| O|  |TAMS 0x0000000085600000| PB 0x0000000085600000| Untracked |  0
|  11|0x0000000085700000, 0x0000000085800000, 0x0000000085800000|100%| O|  |TAMS 0x0000000085700000| PB 0x0000000085700000| Untracked |  0
|  12|0x0000000085800000, 0x0000000085900000, 0x0000000085900000|100%|HS|  |TAMS 0x0000000085800000| PB 0x0000000085800000| Complete |  0
|  13|0x0000000085900000, 0x0000000085a00000, 0x0000000085a00000|100%|HC|  |TAMS 0x0000000085900000| PB 0x0000000085900000| Complete |  0
|  14|0x0000000085a00000, 0x0000000085b00000, 0x0000000085b00000|100%| O|  |TAMS 0x0000000085a00000| PB 0x0000000085a00000| Untracked |  0
|  15|0x0000000085b00000, 0x0000000085c00000, 0x0000000085c00000|100%| O|  |TAMS 0x0000000085b00000| PB 0x0000000085b00000| Untracked |  0
|  16|0x0000000085c00000, 0x0000000085cd67f0, 0x0000000085d00000| 83%| O|  |TAMS 0x0000000085c00000| PB 0x0000000085c00000| Untracked |  0
|  17|0x0000000085d00000, 0x0000000085e00000, 0x0000000085e00000|100%|HS|  |TAMS 0x0000000085d00000| PB 0x0000000085d00000| Complete |  0
|  18|0x0000000085e00000, 0x0000000085f00000, 0x0000000085f00000|100%|HC|  |TAMS 0x0000000085e00000| PB 0x0000000085e00000| Complete |  0
|  19|0x0000000085f00000, 0x0000000086000000, 0x0000000086000000|100%|HS|  |TAMS 0x0000000085f00000| PB 0x0000000085f00000| Complete |  0
|  20|0x0000000086000000, 0x0000000086100000, 0x0000000086100000|100%|HS|  |TAMS 0x0000000086000000| PB 0x0000000086000000| Complete |  0
|  21|0x0000000086100000, 0x0000000086200000, 0x0000000086200000|100%|HS|  |TAMS 0x0000000086100000| PB 0x0000000086100000| Complete |  0
|  22|0x0000000086200000, 0x0000000086300000, 0x0000000086300000|100%|HS|  |TAMS 0x0000000086200000| PB 0x0000000086200000| Complete |  0
|  23|0x0000000086300000, 0x0000000086400000, 0x0000000086400000|100%| O|  |TAMS 0x0000000086300000| PB 0x0000000086300000| Untracked |  0
|  24|0x0000000086400000, 0x0000000086500000, 0x0000000086500000|100%| O|  |TAMS 0x0000000086400000| PB 0x0000000086400000| Untracked |  0
|  25|0x0000000086500000, 0x0000000086600000, 0x0000000086600000|100%| O|  |TAMS 0x0000000086500000| PB 0x0000000086500000| Untracked |  0
|  26|0x0000000086600000, 0x0000000086700000, 0x0000000086700000|100%| O|  |TAMS 0x0000000086600000| PB 0x0000000086600000| Untracked |  0
|  27|0x0000000086700000, 0x0000000086800000, 0x0000000086800000|100%| O|  |TAMS 0x0000000086700000| PB 0x0000000086700000| Untracked |  0
|  28|0x0000000086800000, 0x0000000086900000, 0x0000000086900000|100%| O|  |TAMS 0x0000000086800000| PB 0x0000000086800000| Untracked |  0
|  29|0x0000000086900000, 0x0000000086a00000, 0x0000000086a00000|100%|HS|  |TAMS 0x0000000086900000| PB 0x0000000086900000| Complete |  0
|  30|0x0000000086a00000, 0x0000000086b00000, 0x0000000086b00000|100%|HC|  |TAMS 0x0000000086a00000| PB 0x0000000086a00000| Complete |  0
|  31|0x0000000086b00000, 0x0000000086c00000, 0x0000000086c00000|100%|HC|  |TAMS 0x0000000086b00000| PB 0x0000000086b00000| Complete |  0
|  32|0x0000000086c00000, 0x0000000086d00000, 0x0000000086d00000|100%|HC|  |TAMS 0x0000000086c00000| PB 0x0000000086c00000| Complete |  0
|  33|0x0000000086d00000, 0x0000000086e00000, 0x0000000086e00000|100%|HC|  |TAMS 0x0000000086d00000| PB 0x0000000086d00000| Complete |  0
|  34|0x0000000086e00000, 0x0000000086f00000, 0x0000000086f00000|100%| O|  |TAMS 0x0000000086e00000| PB 0x0000000086e00000| Untracked |  0
|  35|0x0000000086f00000, 0x0000000087000000, 0x0000000087000000|100%|HS|  |TAMS 0x0000000086f00000| PB 0x0000000086f00000| Complete |  0
|  36|0x0000000087000000, 0x0000000087100000, 0x0000000087100000|100%|HC|  |TAMS 0x0000000087000000| PB 0x0000000087000000| Complete |  0
|  37|0x0000000087100000, 0x0000000087200000, 0x0000000087200000|100%|HC|  |TAMS 0x0000000087100000| PB 0x0000000087100000| Complete |  0
|  38|0x0000000087200000, 0x0000000087300000, 0x0000000087300000|100%|HC|  |TAMS 0x0000000087200000| PB 0x0000000087200000| Complete |  0
|  39|0x0000000087300000, 0x0000000087400000, 0x0000000087400000|100%|HC|  |TAMS 0x0000000087300000| PB 0x0000000087300000| Complete |  0
|  40|0x0000000087400000, 0x0000000087500000, 0x0000000087500000|100%| O|  |TAMS 0x0000000087400000| PB 0x0000000087400000| Untracked |  1
|  41|0x0000000087500000, 0x0000000087600000, 0x0000000087600000|100%| O|  |TAMS 0x0000000087500000| PB 0x0000000087500000| Untracked |  0
|  42|0x0000000087600000, 0x000000008764e8b8, 0x0000000087700000| 30%| O|  |TAMS 0x0000000087600000| PB 0x0000000087600000| Untracked |  0
|  43|0x0000000087700000, 0x0000000087800000, 0x0000000087800000|100%|HS|  |TAMS 0x0000000087700000| PB 0x0000000087700000| Complete |  0
|  44|0x0000000087800000, 0x0000000087900000, 0x0000000087900000|100%|HC|  |TAMS 0x0000000087800000| PB 0x0000000087800000| Complete |  0
|  45|0x0000000087900000, 0x0000000087a00000, 0x0000000087a00000|100%|HC|  |TAMS 0x0000000087900000| PB 0x0000000087900000| Complete |  0
|  46|0x0000000087a00000, 0x0000000087b00000, 0x0000000087b00000|100%|HC|  |TAMS 0x0000000087a00000| PB 0x0000000087a00000| Complete |  0
|  47|0x0000000087b00000, 0x0000000087c00000, 0x0000000087c00000|100%|HC|  |TAMS 0x0000000087b00000| PB 0x0000000087b00000| Complete |  0
|  48|0x0000000087c00000, 0x0000000087d00000, 0x0000000087d00000|100%|HS|  |TAMS 0x0000000087c00000| PB 0x0000000087c00000| Complete |  0
|  49|0x0000000087d00000, 0x0000000087e00000, 0x0000000087e00000|100%|HC|  |TAMS 0x0000000087d00000| PB 0x0000000087d00000| Complete |  0
|  50|0x0000000087e00000, 0x0000000087f00000, 0x0000000087f00000|100%|HC|  |TAMS 0x0000000087e00000| PB 0x0000000087e00000| Complete |  0
|  51|0x0000000087f00000, 0x0000000088000000, 0x0000000088000000|100%|HC|  |TAMS 0x0000000087f00000| PB 0x0000000087f00000| Complete |  0
|  52|0x0000000088000000, 0x0000000088100000, 0x0000000088100000|100%|HC|  |TAMS 0x0000000088000000| PB 0x0000000088000000| Complete |  0
|  53|0x0000000088100000, 0x0000000088200000, 0x0000000088200000|100%|HS|  |TAMS 0x0000000088100000| PB 0x0000000088100000| Complete |  0
|  54|0x0000000088200000, 0x0000000088300000, 0x0000000088300000|100%|HC|  |TAMS 0x0000000088200000| PB 0x0000000088200000| Complete |  0
|  55|0x0000000088300000, 0x0000000088400000, 0x0000000088400000|100%|HC|  |TAMS 0x0000000088300000| PB 0x0000000088300000| Complete |  0
|  56|0x0000000088400000, 0x0000000088500000, 0x0000000088500000|100%|HC|  |TAMS 0x0000000088400000| PB 0x0000000088400000| Complete |  0
|  57|0x0000000088500000, 0x0000000088600000, 0x0000000088600000|100%|HC|  |TAMS 0x0000000088500000| PB 0x0000000088500000| Complete |  0
|  58|0x0000000088600000, 0x0000000088700000, 0x0000000088700000|100%|HS|  |TAMS 0x0000000088600000| PB 0x0000000088600000| Complete |  0
|  59|0x0000000088700000, 0x0000000088800000, 0x0000000088800000|100%|HS|  |TAMS 0x0000000088700000| PB 0x0000000088700000| Complete |  0
|  60|0x0000000088800000, 0x0000000088900000, 0x0000000088900000|100%|HC|  |TAMS 0x0000000088800000| PB 0x0000000088800000| Complete |  0
|  61|0x0000000088900000, 0x0000000088a00000, 0x0000000088a00000|100%|HC|  |TAMS 0x0000000088900000| PB 0x0000000088900000| Complete |  0
|  62|0x0000000088a00000, 0x0000000088b00000, 0x0000000088b00000|100%|HC|  |TAMS 0x0000000088a00000| PB 0x0000000088a00000| Complete |  0
|  63|0x0000000088b00000, 0x0000000088c00000, 0x0000000088c00000|100%|HC|  |TAMS 0x0000000088b00000| PB 0x0000000088b00000| Complete |  0
|  64|0x0000000088c00000, 0x0000000088d00000, 0x0000000088d00000|100%|HS|  |TAMS 0x0000000088c00000| PB 0x0000000088c00000| Complete |  0
|  65|0x0000000088d00000, 0x0000000088d00000, 0x0000000088e00000|  0%| F|  |TAMS 0x0000000088d00000| PB 0x0000000088d00000| Untracked |  0
|  66|0x0000000088e00000, 0x0000000088e00000, 0x0000000088f00000|  0%| F|  |TAMS 0x0000000088e00000| PB 0x0000000088e00000| Untracked |  0
|  67|0x0000000088f00000, 0x0000000088f00000, 0x0000000089000000|  0%| F|  |TAMS 0x0000000088f00000| PB 0x0000000088f00000| Untracked |  0
|  68|0x0000000089000000, 0x0000000089000000, 0x0000000089100000|  0%| F|  |TAMS 0x0000000089000000| PB 0x0000000089000000| Untracked |  0
|  69|0x0000000089100000, 0x0000000089100000, 0x0000000089200000|  0%| F|  |TAMS 0x0000000089100000| PB 0x0000000089100000| Untracked |  0
|  70|0x0000000089200000, 0x0000000089200000, 0x0000000089300000|  0%| F|  |TAMS 0x0000000089200000| PB 0x0000000089200000| Untracked |  0
|  71|0x0000000089300000, 0x0000000089300000, 0x0000000089400000|  0%| F|  |TAMS 0x0000000089300000| PB 0x0000000089300000| Untracked |  0
|  72|0x0000000089400000, 0x0000000089400000, 0x0000000089500000|  0%| F|  |TAMS 0x0000000089400000| PB 0x0000000089400000| Untracked |  0
|  73|0x0000000089500000, 0x0000000089500000, 0x0000000089600000|  0%| F|  |TAMS 0x0000000089500000| PB 0x0000000089500000| Untracked |  0
|  74|0x0000000089600000, 0x0000000089600000, 0x0000000089700000|  0%| F|  |TAMS 0x0000000089600000| PB 0x0000000089600000| Untracked |  0
|  75|0x0000000089700000, 0x0000000089700000, 0x0000000089800000|  0%| F|  |TAMS 0x0000000089700000| PB 0x0000000089700000| Untracked |  0
|  76|0x0000000089800000, 0x0000000089900000, 0x0000000089900000|100%|HS|  |TAMS 0x0000000089800000| PB 0x0000000089800000| Complete |  0
|  77|0x0000000089900000, 0x0000000089a00000, 0x0000000089a00000|100%|HC|  |TAMS 0x0000000089900000| PB 0x0000000089900000| Complete |  0
|  78|0x0000000089a00000, 0x0000000089b00000, 0x0000000089b00000|100%|HC|  |TAMS 0x0000000089a00000| PB 0x0000000089a00000| Complete |  0
|  79|0x0000000089b00000, 0x0000000089c00000, 0x0000000089c00000|100%|HC|  |TAMS 0x0000000089b00000| PB 0x0000000089b00000| Complete |  0
|  80|0x0000000089c00000, 0x0000000089d00000, 0x0000000089d00000|100%|HC|  |TAMS 0x0000000089c00000| PB 0x0000000089c00000| Complete |  0
|  81|0x0000000089d00000, 0x0000000089e00000, 0x0000000089e00000|100%| S|CS|TAMS 0x0000000089d00000| PB 0x0000000089d00000| Complete |  0
|  82|0x0000000089e00000, 0x0000000089f00000, 0x0000000089f00000|100%| S|CS|TAMS 0x0000000089e00000| PB 0x0000000089e00000| Complete |  0
|  83|0x0000000089f00000, 0x000000008a000000, 0x000000008a000000|100%| S|CS|TAMS 0x0000000089f00000| PB 0x0000000089f00000| Complete |  0
|  84|0x000000008a000000, 0x000000008a0fe910, 0x000000008a100000| 99%| S|CS|TAMS 0x000000008a000000| PB 0x000000008a000000| Complete |  0
| 113|0x000000008bd00000, 0x000000008bd00000, 0x000000008be00000|  0%| F|  |TAMS 0x000000008bd00000| PB 0x000000008bd00000| Untracked |  0
| 114|0x000000008be00000, 0x000000008be00000, 0x000000008bf00000|  0%| F|  |TAMS 0x000000008be00000| PB 0x000000008be00000| Untracked |  0
| 115|0x000000008bf00000, 0x000000008bf00000, 0x000000008c000000|  0%| F|  |TAMS 0x000000008bf00000| PB 0x000000008bf00000| Untracked |  0
| 116|0x000000008c000000, 0x000000008c0ff428, 0x000000008c100000| 99%| E|  |TAMS 0x000000008c000000| PB 0x000000008c000000| Complete |  1
| 117|0x000000008c100000, 0x000000008c200000, 0x000000008c200000|100%| E|CS|TAMS 0x000000008c100000| PB 0x000000008c100000| Complete |  0
| 123|0x000000008c700000, 0x000000008c800000, 0x000000008c800000|100%| E|CS|TAMS 0x000000008c700000| PB 0x000000008c700000| Complete |  0
| 124|0x000000008c800000, 0x000000008c900000, 0x000000008c900000|100%|HS|  |TAMS 0x000000008c800000| PB 0x000000008c800000| Complete |  0
| 125|0x000000008c900000, 0x000000008ca00000, 0x000000008ca00000|100%|HC|  |TAMS 0x000000008c900000| PB 0x000000008c900000| Complete |  0
| 126|0x000000008ca00000, 0x000000008cb00000, 0x000000008cb00000|100%|HC|  |TAMS 0x000000008ca00000| PB 0x000000008ca00000| Complete |  0
| 127|0x000000008cb00000, 0x000000008cc00000, 0x000000008cc00000|100%|HC|  |TAMS 0x000000008cb00000| PB 0x000000008cb00000| Complete |  0
| 128|0x000000008cc00000, 0x000000008cd00000, 0x000000008cd00000|100%|HC|  |TAMS 0x000000008cc00000| PB 0x000000008cc00000| Complete |  0
| 129|0x000000008cd00000, 0x000000008ce00000, 0x000000008ce00000|100%|HC|  |TAMS 0x000000008cd00000| PB 0x000000008cd00000| Complete |  0
| 130|0x000000008ce00000, 0x000000008cf00000, 0x000000008cf00000|100%|HC|  |TAMS 0x000000008ce00000| PB 0x000000008ce00000| Complete |  0
| 131|0x000000008cf00000, 0x000000008d000000, 0x000000008d000000|100%|HC|  |TAMS 0x000000008cf00000| PB 0x000000008cf00000| Complete |  0
| 132|0x000000008d000000, 0x000000008d100000, 0x000000008d100000|100%|HC|  |TAMS 0x000000008d000000| PB 0x000000008d000000| Complete |  0
| 133|0x000000008d100000, 0x000000008d200000, 0x000000008d200000|100%|HC|  |TAMS 0x000000008d100000| PB 0x000000008d100000| Complete |  0
| 134|0x000000008d200000, 0x000000008d300000, 0x000000008d300000|100%|HC|  |TAMS 0x000000008d200000| PB 0x000000008d200000| Complete |  0
| 135|0x000000008d300000, 0x000000008d400000, 0x000000008d400000|100%|HC|  |TAMS 0x000000008d300000| PB 0x000000008d300000| Complete |  0
| 136|0x000000008d400000, 0x000000008d500000, 0x000000008d500000|100%|HC|  |TAMS 0x000000008d400000| PB 0x000000008d400000| Complete |  0
| 137|0x000000008d500000, 0x000000008d600000, 0x000000008d600000|100%|HC|  |TAMS 0x000000008d500000| PB 0x000000008d500000| Complete |  0
| 138|0x000000008d600000, 0x000000008d700000, 0x000000008d700000|100%|HC|  |TAMS 0x000000008d600000| PB 0x000000008d600000| Complete |  0
| 139|0x000000008d700000, 0x000000008d800000, 0x000000008d800000|100%|HC|  |TAMS 0x000000008d700000| PB 0x000000008d700000| Complete |  0
| 140|0x000000008d800000, 0x000000008d900000, 0x000000008d900000|100%|HC|  |TAMS 0x000000008d800000| PB 0x000000008d800000| Complete |  0
| 141|0x000000008d900000, 0x000000008da00000, 0x000000008da00000|100%|HC|  |TAMS 0x000000008d900000| PB 0x000000008d900000| Complete |  0
| 142|0x000000008da00000, 0x000000008db00000, 0x000000008db00000|100%|HC|  |TAMS 0x000000008da00000| PB 0x000000008da00000| Complete |  0
| 143|0x000000008db00000, 0x000000008dc00000, 0x000000008dc00000|100%|HC|  |TAMS 0x000000008db00000| PB 0x000000008db00000| Complete |  0
| 144|0x000000008dc00000, 0x000000008dd00000, 0x000000008dd00000|100%|HC|  |TAMS 0x000000008dc00000| PB 0x000000008dc00000| Complete |  0
| 145|0x000000008dd00000, 0x000000008de00000, 0x000000008de00000|100%|HC|  |TAMS 0x000000008dd00000| PB 0x000000008dd00000| Complete |  0
| 146|0x000000008de00000, 0x000000008df00000, 0x000000008df00000|100%|HC|  |TAMS 0x000000008de00000| PB 0x000000008de00000| Complete |  0
| 147|0x000000008df00000, 0x000000008e000000, 0x000000008e000000|100%|HC|  |TAMS 0x000000008df00000| PB 0x000000008df00000| Complete |  0
| 148|0x000000008e000000, 0x000000008e100000, 0x000000008e100000|100%|HC|  |TAMS 0x000000008e000000| PB 0x000000008e000000| Complete |  0
| 149|0x000000008e100000, 0x000000008e200000, 0x000000008e200000|100%|HC|  |TAMS 0x000000008e100000| PB 0x000000008e100000| Complete |  0
| 150|0x000000008e200000, 0x000000008e300000, 0x000000008e300000|100%|HC|  |TAMS 0x000000008e200000| PB 0x000000008e200000| Complete |  0
| 151|0x000000008e300000, 0x000000008e400000, 0x000000008e400000|100%|HC|  |TAMS 0x000000008e300000| PB 0x000000008e300000| Complete |  0
| 152|0x000000008e400000, 0x000000008e500000, 0x000000008e500000|100%|HC|  |TAMS 0x000000008e400000| PB 0x000000008e400000| Complete |  0
| 153|0x000000008e500000, 0x000000008e600000, 0x000000008e600000|100%|HC|  |TAMS 0x000000008e500000| PB 0x000000008e500000| Complete |  0
| 154|0x000000008e600000, 0x000000008e700000, 0x000000008e700000|100%|HC|  |TAMS 0x000000008e600000| PB 0x000000008e600000| Complete |  0
| 155|0x000000008e700000, 0x000000008e800000, 0x000000008e800000|100%|HC|  |TAMS 0x000000008e700000| PB 0x000000008e700000| Complete |  0
| 156|0x000000008e800000, 0x000000008e900000, 0x000000008e900000|100%|HC|  |TAMS 0x000000008e800000| PB 0x000000008e800000| Complete |  0
| 157|0x000000008e900000, 0x000000008ea00000, 0x000000008ea00000|100%|HC|  |TAMS 0x000000008e900000| PB 0x000000008e900000| Complete |  0
| 158|0x000000008ea00000, 0x000000008eb00000, 0x000000008eb00000|100%|HC|  |TAMS 0x000000008ea00000| PB 0x000000008ea00000| Complete |  0
| 159|0x000000008eb00000, 0x000000008ec00000, 0x000000008ec00000|100%|HC|  |TAMS 0x000000008eb00000| PB 0x000000008eb00000| Complete |  0
| 160|0x000000008ec00000, 0x000000008ed00000, 0x000000008ed00000|100%|HC|  |TAMS 0x000000008ec00000| PB 0x000000008ec00000| Complete |  0
| 161|0x000000008ed00000, 0x000000008ee00000, 0x000000008ee00000|100%|HC|  |TAMS 0x000000008ed00000| PB 0x000000008ed00000| Complete |  0
| 162|0x000000008ee00000, 0x000000008ef00000, 0x000000008ef00000|100%|HC|  |TAMS 0x000000008ee00000| PB 0x000000008ee00000| Complete |  0
| 163|0x000000008ef00000, 0x000000008f000000, 0x000000008f000000|100%|HC|  |TAMS 0x000000008ef00000| PB 0x000000008ef00000| Complete |  0
| 164|0x000000008f000000, 0x000000008f100000, 0x000000008f100000|100%|HS|  |TAMS 0x000000008f000000| PB 0x000000008f000000| Complete |  0
| 165|0x000000008f100000, 0x000000008f200000, 0x000000008f200000|100%|HC|  |TAMS 0x000000008f100000| PB 0x000000008f100000| Complete |  0
| 166|0x000000008f200000, 0x000000008f300000, 0x000000008f300000|100%|HC|  |TAMS 0x000000008f200000| PB 0x000000008f200000| Complete |  0
| 167|0x000000008f300000, 0x000000008f400000, 0x000000008f400000|100%|HC|  |TAMS 0x000000008f300000| PB 0x000000008f300000| Complete |  0
| 168|0x000000008f400000, 0x000000008f500000, 0x000000008f500000|100%|HC|  |TAMS 0x000000008f400000| PB 0x000000008f400000| Complete |  0
| 169|0x000000008f500000, 0x000000008f600000, 0x000000008f600000|100%|HC|  |TAMS 0x000000008f500000| PB 0x000000008f500000| Complete |  0
| 170|0x000000008f600000, 0x000000008f700000, 0x000000008f700000|100%|HC|  |TAMS 0x000000008f600000| PB 0x000000008f600000| Complete |  0
| 171|0x000000008f700000, 0x000000008f800000, 0x000000008f800000|100%|HC|  |TAMS 0x000000008f700000| PB 0x000000008f700000| Complete |  0
| 172|0x000000008f800000, 0x000000008f900000, 0x000000008f900000|100%|HC|  |TAMS 0x000000008f800000| PB 0x000000008f800000| Complete |  0
| 173|0x000000008f900000, 0x000000008fa00000, 0x000000008fa00000|100%|HC|  |TAMS 0x000000008f900000| PB 0x000000008f900000| Complete |  0
| 174|0x000000008fa00000, 0x000000008fb00000, 0x000000008fb00000|100%|HC|  |TAMS 0x000000008fa00000| PB 0x000000008fa00000| Complete |  0
| 175|0x000000008fb00000, 0x000000008fc00000, 0x000000008fc00000|100%|HC|  |TAMS 0x000000008fb00000| PB 0x000000008fb00000| Complete |  0
| 176|0x000000008fc00000, 0x000000008fd00000, 0x000000008fd00000|100%|HC|  |TAMS 0x000000008fc00000| PB 0x000000008fc00000| Complete |  0
| 177|0x000000008fd00000, 0x000000008fe00000, 0x000000008fe00000|100%|HC|  |TAMS 0x000000008fd00000| PB 0x000000008fd00000| Complete |  0
| 178|0x000000008fe00000, 0x000000008ff00000, 0x000000008ff00000|100%|HC|  |TAMS 0x000000008fe00000| PB 0x000000008fe00000| Complete |  0
| 179|0x000000008ff00000, 0x0000000090000000, 0x0000000090000000|100%|HC|  |TAMS 0x000000008ff00000| PB 0x000000008ff00000| Complete |  0
| 180|0x0000000090000000, 0x0000000090100000, 0x0000000090100000|100%|HC|  |TAMS 0x0000000090000000| PB 0x0000000090000000| Complete |  0
| 181|0x0000000090100000, 0x0000000090200000, 0x0000000090200000|100%|HC|  |TAMS 0x0000000090100000| PB 0x0000000090100000| Complete |  0
| 182|0x0000000090200000, 0x0000000090300000, 0x0000000090300000|100%|HC|  |TAMS 0x0000000090200000| PB 0x0000000090200000| Complete |  0
| 183|0x0000000090300000, 0x0000000090400000, 0x0000000090400000|100%|HC|  |TAMS 0x0000000090300000| PB 0x0000000090300000| Complete |  0
| 184|0x0000000090400000, 0x0000000090500000, 0x0000000090500000|100%|HC|  |TAMS 0x0000000090400000| PB 0x0000000090400000| Complete |  0
| 185|0x0000000090500000, 0x0000000090600000, 0x0000000090600000|100%|HC|  |TAMS 0x0000000090500000| PB 0x0000000090500000| Complete |  0
| 186|0x0000000090600000, 0x0000000090700000, 0x0000000090700000|100%|HC|  |TAMS 0x0000000090600000| PB 0x0000000090600000| Complete |  0
| 187|0x0000000090700000, 0x0000000090800000, 0x0000000090800000|100%|HC|  |TAMS 0x0000000090700000| PB 0x0000000090700000| Complete |  0
| 188|0x0000000090800000, 0x0000000090900000, 0x0000000090900000|100%|HC|  |TAMS 0x0000000090800000| PB 0x0000000090800000| Complete |  0
| 189|0x0000000090900000, 0x0000000090a00000, 0x0000000090a00000|100%|HC|  |TAMS 0x0000000090900000| PB 0x0000000090900000| Complete |  0
| 190|0x0000000090a00000, 0x0000000090b00000, 0x0000000090b00000|100%|HC|  |TAMS 0x0000000090a00000| PB 0x0000000090a00000| Complete |  0
| 191|0x0000000090b00000, 0x0000000090c00000, 0x0000000090c00000|100%|HC|  |TAMS 0x0000000090b00000| PB 0x0000000090b00000| Complete |  0
| 192|0x0000000090c00000, 0x0000000090d00000, 0x0000000090d00000|100%|HC|  |TAMS 0x0000000090c00000| PB 0x0000000090c00000| Complete |  0
| 193|0x0000000090d00000, 0x0000000090e00000, 0x0000000090e00000|100%|HC|  |TAMS 0x0000000090d00000| PB 0x0000000090d00000| Complete |  0
| 194|0x0000000090e00000, 0x0000000090f00000, 0x0000000090f00000|100%|HC|  |TAMS 0x0000000090e00000| PB 0x0000000090e00000| Complete |  0
| 195|0x0000000090f00000, 0x0000000091000000, 0x0000000091000000|100%|HC|  |TAMS 0x0000000090f00000| PB 0x0000000090f00000| Complete |  0
| 196|0x0000000091000000, 0x0000000091100000, 0x0000000091100000|100%|HC|  |TAMS 0x0000000091000000| PB 0x0000000091000000| Complete |  0
| 197|0x0000000091100000, 0x0000000091200000, 0x0000000091200000|100%|HC|  |TAMS 0x0000000091100000| PB 0x0000000091100000| Complete |  0
| 198|0x0000000091200000, 0x0000000091300000, 0x0000000091300000|100%|HC|  |TAMS 0x0000000091200000| PB 0x0000000091200000| Complete |  0
| 199|0x0000000091300000, 0x0000000091400000, 0x0000000091400000|100%|HC|  |TAMS 0x0000000091300000| PB 0x0000000091300000| Complete |  0
| 200|0x0000000091400000, 0x0000000091500000, 0x0000000091500000|100%|HC|  |TAMS 0x0000000091400000| PB 0x0000000091400000| Complete |  0
| 201|0x0000000091500000, 0x0000000091600000, 0x0000000091600000|100%|HC|  |TAMS 0x0000000091500000| PB 0x0000000091500000| Complete |  0
| 202|0x0000000091600000, 0x0000000091700000, 0x0000000091700000|100%|HC|  |TAMS 0x0000000091600000| PB 0x0000000091600000| Complete |  0
| 203|0x0000000091700000, 0x0000000091800000, 0x0000000091800000|100%|HC|  |TAMS 0x0000000091700000| PB 0x0000000091700000| Complete |  0
| 204|0x0000000091800000, 0x0000000091900000, 0x0000000091900000|100%|HC|  |TAMS 0x0000000091800000| PB 0x0000000091800000| Complete |  0
| 205|0x0000000091900000, 0x0000000091a00000, 0x0000000091a00000|100%|HC|  |TAMS 0x0000000091900000| PB 0x0000000091900000| Complete |  0
| 206|0x0000000091a00000, 0x0000000091b00000, 0x0000000091b00000|100%|HS|  |TAMS 0x0000000091a00000| PB 0x0000000091a00000| Complete |  0
| 207|0x0000000091b00000, 0x0000000091c00000, 0x0000000091c00000|100%|HC|  |TAMS 0x0000000091b00000| PB 0x0000000091b00000| Complete |  0
| 208|0x0000000091c00000, 0x0000000091d00000, 0x0000000091d00000|100%|HC|  |TAMS 0x0000000091c00000| PB 0x0000000091c00000| Complete |  0
| 209|0x0000000091d00000, 0x0000000091e00000, 0x0000000091e00000|100%|HC|  |TAMS 0x0000000091d00000| PB 0x0000000091d00000| Complete |  0
| 210|0x0000000091e00000, 0x0000000091f00000, 0x0000000091f00000|100%|HC|  |TAMS 0x0000000091e00000| PB 0x0000000091e00000| Complete |  0
| 211|0x0000000091f00000, 0x0000000092000000, 0x0000000092000000|100%|HC|  |TAMS 0x0000000091f00000| PB 0x0000000091f00000| Complete |  0
| 212|0x0000000092000000, 0x0000000092100000, 0x0000000092100000|100%|HC|  |TAMS 0x0000000092000000| PB 0x0000000092000000| Complete |  0
| 213|0x0000000092100000, 0x0000000092200000, 0x0000000092200000|100%|HC|  |TAMS 0x0000000092100000| PB 0x0000000092100000| Complete |  0
| 214|0x0000000092200000, 0x0000000092300000, 0x0000000092300000|100%|HC|  |TAMS 0x0000000092200000| PB 0x0000000092200000| Complete |  0
| 215|0x0000000092300000, 0x0000000092400000, 0x0000000092400000|100%|HC|  |TAMS 0x0000000092300000| PB 0x0000000092300000| Complete |  0
| 216|0x0000000092400000, 0x0000000092500000, 0x0000000092500000|100%|HC|  |TAMS 0x0000000092400000| PB 0x0000000092400000| Complete |  0
| 217|0x0000000092500000, 0x0000000092600000, 0x0000000092600000|100%|HC|  |TAMS 0x0000000092500000| PB 0x0000000092500000| Complete |  0
| 218|0x0000000092600000, 0x0000000092700000, 0x0000000092700000|100%|HC|  |TAMS 0x0000000092600000| PB 0x0000000092600000| Complete |  0
| 219|0x0000000092700000, 0x0000000092800000, 0x0000000092800000|100%|HC|  |TAMS 0x0000000092700000| PB 0x0000000092700000| Complete |  0
| 220|0x0000000092800000, 0x0000000092900000, 0x0000000092900000|100%|HC|  |TAMS 0x0000000092800000| PB 0x0000000092800000| Complete |  0
| 221|0x0000000092900000, 0x0000000092a00000, 0x0000000092a00000|100%|HC|  |TAMS 0x0000000092900000| PB 0x0000000092900000| Complete |  0
| 222|0x0000000092a00000, 0x0000000092b00000, 0x0000000092b00000|100%|HC|  |TAMS 0x0000000092a00000| PB 0x0000000092a00000| Complete |  0
| 223|0x0000000092b00000, 0x0000000092c00000, 0x0000000092c00000|100%|HC|  |TAMS 0x0000000092b00000| PB 0x0000000092b00000| Complete |  0
| 224|0x0000000092c00000, 0x0000000092d00000, 0x0000000092d00000|100%|HC|  |TAMS 0x0000000092c00000| PB 0x0000000092c00000| Complete |  0
| 225|0x0000000092d00000, 0x0000000092e00000, 0x0000000092e00000|100%|HC|  |TAMS 0x0000000092d00000| PB 0x0000000092d00000| Complete |  0
| 226|0x0000000092e00000, 0x0000000092f00000, 0x0000000092f00000|100%|HC|  |TAMS 0x0000000092e00000| PB 0x0000000092e00000| Complete |  0
| 227|0x0000000092f00000, 0x0000000093000000, 0x0000000093000000|100%|HC|  |TAMS 0x0000000092f00000| PB 0x0000000092f00000| Complete |  0
| 228|0x0000000093000000, 0x0000000093100000, 0x0000000093100000|100%|HC|  |TAMS 0x0000000093000000| PB 0x0000000093000000| Complete |  0
| 229|0x0000000093100000, 0x0000000093200000, 0x0000000093200000|100%|HC|  |TAMS 0x0000000093100000| PB 0x0000000093100000| Complete |  0
| 230|0x0000000093200000, 0x0000000093300000, 0x0000000093300000|100%|HC|  |TAMS 0x0000000093200000| PB 0x0000000093200000| Complete |  0
| 231|0x0000000093300000, 0x0000000093400000, 0x0000000093400000|100%|HC|  |TAMS 0x0000000093300000| PB 0x0000000093300000| Complete |  0
| 232|0x0000000093400000, 0x0000000093500000, 0x0000000093500000|100%|HC|  |TAMS 0x0000000093400000| PB 0x0000000093400000| Complete |  0
| 233|0x0000000093500000, 0x0000000093600000, 0x0000000093600000|100%|HC|  |TAMS 0x0000000093500000| PB 0x0000000093500000| Complete |  0
| 234|0x0000000093600000, 0x0000000093700000, 0x0000000093700000|100%|HC|  |TAMS 0x0000000093600000| PB 0x0000000093600000| Complete |  0
| 235|0x0000000093700000, 0x0000000093800000, 0x0000000093800000|100%|HC|  |TAMS 0x0000000093700000| PB 0x0000000093700000| Complete |  0
| 236|0x0000000093800000, 0x0000000093900000, 0x0000000093900000|100%|HC|  |TAMS 0x0000000093800000| PB 0x0000000093800000| Complete |  0
| 237|0x0000000093900000, 0x0000000093a00000, 0x0000000093a00000|100%|HC|  |TAMS 0x0000000093900000| PB 0x0000000093900000| Complete |  0
| 238|0x0000000093a00000, 0x0000000093b00000, 0x0000000093b00000|100%|HC|  |TAMS 0x0000000093a00000| PB 0x0000000093a00000| Complete |  0
| 239|0x0000000093b00000, 0x0000000093c00000, 0x0000000093c00000|100%|HC|  |TAMS 0x0000000093b00000| PB 0x0000000093b00000| Complete |  0
| 240|0x0000000093c00000, 0x0000000093d00000, 0x0000000093d00000|100%|HC|  |TAMS 0x0000000093c00000| PB 0x0000000093c00000| Complete |  0
| 241|0x0000000093d00000, 0x0000000093e00000, 0x0000000093e00000|100%|HC|  |TAMS 0x0000000093d00000| PB 0x0000000093d00000| Complete |  0
| 242|0x0000000093e00000, 0x0000000093f00000, 0x0000000093f00000|100%|HC|  |TAMS 0x0000000093e00000| PB 0x0000000093e00000| Complete |  0
| 243|0x0000000093f00000, 0x0000000094000000, 0x0000000094000000|100%|HC|  |TAMS 0x0000000093f00000| PB 0x0000000093f00000| Complete |  0
| 244|0x0000000094000000, 0x0000000094100000, 0x0000000094100000|100%|HC|  |TAMS 0x0000000094000000| PB 0x0000000094000000| Complete |  0
| 245|0x0000000094100000, 0x0000000094200000, 0x0000000094200000|100%|HC|  |TAMS 0x0000000094100000| PB 0x0000000094100000| Complete |  0
| 246|0x0000000094200000, 0x0000000094300000, 0x0000000094300000|100%|HC|  |TAMS 0x0000000094200000| PB 0x0000000094200000| Complete |  0
| 247|0x0000000094300000, 0x0000000094400000, 0x0000000094400000|100%|HC|  |TAMS 0x0000000094300000| PB 0x0000000094300000| Complete |  0
| 248|0x0000000094400000, 0x0000000094500000, 0x0000000094500000|100%|HC|  |TAMS 0x0000000094400000| PB 0x0000000094400000| Complete |  0
| 249|0x0000000094500000, 0x0000000094600000, 0x0000000094600000|100%|HC|  |TAMS 0x0000000094500000| PB 0x0000000094500000| Complete |  0
| 250|0x0000000094600000, 0x0000000094700000, 0x0000000094700000|100%|HC|  |TAMS 0x0000000094600000| PB 0x0000000094600000| Complete |  0
| 251|0x0000000094700000, 0x0000000094800000, 0x0000000094800000|100%|HC|  |TAMS 0x0000000094700000| PB 0x0000000094700000| Complete |  0
| 252|0x0000000094800000, 0x0000000094900000, 0x0000000094900000|100%|HS|  |TAMS 0x0000000094800000| PB 0x0000000094800000| Complete |  0
| 253|0x0000000094900000, 0x0000000094a00000, 0x0000000094a00000|100%|HC|  |TAMS 0x0000000094900000| PB 0x0000000094900000| Complete |  0
| 254|0x0000000094a00000, 0x0000000094b00000, 0x0000000094b00000|100%|HC|  |TAMS 0x0000000094a00000| PB 0x0000000094a00000| Complete |  0
| 255|0x0000000094b00000, 0x0000000094c00000, 0x0000000094c00000|100%|HC|  |TAMS 0x0000000094b00000| PB 0x0000000094b00000| Complete |  0
| 256|0x0000000094c00000, 0x0000000094d00000, 0x0000000094d00000|100%|HC|  |TAMS 0x0000000094c00000| PB 0x0000000094c00000| Complete |  0
| 257|0x0000000094d00000, 0x0000000094e00000, 0x0000000094e00000|100%|HC|  |TAMS 0x0000000094d00000| PB 0x0000000094d00000| Complete |  0
| 258|0x0000000094e00000, 0x0000000094f00000, 0x0000000094f00000|100%|HC|  |TAMS 0x0000000094e00000| PB 0x0000000094e00000| Complete |  0
| 259|0x0000000094f00000, 0x0000000095000000, 0x0000000095000000|100%|HC|  |TAMS 0x0000000094f00000| PB 0x0000000094f00000| Complete |  0
| 260|0x0000000095000000, 0x0000000095100000, 0x0000000095100000|100%|HC|  |TAMS 0x0000000095000000| PB 0x0000000095000000| Complete |  0
| 261|0x0000000095100000, 0x0000000095200000, 0x0000000095200000|100%|HC|  |TAMS 0x0000000095100000| PB 0x0000000095100000| Complete |  0
| 262|0x0000000095200000, 0x0000000095300000, 0x0000000095300000|100%|HC|  |TAMS 0x0000000095200000| PB 0x0000000095200000| Complete |  0
| 263|0x0000000095300000, 0x0000000095400000, 0x0000000095400000|100%|HC|  |TAMS 0x0000000095300000| PB 0x0000000095300000| Complete |  0
| 264|0x0000000095400000, 0x0000000095500000, 0x0000000095500000|100%|HC|  |TAMS 0x0000000095400000| PB 0x0000000095400000| Complete |  0
| 265|0x0000000095500000, 0x0000000095600000, 0x0000000095600000|100%|HC|  |TAMS 0x0000000095500000| PB 0x0000000095500000| Complete |  0
| 266|0x0000000095600000, 0x0000000095700000, 0x0000000095700000|100%|HC|  |TAMS 0x0000000095600000| PB 0x0000000095600000| Complete |  0
| 267|0x0000000095700000, 0x0000000095800000, 0x0000000095800000|100%|HC|  |TAMS 0x0000000095700000| PB 0x0000000095700000| Complete |  0
| 268|0x0000000095800000, 0x0000000095900000, 0x0000000095900000|100%|HC|  |TAMS 0x0000000095800000| PB 0x0000000095800000| Complete |  0
| 269|0x0000000095900000, 0x0000000095a00000, 0x0000000095a00000|100%|HC|  |TAMS 0x0000000095900000| PB 0x0000000095900000| Complete |  0
| 270|0x0000000095a00000, 0x0000000095b00000, 0x0000000095b00000|100%|HC|  |TAMS 0x0000000095a00000| PB 0x0000000095a00000| Complete |  0
| 271|0x0000000095b00000, 0x0000000095c00000, 0x0000000095c00000|100%|HC|  |TAMS 0x0000000095b00000| PB 0x0000000095b00000| Complete |  0
| 272|0x0000000095c00000, 0x0000000095d00000, 0x0000000095d00000|100%|HC|  |TAMS 0x0000000095c00000| PB 0x0000000095c00000| Complete |  0
| 273|0x0000000095d00000, 0x0000000095e00000, 0x0000000095e00000|100%|HC|  |TAMS 0x0000000095d00000| PB 0x0000000095d00000| Complete |  0
| 274|0x0000000095e00000, 0x0000000095f00000, 0x0000000095f00000|100%|HC|  |TAMS 0x0000000095e00000| PB 0x0000000095e00000| Complete |  0
| 275|0x0000000095f00000, 0x0000000096000000, 0x0000000096000000|100%|HC|  |TAMS 0x0000000095f00000| PB 0x0000000095f00000| Complete |  0
| 276|0x0000000096000000, 0x0000000096100000, 0x0000000096100000|100%|HC|  |TAMS 0x0000000096000000| PB 0x0000000096000000| Complete |  0
| 277|0x0000000096100000, 0x0000000096200000, 0x0000000096200000|100%|HC|  |TAMS 0x0000000096100000| PB 0x0000000096100000| Complete |  0
| 278|0x0000000096200000, 0x0000000096300000, 0x0000000096300000|100%|HC|  |TAMS 0x0000000096200000| PB 0x0000000096200000| Complete |  0
| 279|0x0000000096300000, 0x0000000096400000, 0x0000000096400000|100%|HC|  |TAMS 0x0000000096300000| PB 0x0000000096300000| Complete |  0
| 280|0x0000000096400000, 0x0000000096500000, 0x0000000096500000|100%|HC|  |TAMS 0x0000000096400000| PB 0x0000000096400000| Complete |  0
| 281|0x0000000096500000, 0x0000000096600000, 0x0000000096600000|100%|HC|  |TAMS 0x0000000096500000| PB 0x0000000096500000| Complete |  0
| 282|0x0000000096600000, 0x0000000096700000, 0x0000000096700000|100%|HC|  |TAMS 0x0000000096600000| PB 0x0000000096600000| Complete |  0
| 283|0x0000000096700000, 0x0000000096800000, 0x0000000096800000|100%|HC|  |TAMS 0x0000000096700000| PB 0x0000000096700000| Complete |  0
| 284|0x0000000096800000, 0x0000000096900000, 0x0000000096900000|100%|HC|  |TAMS 0x0000000096800000| PB 0x0000000096800000| Complete |  0
| 285|0x0000000096900000, 0x0000000096a00000, 0x0000000096a00000|100%|HC|  |TAMS 0x0000000096900000| PB 0x0000000096900000| Complete |  0
| 286|0x0000000096a00000, 0x0000000096b00000, 0x0000000096b00000|100%|HC|  |TAMS 0x0000000096a00000| PB 0x0000000096a00000| Complete |  0
| 287|0x0000000096b00000, 0x0000000096c00000, 0x0000000096c00000|100%|HC|  |TAMS 0x0000000096b00000| PB 0x0000000096b00000| Complete |  0
| 288|0x0000000096c00000, 0x0000000096d00000, 0x0000000096d00000|100%|HC|  |TAMS 0x0000000096c00000| PB 0x0000000096c00000| Complete |  0
| 289|0x0000000096d00000, 0x0000000096e00000, 0x0000000096e00000|100%|HC|  |TAMS 0x0000000096d00000| PB 0x0000000096d00000| Complete |  0
| 290|0x0000000096e00000, 0x0000000096f00000, 0x0000000096f00000|100%|HC|  |TAMS 0x0000000096e00000| PB 0x0000000096e00000| Complete |  0
| 291|0x0000000096f00000, 0x0000000097000000, 0x0000000097000000|100%|HC|  |TAMS 0x0000000096f00000| PB 0x0000000096f00000| Complete |  0
| 292|0x0000000097000000, 0x0000000097100000, 0x0000000097100000|100%|HC|  |TAMS 0x0000000097000000| PB 0x0000000097000000| Complete |  0
| 293|0x0000000097100000, 0x0000000097200000, 0x0000000097200000|100%|HC|  |TAMS 0x0000000097100000| PB 0x0000000097100000| Complete |  0
| 294|0x0000000097200000, 0x0000000097300000, 0x0000000097300000|100%|HC|  |TAMS 0x0000000097200000| PB 0x0000000097200000| Complete |  0
| 295|0x0000000097300000, 0x0000000097400000, 0x0000000097400000|100%|HC|  |TAMS 0x0000000097300000| PB 0x0000000097300000| Complete |  0
| 296|0x0000000097400000, 0x0000000097500000, 0x0000000097500000|100%|HC|  |TAMS 0x0000000097400000| PB 0x0000000097400000| Complete |  0
| 297|0x0000000097500000, 0x0000000097600000, 0x0000000097600000|100%|HC|  |TAMS 0x0000000097500000| PB 0x0000000097500000| Complete |  0
| 298|0x0000000097600000, 0x0000000097700000, 0x0000000097700000|100%|HC|  |TAMS 0x0000000097600000| PB 0x0000000097600000| Complete |  0
| 299|0x0000000097700000, 0x0000000097800000, 0x0000000097800000|100%|HC|  |TAMS 0x0000000097700000| PB 0x0000000097700000| Complete |  0
| 300|0x0000000097800000, 0x0000000097900000, 0x0000000097900000|100%|HC|  |TAMS 0x0000000097800000| PB 0x0000000097800000| Complete |  0
| 301|0x0000000097900000, 0x0000000097a00000, 0x0000000097a00000|100%|HC|  |TAMS 0x0000000097900000| PB 0x0000000097900000| Complete |  0
| 302|0x0000000097a00000, 0x0000000097b00000, 0x0000000097b00000|100%|HC|  |TAMS 0x0000000097a00000| PB 0x0000000097a00000| Complete |  0
| 303|0x0000000097b00000, 0x0000000097c00000, 0x0000000097c00000|100%|HC|  |TAMS 0x0000000097b00000| PB 0x0000000097b00000| Complete |  0
| 304|0x0000000097c00000, 0x0000000097d00000, 0x0000000097d00000|100%|HS|  |TAMS 0x0000000097c00000| PB 0x0000000097c00000| Complete |  0
| 305|0x0000000097d00000, 0x0000000097e00000, 0x0000000097e00000|100%|HC|  |TAMS 0x0000000097d00000| PB 0x0000000097d00000| Complete |  0
| 306|0x0000000097e00000, 0x0000000097f00000, 0x0000000097f00000|100%|HC|  |TAMS 0x0000000097e00000| PB 0x0000000097e00000| Complete |  0
| 307|0x0000000097f00000, 0x0000000098000000, 0x0000000098000000|100%|HC|  |TAMS 0x0000000097f00000| PB 0x0000000097f00000| Complete |  0
| 308|0x0000000098000000, 0x0000000098100000, 0x0000000098100000|100%|HC|  |TAMS 0x0000000098000000| PB 0x0000000098000000| Complete |  0
| 309|0x0000000098100000, 0x0000000098200000, 0x0000000098200000|100%|HC|  |TAMS 0x0000000098100000| PB 0x0000000098100000| Complete |  0
| 310|0x0000000098200000, 0x0000000098300000, 0x0000000098300000|100%|HC|  |TAMS 0x0000000098200000| PB 0x0000000098200000| Complete |  0
| 311|0x0000000098300000, 0x0000000098400000, 0x0000000098400000|100%|HC|  |TAMS 0x0000000098300000| PB 0x0000000098300000| Complete |  0
| 312|0x0000000098400000, 0x0000000098500000, 0x0000000098500000|100%|HC|  |TAMS 0x0000000098400000| PB 0x0000000098400000| Complete |  0
| 313|0x0000000098500000, 0x0000000098600000, 0x0000000098600000|100%|HC|  |TAMS 0x0000000098500000| PB 0x0000000098500000| Complete |  0
| 314|0x0000000098600000, 0x0000000098700000, 0x0000000098700000|100%|HC|  |TAMS 0x0000000098600000| PB 0x0000000098600000| Complete |  0
| 315|0x0000000098700000, 0x0000000098800000, 0x0000000098800000|100%|HC|  |TAMS 0x0000000098700000| PB 0x0000000098700000| Complete |  0
| 316|0x0000000098800000, 0x0000000098900000, 0x0000000098900000|100%|HC|  |TAMS 0x0000000098800000| PB 0x0000000098800000| Complete |  0
| 317|0x0000000098900000, 0x0000000098a00000, 0x0000000098a00000|100%|HC|  |TAMS 0x0000000098900000| PB 0x0000000098900000| Complete |  0
| 318|0x0000000098a00000, 0x0000000098b00000, 0x0000000098b00000|100%|HC|  |TAMS 0x0000000098a00000| PB 0x0000000098a00000| Complete |  0
| 319|0x0000000098b00000, 0x0000000098c00000, 0x0000000098c00000|100%|HC|  |TAMS 0x0000000098b00000| PB 0x0000000098b00000| Complete |  0
| 320|0x0000000098c00000, 0x0000000098d00000, 0x0000000098d00000|100%|HC|  |TAMS 0x0000000098c00000| PB 0x0000000098c00000| Complete |  0
| 321|0x0000000098d00000, 0x0000000098e00000, 0x0000000098e00000|100%|HC|  |TAMS 0x0000000098d00000| PB 0x0000000098d00000| Complete |  0
| 322|0x0000000098e00000, 0x0000000098f00000, 0x0000000098f00000|100%|HC|  |TAMS 0x0000000098e00000| PB 0x0000000098e00000| Complete |  0
| 323|0x0000000098f00000, 0x0000000099000000, 0x0000000099000000|100%|HC|  |TAMS 0x0000000098f00000| PB 0x0000000098f00000| Complete |  0
| 324|0x0000000099000000, 0x0000000099100000, 0x0000000099100000|100%|HC|  |TAMS 0x0000000099000000| PB 0x0000000099000000| Complete |  0
| 325|0x0000000099100000, 0x0000000099200000, 0x0000000099200000|100%|HC|  |TAMS 0x0000000099100000| PB 0x0000000099100000| Complete |  0
| 326|0x0000000099200000, 0x0000000099300000, 0x0000000099300000|100%|HC|  |TAMS 0x0000000099200000| PB 0x0000000099200000| Complete |  0
| 327|0x0000000099300000, 0x0000000099400000, 0x0000000099400000|100%|HC|  |TAMS 0x0000000099300000| PB 0x0000000099300000| Complete |  0
| 328|0x0000000099400000, 0x0000000099500000, 0x0000000099500000|100%|HC|  |TAMS 0x0000000099400000| PB 0x0000000099400000| Complete |  0
| 329|0x0000000099500000, 0x0000000099600000, 0x0000000099600000|100%|HC|  |TAMS 0x0000000099500000| PB 0x0000000099500000| Complete |  0
| 330|0x0000000099600000, 0x0000000099700000, 0x0000000099700000|100%|HC|  |TAMS 0x0000000099600000| PB 0x0000000099600000| Complete |  0
| 331|0x0000000099700000, 0x0000000099800000, 0x0000000099800000|100%|HC|  |TAMS 0x0000000099700000| PB 0x0000000099700000| Complete |  0
| 332|0x0000000099800000, 0x0000000099900000, 0x0000000099900000|100%|HC|  |TAMS 0x0000000099800000| PB 0x0000000099800000| Complete |  0
| 333|0x0000000099900000, 0x0000000099a00000, 0x0000000099a00000|100%|HC|  |TAMS 0x0000000099900000| PB 0x0000000099900000| Complete |  0
| 334|0x0000000099a00000, 0x0000000099b00000, 0x0000000099b00000|100%|HC|  |TAMS 0x0000000099a00000| PB 0x0000000099a00000| Complete |  0
| 335|0x0000000099b00000, 0x0000000099c00000, 0x0000000099c00000|100%|HC|  |TAMS 0x0000000099b00000| PB 0x0000000099b00000| Complete |  0
| 336|0x0000000099c00000, 0x0000000099d00000, 0x0000000099d00000|100%|HC|  |TAMS 0x0000000099c00000| PB 0x0000000099c00000| Complete |  0
| 337|0x0000000099d00000, 0x0000000099e00000, 0x0000000099e00000|100%|HC|  |TAMS 0x0000000099d00000| PB 0x0000000099d00000| Complete |  0
| 338|0x0000000099e00000, 0x0000000099f00000, 0x0000000099f00000|100%|HC|  |TAMS 0x0000000099e00000| PB 0x0000000099e00000| Complete |  0
| 339|0x0000000099f00000, 0x000000009a000000, 0x000000009a000000|100%|HC|  |TAMS 0x0000000099f00000| PB 0x0000000099f00000| Complete |  0
| 340|0x000000009a000000, 0x000000009a100000, 0x000000009a100000|100%|HC|  |TAMS 0x000000009a000000| PB 0x000000009a000000| Complete |  0
| 341|0x000000009a100000, 0x000000009a200000, 0x000000009a200000|100%|HC|  |TAMS 0x000000009a100000| PB 0x000000009a100000| Complete |  0
| 342|0x000000009a200000, 0x000000009a300000, 0x000000009a300000|100%|HC|  |TAMS 0x000000009a200000| PB 0x000000009a200000| Complete |  0
| 343|0x000000009a300000, 0x000000009a400000, 0x000000009a400000|100%|HC|  |TAMS 0x000000009a300000| PB 0x000000009a300000| Complete |  0
| 344|0x000000009a400000, 0x000000009a500000, 0x000000009a500000|100%|HS|  |TAMS 0x000000009a400000| PB 0x000000009a400000| Complete |  0
| 345|0x000000009a500000, 0x000000009a600000, 0x000000009a600000|100%|HC|  |TAMS 0x000000009a500000| PB 0x000000009a500000| Complete |  0
| 346|0x000000009a600000, 0x000000009a700000, 0x000000009a700000|100%|HC|  |TAMS 0x000000009a600000| PB 0x000000009a600000| Complete |  0
| 347|0x000000009a700000, 0x000000009a800000, 0x000000009a800000|100%|HC|  |TAMS 0x000000009a700000| PB 0x000000009a700000| Complete |  0
| 348|0x000000009a800000, 0x000000009a900000, 0x000000009a900000|100%|HC|  |TAMS 0x000000009a800000| PB 0x000000009a800000| Complete |  0
| 349|0x000000009a900000, 0x000000009aa00000, 0x000000009aa00000|100%|HC|  |TAMS 0x000000009a900000| PB 0x000000009a900000| Complete |  0
| 350|0x000000009aa00000, 0x000000009ab00000, 0x000000009ab00000|100%|HC|  |TAMS 0x000000009aa00000| PB 0x000000009aa00000| Complete |  0
| 351|0x000000009ab00000, 0x000000009ac00000, 0x000000009ac00000|100%|HC|  |TAMS 0x000000009ab00000| PB 0x000000009ab00000| Complete |  0
| 352|0x000000009ac00000, 0x000000009ad00000, 0x000000009ad00000|100%|HC|  |TAMS 0x000000009ac00000| PB 0x000000009ac00000| Complete |  0
| 353|0x000000009ad00000, 0x000000009ae00000, 0x000000009ae00000|100%|HC|  |TAMS 0x000000009ad00000| PB 0x000000009ad00000| Complete |  0
| 354|0x000000009ae00000, 0x000000009af00000, 0x000000009af00000|100%|HC|  |TAMS 0x000000009ae00000| PB 0x000000009ae00000| Complete |  0
| 355|0x000000009af00000, 0x000000009b000000, 0x000000009b000000|100%|HC|  |TAMS 0x000000009af00000| PB 0x000000009af00000| Complete |  0
| 356|0x000000009b000000, 0x000000009b100000, 0x000000009b100000|100%|HC|  |TAMS 0x000000009b000000| PB 0x000000009b000000| Complete |  0
| 357|0x000000009b100000, 0x000000009b200000, 0x000000009b200000|100%|HC|  |TAMS 0x000000009b100000| PB 0x000000009b100000| Complete |  0
| 358|0x000000009b200000, 0x000000009b300000, 0x000000009b300000|100%|HC|  |TAMS 0x000000009b200000| PB 0x000000009b200000| Complete |  0
| 359|0x000000009b300000, 0x000000009b400000, 0x000000009b400000|100%|HC|  |TAMS 0x000000009b300000| PB 0x000000009b300000| Complete |  0
| 360|0x000000009b400000, 0x000000009b500000, 0x000000009b500000|100%|HC|  |TAMS 0x000000009b400000| PB 0x000000009b400000| Complete |  0
| 361|0x000000009b500000, 0x000000009b600000, 0x000000009b600000|100%|HC|  |TAMS 0x000000009b500000| PB 0x000000009b500000| Complete |  0
| 362|0x000000009b600000, 0x000000009b700000, 0x000000009b700000|100%|HC|  |TAMS 0x000000009b600000| PB 0x000000009b600000| Complete |  0
| 363|0x000000009b700000, 0x000000009b800000, 0x000000009b800000|100%|HC|  |TAMS 0x000000009b700000| PB 0x000000009b700000| Complete |  0
| 364|0x000000009b800000, 0x000000009b900000, 0x000000009b900000|100%|HC|  |TAMS 0x000000009b800000| PB 0x000000009b800000| Complete |  0
| 365|0x000000009b900000, 0x000000009ba00000, 0x000000009ba00000|100%|HC|  |TAMS 0x000000009b900000| PB 0x000000009b900000| Complete |  0
| 366|0x000000009ba00000, 0x000000009bb00000, 0x000000009bb00000|100%|HC|  |TAMS 0x000000009ba00000| PB 0x000000009ba00000| Complete |  0
| 367|0x000000009bb00000, 0x000000009bc00000, 0x000000009bc00000|100%|HC|  |TAMS 0x000000009bb00000| PB 0x000000009bb00000| Complete |  0
| 368|0x000000009bc00000, 0x000000009bd00000, 0x000000009bd00000|100%|HC|  |TAMS 0x000000009bc00000| PB 0x000000009bc00000| Complete |  0
| 369|0x000000009bd00000, 0x000000009be00000, 0x000000009be00000|100%|HC|  |TAMS 0x000000009bd00000| PB 0x000000009bd00000| Complete |  0
| 370|0x000000009be00000, 0x000000009bf00000, 0x000000009bf00000|100%|HC|  |TAMS 0x000000009be00000| PB 0x000000009be00000| Complete |  0
| 371|0x000000009bf00000, 0x000000009c000000, 0x000000009c000000|100%|HC|  |TAMS 0x000000009bf00000| PB 0x000000009bf00000| Complete |  0
| 372|0x000000009c000000, 0x000000009c100000, 0x000000009c100000|100%|HC|  |TAMS 0x000000009c000000| PB 0x000000009c000000| Complete |  0
| 373|0x000000009c100000, 0x000000009c200000, 0x000000009c200000|100%|HC|  |TAMS 0x000000009c100000| PB 0x000000009c100000| Complete |  0
| 374|0x000000009c200000, 0x000000009c300000, 0x000000009c300000|100%|HC|  |TAMS 0x000000009c200000| PB 0x000000009c200000| Complete |  0
| 375|0x000000009c300000, 0x000000009c400000, 0x000000009c400000|100%|HC|  |TAMS 0x000000009c300000| PB 0x000000009c300000| Complete |  0
| 376|0x000000009c400000, 0x000000009c500000, 0x000000009c500000|100%|HC|  |TAMS 0x000000009c400000| PB 0x000000009c400000| Complete |  0
| 377|0x000000009c500000, 0x000000009c600000, 0x000000009c600000|100%|HC|  |TAMS 0x000000009c500000| PB 0x000000009c500000| Complete |  0
| 378|0x000000009c600000, 0x000000009c700000, 0x000000009c700000|100%|HC|  |TAMS 0x000000009c600000| PB 0x000000009c600000| Complete |  0
| 379|0x000000009c700000, 0x000000009c800000, 0x000000009c800000|100%|HC|  |TAMS 0x000000009c700000| PB 0x000000009c700000| Complete |  0
| 380|0x000000009c800000, 0x000000009c900000, 0x000000009c900000|100%|HC|  |TAMS 0x000000009c800000| PB 0x000000009c800000| Complete |  0
| 381|0x000000009c900000, 0x000000009ca00000, 0x000000009ca00000|100%|HC|  |TAMS 0x000000009c900000| PB 0x000000009c900000| Complete |  0
| 382|0x000000009ca00000, 0x000000009cb00000, 0x000000009cb00000|100%|HC|  |TAMS 0x000000009ca00000| PB 0x000000009ca00000| Complete |  0
| 383|0x000000009cb00000, 0x000000009cc00000, 0x000000009cc00000|100%|HC|  |TAMS 0x000000009cb00000| PB 0x000000009cb00000| Complete |  0
| 384|0x000000009cc00000, 0x000000009cd00000, 0x000000009cd00000|100%|HC|  |TAMS 0x000000009cc00000| PB 0x000000009cc00000| Complete |  0
| 385|0x000000009cd00000, 0x000000009ce00000, 0x000000009ce00000|100%|HC|  |TAMS 0x000000009cd00000| PB 0x000000009cd00000| Complete |  0
| 386|0x000000009ce00000, 0x000000009cf00000, 0x000000009cf00000|100%|HS|  |TAMS 0x000000009ce00000| PB 0x000000009ce00000| Complete |  0
| 387|0x000000009cf00000, 0x000000009d000000, 0x000000009d000000|100%|HC|  |TAMS 0x000000009cf00000| PB 0x000000009cf00000| Complete |  0
| 388|0x000000009d000000, 0x000000009d100000, 0x000000009d100000|100%|HC|  |TAMS 0x000000009d000000| PB 0x000000009d000000| Complete |  0
| 389|0x000000009d100000, 0x000000009d200000, 0x000000009d200000|100%|HC|  |TAMS 0x000000009d100000| PB 0x000000009d100000| Complete |  0
| 390|0x000000009d200000, 0x000000009d300000, 0x000000009d300000|100%|HC|  |TAMS 0x000000009d200000| PB 0x000000009d200000| Complete |  0
| 391|0x000000009d300000, 0x000000009d400000, 0x000000009d400000|100%|HC|  |TAMS 0x000000009d300000| PB 0x000000009d300000| Complete |  0
| 392|0x000000009d400000, 0x000000009d500000, 0x000000009d500000|100%|HC|  |TAMS 0x000000009d400000| PB 0x000000009d400000| Complete |  0
| 393|0x000000009d500000, 0x000000009d600000, 0x000000009d600000|100%|HC|  |TAMS 0x000000009d500000| PB 0x000000009d500000| Complete |  0
| 394|0x000000009d600000, 0x000000009d700000, 0x000000009d700000|100%|HC|  |TAMS 0x000000009d600000| PB 0x000000009d600000| Complete |  0
| 395|0x000000009d700000, 0x000000009d800000, 0x000000009d800000|100%|HC|  |TAMS 0x000000009d700000| PB 0x000000009d700000| Complete |  0
| 396|0x000000009d800000, 0x000000009d900000, 0x000000009d900000|100%|HC|  |TAMS 0x000000009d800000| PB 0x000000009d800000| Complete |  0
| 397|0x000000009d900000, 0x000000009da00000, 0x000000009da00000|100%|HC|  |TAMS 0x000000009d900000| PB 0x000000009d900000| Complete |  0
| 398|0x000000009da00000, 0x000000009db00000, 0x000000009db00000|100%|HC|  |TAMS 0x000000009da00000| PB 0x000000009da00000| Complete |  0
| 399|0x000000009db00000, 0x000000009dc00000, 0x000000009dc00000|100%|HC|  |TAMS 0x000000009db00000| PB 0x000000009db00000| Complete |  0
| 400|0x000000009dc00000, 0x000000009dd00000, 0x000000009dd00000|100%|HC|  |TAMS 0x000000009dc00000| PB 0x000000009dc00000| Complete |  0
| 401|0x000000009dd00000, 0x000000009de00000, 0x000000009de00000|100%|HC|  |TAMS 0x000000009dd00000| PB 0x000000009dd00000| Complete |  0
| 402|0x000000009de00000, 0x000000009df00000, 0x000000009df00000|100%|HC|  |TAMS 0x000000009de00000| PB 0x000000009de00000| Complete |  0
| 403|0x000000009df00000, 0x000000009e000000, 0x000000009e000000|100%|HC|  |TAMS 0x000000009df00000| PB 0x000000009df00000| Complete |  0
| 404|0x000000009e000000, 0x000000009e100000, 0x000000009e100000|100%|HC|  |TAMS 0x000000009e000000| PB 0x000000009e000000| Complete |  0
| 405|0x000000009e100000, 0x000000009e200000, 0x000000009e200000|100%|HC|  |TAMS 0x000000009e100000| PB 0x000000009e100000| Complete |  0
| 406|0x000000009e200000, 0x000000009e300000, 0x000000009e300000|100%|HC|  |TAMS 0x000000009e200000| PB 0x000000009e200000| Complete |  0
| 407|0x000000009e300000, 0x000000009e400000, 0x000000009e400000|100%|HC|  |TAMS 0x000000009e300000| PB 0x000000009e300000| Complete |  0
| 408|0x000000009e400000, 0x000000009e500000, 0x000000009e500000|100%|HC|  |TAMS 0x000000009e400000| PB 0x000000009e400000| Complete |  0
| 409|0x000000009e500000, 0x000000009e600000, 0x000000009e600000|100%|HC|  |TAMS 0x000000009e500000| PB 0x000000009e500000| Complete |  0
| 410|0x000000009e600000, 0x000000009e700000, 0x000000009e700000|100%|HC|  |TAMS 0x000000009e600000| PB 0x000000009e600000| Complete |  0
| 411|0x000000009e700000, 0x000000009e800000, 0x000000009e800000|100%|HC|  |TAMS 0x000000009e700000| PB 0x000000009e700000| Complete |  0
| 412|0x000000009e800000, 0x000000009e900000, 0x000000009e900000|100%|HC|  |TAMS 0x000000009e800000| PB 0x000000009e800000| Complete |  0
| 413|0x000000009e900000, 0x000000009ea00000, 0x000000009ea00000|100%|HC|  |TAMS 0x000000009e900000| PB 0x000000009e900000| Complete |  0
| 414|0x000000009ea00000, 0x000000009eb00000, 0x000000009eb00000|100%|HC|  |TAMS 0x000000009ea00000| PB 0x000000009ea00000| Complete |  0
| 415|0x000000009eb00000, 0x000000009ec00000, 0x000000009ec00000|100%|HC|  |TAMS 0x000000009eb00000| PB 0x000000009eb00000| Complete |  0
| 416|0x000000009ec00000, 0x000000009ed00000, 0x000000009ed00000|100%|HC|  |TAMS 0x000000009ec00000| PB 0x000000009ec00000| Complete |  0
| 417|0x000000009ed00000, 0x000000009ee00000, 0x000000009ee00000|100%|HC|  |TAMS 0x000000009ed00000| PB 0x000000009ed00000| Complete |  0
| 418|0x000000009ee00000, 0x000000009ef00000, 0x000000009ef00000|100%|HC|  |TAMS 0x000000009ee00000| PB 0x000000009ee00000| Complete |  0
| 419|0x000000009ef00000, 0x000000009f000000, 0x000000009f000000|100%|HC|  |TAMS 0x000000009ef00000| PB 0x000000009ef00000| Complete |  0
| 420|0x000000009f000000, 0x000000009f100000, 0x000000009f100000|100%|HC|  |TAMS 0x000000009f000000| PB 0x000000009f000000| Complete |  0
| 421|0x000000009f100000, 0x000000009f200000, 0x000000009f200000|100%|HC|  |TAMS 0x000000009f100000| PB 0x000000009f100000| Complete |  0
| 422|0x000000009f200000, 0x000000009f300000, 0x000000009f300000|100%|HC|  |TAMS 0x000000009f200000| PB 0x000000009f200000| Complete |  0
| 423|0x000000009f300000, 0x000000009f400000, 0x000000009f400000|100%|HC|  |TAMS 0x000000009f300000| PB 0x000000009f300000| Complete |  0
| 424|0x000000009f400000, 0x000000009f500000, 0x000000009f500000|100%|HC|  |TAMS 0x000000009f400000| PB 0x000000009f400000| Complete |  0
| 425|0x000000009f500000, 0x000000009f600000, 0x000000009f600000|100%|HC|  |TAMS 0x000000009f500000| PB 0x000000009f500000| Complete |  0
| 426|0x000000009f600000, 0x000000009f700000, 0x000000009f700000|100%|HC|  |TAMS 0x000000009f600000| PB 0x000000009f600000| Complete |  0
| 427|0x000000009f700000, 0x000000009f800000, 0x000000009f800000|100%|HC|  |TAMS 0x000000009f700000| PB 0x000000009f700000| Complete |  0
| 428|0x000000009f800000, 0x000000009f900000, 0x000000009f900000|100%|HC|  |TAMS 0x000000009f800000| PB 0x000000009f800000| Complete |  0
| 429|0x000000009f900000, 0x000000009fa00000, 0x000000009fa00000|100%|HC|  |TAMS 0x000000009f900000| PB 0x000000009f900000| Complete |  0
| 430|0x000000009fa00000, 0x000000009fb00000, 0x000000009fb00000|100%|HC|  |TAMS 0x000000009fa00000| PB 0x000000009fa00000| Complete |  0
| 431|0x000000009fb00000, 0x000000009fc00000, 0x000000009fc00000|100%|HC|  |TAMS 0x000000009fb00000| PB 0x000000009fb00000| Complete |  0
| 432|0x000000009fc00000, 0x000000009fd00000, 0x000000009fd00000|100%|HS|  |TAMS 0x000000009fc00000| PB 0x000000009fc00000| Complete |  0
| 433|0x000000009fd00000, 0x000000009fe00000, 0x000000009fe00000|100%|HC|  |TAMS 0x000000009fd00000| PB 0x000000009fd00000| Complete |  0
| 434|0x000000009fe00000, 0x000000009ff00000, 0x000000009ff00000|100%|HC|  |TAMS 0x000000009fe00000| PB 0x000000009fe00000| Complete |  0
| 435|0x000000009ff00000, 0x00000000a0000000, 0x00000000a0000000|100%|HC|  |TAMS 0x000000009ff00000| PB 0x000000009ff00000| Complete |  0
| 436|0x00000000a0000000, 0x00000000a0100000, 0x00000000a0100000|100%|HC|  |TAMS 0x00000000a0000000| PB 0x00000000a0000000| Complete |  0
| 437|0x00000000a0100000, 0x00000000a0200000, 0x00000000a0200000|100%|HC|  |TAMS 0x00000000a0100000| PB 0x00000000a0100000| Complete |  0
| 438|0x00000000a0200000, 0x00000000a0300000, 0x00000000a0300000|100%|HC|  |TAMS 0x00000000a0200000| PB 0x00000000a0200000| Complete |  0
| 439|0x00000000a0300000, 0x00000000a0400000, 0x00000000a0400000|100%|HC|  |TAMS 0x00000000a0300000| PB 0x00000000a0300000| Complete |  0
| 440|0x00000000a0400000, 0x00000000a0500000, 0x00000000a0500000|100%|HC|  |TAMS 0x00000000a0400000| PB 0x00000000a0400000| Complete |  0
| 441|0x00000000a0500000, 0x00000000a0600000, 0x00000000a0600000|100%|HC|  |TAMS 0x00000000a0500000| PB 0x00000000a0500000| Complete |  0
| 442|0x00000000a0600000, 0x00000000a0700000, 0x00000000a0700000|100%|HC|  |TAMS 0x00000000a0600000| PB 0x00000000a0600000| Complete |  0
| 443|0x00000000a0700000, 0x00000000a0800000, 0x00000000a0800000|100%|HC|  |TAMS 0x00000000a0700000| PB 0x00000000a0700000| Complete |  0
| 444|0x00000000a0800000, 0x00000000a0900000, 0x00000000a0900000|100%|HC|  |TAMS 0x00000000a0800000| PB 0x00000000a0800000| Complete |  0
| 445|0x00000000a0900000, 0x00000000a0a00000, 0x00000000a0a00000|100%|HC|  |TAMS 0x00000000a0900000| PB 0x00000000a0900000| Complete |  0
| 446|0x00000000a0a00000, 0x00000000a0b00000, 0x00000000a0b00000|100%|HC|  |TAMS 0x00000000a0a00000| PB 0x00000000a0a00000| Complete |  0
| 447|0x00000000a0b00000, 0x00000000a0c00000, 0x00000000a0c00000|100%|HC|  |TAMS 0x00000000a0b00000| PB 0x00000000a0b00000| Complete |  0
| 448|0x00000000a0c00000, 0x00000000a0d00000, 0x00000000a0d00000|100%|HC|  |TAMS 0x00000000a0c00000| PB 0x00000000a0c00000| Complete |  0
| 449|0x00000000a0d00000, 0x00000000a0e00000, 0x00000000a0e00000|100%|HC|  |TAMS 0x00000000a0d00000| PB 0x00000000a0d00000| Complete |  0
| 450|0x00000000a0e00000, 0x00000000a0f00000, 0x00000000a0f00000|100%|HC|  |TAMS 0x00000000a0e00000| PB 0x00000000a0e00000| Complete |  0
| 451|0x00000000a0f00000, 0x00000000a1000000, 0x00000000a1000000|100%|HC|  |TAMS 0x00000000a0f00000| PB 0x00000000a0f00000| Complete |  0
| 452|0x00000000a1000000, 0x00000000a1100000, 0x00000000a1100000|100%|HC|  |TAMS 0x00000000a1000000| PB 0x00000000a1000000| Complete |  0
| 453|0x00000000a1100000, 0x00000000a1200000, 0x00000000a1200000|100%|HC|  |TAMS 0x00000000a1100000| PB 0x00000000a1100000| Complete |  0
| 454|0x00000000a1200000, 0x00000000a1300000, 0x00000000a1300000|100%|HC|  |TAMS 0x00000000a1200000| PB 0x00000000a1200000| Complete |  0
| 455|0x00000000a1300000, 0x00000000a1400000, 0x00000000a1400000|100%|HC|  |TAMS 0x00000000a1300000| PB 0x00000000a1300000| Complete |  0
| 456|0x00000000a1400000, 0x00000000a1500000, 0x00000000a1500000|100%|HC|  |TAMS 0x00000000a1400000| PB 0x00000000a1400000| Complete |  0
| 457|0x00000000a1500000, 0x00000000a1600000, 0x00000000a1600000|100%|HC|  |TAMS 0x00000000a1500000| PB 0x00000000a1500000| Complete |  0
| 458|0x00000000a1600000, 0x00000000a1700000, 0x00000000a1700000|100%|HC|  |TAMS 0x00000000a1600000| PB 0x00000000a1600000| Complete |  0
| 459|0x00000000a1700000, 0x00000000a1800000, 0x00000000a1800000|100%|HC|  |TAMS 0x00000000a1700000| PB 0x00000000a1700000| Complete |  0
| 460|0x00000000a1800000, 0x00000000a1900000, 0x00000000a1900000|100%|HC|  |TAMS 0x00000000a1800000| PB 0x00000000a1800000| Complete |  0
| 461|0x00000000a1900000, 0x00000000a1a00000, 0x00000000a1a00000|100%|HC|  |TAMS 0x00000000a1900000| PB 0x00000000a1900000| Complete |  0
| 462|0x00000000a1a00000, 0x00000000a1b00000, 0x00000000a1b00000|100%|HC|  |TAMS 0x00000000a1a00000| PB 0x00000000a1a00000| Complete |  0
| 463|0x00000000a1b00000, 0x00000000a1c00000, 0x00000000a1c00000|100%|HC|  |TAMS 0x00000000a1b00000| PB 0x00000000a1b00000| Complete |  0
| 464|0x00000000a1c00000, 0x00000000a1d00000, 0x00000000a1d00000|100%|HC|  |TAMS 0x00000000a1c00000| PB 0x00000000a1c00000| Complete |  0
| 465|0x00000000a1d00000, 0x00000000a1e00000, 0x00000000a1e00000|100%|HC|  |TAMS 0x00000000a1d00000| PB 0x00000000a1d00000| Complete |  0
| 466|0x00000000a1e00000, 0x00000000a1f00000, 0x00000000a1f00000|100%|HC|  |TAMS 0x00000000a1e00000| PB 0x00000000a1e00000| Complete |  0
| 467|0x00000000a1f00000, 0x00000000a2000000, 0x00000000a2000000|100%|HC|  |TAMS 0x00000000a1f00000| PB 0x00000000a1f00000| Complete |  0
| 468|0x00000000a2000000, 0x00000000a2100000, 0x00000000a2100000|100%|HC|  |TAMS 0x00000000a2000000| PB 0x00000000a2000000| Complete |  0
| 469|0x00000000a2100000, 0x00000000a2200000, 0x00000000a2200000|100%|HC|  |TAMS 0x00000000a2100000| PB 0x00000000a2100000| Complete |  0
| 470|0x00000000a2200000, 0x00000000a2300000, 0x00000000a2300000|100%|HC|  |TAMS 0x00000000a2200000| PB 0x00000000a2200000| Complete |  0
| 471|0x00000000a2300000, 0x00000000a2400000, 0x00000000a2400000|100%|HC|  |TAMS 0x00000000a2300000| PB 0x00000000a2300000| Complete |  0
| 472|0x00000000a2400000, 0x00000000a2500000, 0x00000000a2500000|100%|HC|  |TAMS 0x00000000a2400000| PB 0x00000000a2400000| Complete |  0
| 473|0x00000000a2500000, 0x00000000a2600000, 0x00000000a2600000|100%|HC|  |TAMS 0x00000000a2500000| PB 0x00000000a2500000| Complete |  0
| 474|0x00000000a2600000, 0x00000000a2700000, 0x00000000a2700000|100%|HC|  |TAMS 0x00000000a2600000| PB 0x00000000a2600000| Complete |  0
| 475|0x00000000a2700000, 0x00000000a2800000, 0x00000000a2800000|100%|HC|  |TAMS 0x00000000a2700000| PB 0x00000000a2700000| Complete |  0
| 476|0x00000000a2800000, 0x00000000a2900000, 0x00000000a2900000|100%|HC|  |TAMS 0x00000000a2800000| PB 0x00000000a2800000| Complete |  0
| 477|0x00000000a2900000, 0x00000000a2a00000, 0x00000000a2a00000|100%|HC|  |TAMS 0x00000000a2900000| PB 0x00000000a2900000| Complete |  0
| 478|0x00000000a2a00000, 0x00000000a2b00000, 0x00000000a2b00000|100%|HC|  |TAMS 0x00000000a2a00000| PB 0x00000000a2a00000| Complete |  0
| 479|0x00000000a2b00000, 0x00000000a2c00000, 0x00000000a2c00000|100%|HC|  |TAMS 0x00000000a2b00000| PB 0x00000000a2b00000| Complete |  0
| 480|0x00000000a2c00000, 0x00000000a2d00000, 0x00000000a2d00000|100%|HC|  |TAMS 0x00000000a2c00000| PB 0x00000000a2c00000| Complete |  0
| 481|0x00000000a2d00000, 0x00000000a2e00000, 0x00000000a2e00000|100%|HC|  |TAMS 0x00000000a2d00000| PB 0x00000000a2d00000| Complete |  0
| 482|0x00000000a2e00000, 0x00000000a2f00000, 0x00000000a2f00000|100%|HC|  |TAMS 0x00000000a2e00000| PB 0x00000000a2e00000| Complete |  0
| 483|0x00000000a2f00000, 0x00000000a3000000, 0x00000000a3000000|100%|HC|  |TAMS 0x00000000a2f00000| PB 0x00000000a2f00000| Complete |  0
| 484|0x00000000a3000000, 0x00000000a3100000, 0x00000000a3100000|100%|HS|  |TAMS 0x00000000a3000000| PB 0x00000000a3000000| Complete |  0
| 485|0x00000000a3100000, 0x00000000a3200000, 0x00000000a3200000|100%|HC|  |TAMS 0x00000000a3100000| PB 0x00000000a3100000| Complete |  0
| 486|0x00000000a3200000, 0x00000000a3300000, 0x00000000a3300000|100%|HC|  |TAMS 0x00000000a3200000| PB 0x00000000a3200000| Complete |  0
| 487|0x00000000a3300000, 0x00000000a3400000, 0x00000000a3400000|100%|HC|  |TAMS 0x00000000a3300000| PB 0x00000000a3300000| Complete |  0
| 488|0x00000000a3400000, 0x00000000a3500000, 0x00000000a3500000|100%|HC|  |TAMS 0x00000000a3400000| PB 0x00000000a3400000| Complete |  0
| 489|0x00000000a3500000, 0x00000000a3600000, 0x00000000a3600000|100%|HC|  |TAMS 0x00000000a3500000| PB 0x00000000a3500000| Complete |  0
| 490|0x00000000a3600000, 0x00000000a3700000, 0x00000000a3700000|100%|HC|  |TAMS 0x00000000a3600000| PB 0x00000000a3600000| Complete |  0
| 491|0x00000000a3700000, 0x00000000a3800000, 0x00000000a3800000|100%|HC|  |TAMS 0x00000000a3700000| PB 0x00000000a3700000| Complete |  0
| 492|0x00000000a3800000, 0x00000000a3900000, 0x00000000a3900000|100%|HC|  |TAMS 0x00000000a3800000| PB 0x00000000a3800000| Complete |  0
| 493|0x00000000a3900000, 0x00000000a3a00000, 0x00000000a3a00000|100%|HC|  |TAMS 0x00000000a3900000| PB 0x00000000a3900000| Complete |  0
| 494|0x00000000a3a00000, 0x00000000a3b00000, 0x00000000a3b00000|100%|HC|  |TAMS 0x00000000a3a00000| PB 0x00000000a3a00000| Complete |  0
| 495|0x00000000a3b00000, 0x00000000a3c00000, 0x00000000a3c00000|100%|HC|  |TAMS 0x00000000a3b00000| PB 0x00000000a3b00000| Complete |  0
| 496|0x00000000a3c00000, 0x00000000a3d00000, 0x00000000a3d00000|100%|HC|  |TAMS 0x00000000a3c00000| PB 0x00000000a3c00000| Complete |  0
| 497|0x00000000a3d00000, 0x00000000a3e00000, 0x00000000a3e00000|100%|HC|  |TAMS 0x00000000a3d00000| PB 0x00000000a3d00000| Complete |  0
| 498|0x00000000a3e00000, 0x00000000a3f00000, 0x00000000a3f00000|100%|HC|  |TAMS 0x00000000a3e00000| PB 0x00000000a3e00000| Complete |  0
| 499|0x00000000a3f00000, 0x00000000a4000000, 0x00000000a4000000|100%|HC|  |TAMS 0x00000000a3f00000| PB 0x00000000a3f00000| Complete |  0
| 500|0x00000000a4000000, 0x00000000a4100000, 0x00000000a4100000|100%|HC|  |TAMS 0x00000000a4000000| PB 0x00000000a4000000| Complete |  0
| 501|0x00000000a4100000, 0x00000000a4200000, 0x00000000a4200000|100%|HC|  |TAMS 0x00000000a4100000| PB 0x00000000a4100000| Complete |  0
| 502|0x00000000a4200000, 0x00000000a4300000, 0x00000000a4300000|100%|HC|  |TAMS 0x00000000a4200000| PB 0x00000000a4200000| Complete |  0
| 503|0x00000000a4300000, 0x00000000a4400000, 0x00000000a4400000|100%|HC|  |TAMS 0x00000000a4300000| PB 0x00000000a4300000| Complete |  0
| 504|0x00000000a4400000, 0x00000000a4500000, 0x00000000a4500000|100%|HC|  |TAMS 0x00000000a4400000| PB 0x00000000a4400000| Complete |  0
| 505|0x00000000a4500000, 0x00000000a4600000, 0x00000000a4600000|100%|HC|  |TAMS 0x00000000a4500000| PB 0x00000000a4500000| Complete |  0
| 506|0x00000000a4600000, 0x00000000a4700000, 0x00000000a4700000|100%|HC|  |TAMS 0x00000000a4600000| PB 0x00000000a4600000| Complete |  0
| 507|0x00000000a4700000, 0x00000000a4800000, 0x00000000a4800000|100%|HC|  |TAMS 0x00000000a4700000| PB 0x00000000a4700000| Complete |  0
| 508|0x00000000a4800000, 0x00000000a4900000, 0x00000000a4900000|100%|HC|  |TAMS 0x00000000a4800000| PB 0x00000000a4800000| Complete |  0
| 509|0x00000000a4900000, 0x00000000a4a00000, 0x00000000a4a00000|100%|HC|  |TAMS 0x00000000a4900000| PB 0x00000000a4900000| Complete |  0
| 510|0x00000000a4a00000, 0x00000000a4b00000, 0x00000000a4b00000|100%|HC|  |TAMS 0x00000000a4a00000| PB 0x00000000a4a00000| Complete |  0
| 511|0x00000000a4b00000, 0x00000000a4c00000, 0x00000000a4c00000|100%|HC|  |TAMS 0x00000000a4b00000| PB 0x00000000a4b00000| Complete |  0
| 512|0x00000000a4c00000, 0x00000000a4d00000, 0x00000000a4d00000|100%|HC|  |TAMS 0x00000000a4c00000| PB 0x00000000a4c00000| Complete |  0
| 513|0x00000000a4d00000, 0x00000000a4e00000, 0x00000000a4e00000|100%|HC|  |TAMS 0x00000000a4d00000| PB 0x00000000a4d00000| Complete |  0
| 514|0x00000000a4e00000, 0x00000000a4f00000, 0x00000000a4f00000|100%|HC|  |TAMS 0x00000000a4e00000| PB 0x00000000a4e00000| Complete |  0
| 515|0x00000000a4f00000, 0x00000000a5000000, 0x00000000a5000000|100%|HC|  |TAMS 0x00000000a4f00000| PB 0x00000000a4f00000| Complete |  0
| 516|0x00000000a5000000, 0x00000000a5100000, 0x00000000a5100000|100%|HC|  |TAMS 0x00000000a5000000| PB 0x00000000a5000000| Complete |  0
| 517|0x00000000a5100000, 0x00000000a5200000, 0x00000000a5200000|100%|HC|  |TAMS 0x00000000a5100000| PB 0x00000000a5100000| Complete |  0
| 518|0x00000000a5200000, 0x00000000a5300000, 0x00000000a5300000|100%|HC|  |TAMS 0x00000000a5200000| PB 0x00000000a5200000| Complete |  0
| 519|0x00000000a5300000, 0x00000000a5400000, 0x00000000a5400000|100%|HC|  |TAMS 0x00000000a5300000| PB 0x00000000a5300000| Complete |  0
| 520|0x00000000a5400000, 0x00000000a5500000, 0x00000000a5500000|100%|HC|  |TAMS 0x00000000a5400000| PB 0x00000000a5400000| Complete |  0
| 521|0x00000000a5500000, 0x00000000a5600000, 0x00000000a5600000|100%|HC|  |TAMS 0x00000000a5500000| PB 0x00000000a5500000| Complete |  0
| 522|0x00000000a5600000, 0x00000000a5700000, 0x00000000a5700000|100%|HC|  |TAMS 0x00000000a5600000| PB 0x00000000a5600000| Complete |  0
| 523|0x00000000a5700000, 0x00000000a5800000, 0x00000000a5800000|100%|HC|  |TAMS 0x00000000a5700000| PB 0x00000000a5700000| Complete |  0
| 524|0x00000000a5800000, 0x00000000a5900000, 0x00000000a5900000|100%|HS|  |TAMS 0x00000000a5800000| PB 0x00000000a5800000| Complete |  0
| 525|0x00000000a5900000, 0x00000000a5a00000, 0x00000000a5a00000|100%|HC|  |TAMS 0x00000000a5900000| PB 0x00000000a5900000| Complete |  0
| 526|0x00000000a5a00000, 0x00000000a5b00000, 0x00000000a5b00000|100%|HC|  |TAMS 0x00000000a5a00000| PB 0x00000000a5a00000| Complete |  0
| 527|0x00000000a5b00000, 0x00000000a5c00000, 0x00000000a5c00000|100%|HC|  |TAMS 0x00000000a5b00000| PB 0x00000000a5b00000| Complete |  0
| 528|0x00000000a5c00000, 0x00000000a5d00000, 0x00000000a5d00000|100%|HC|  |TAMS 0x00000000a5c00000| PB 0x00000000a5c00000| Complete |  0
| 529|0x00000000a5d00000, 0x00000000a5e00000, 0x00000000a5e00000|100%|HC|  |TAMS 0x00000000a5d00000| PB 0x00000000a5d00000| Complete |  0
| 530|0x00000000a5e00000, 0x00000000a5f00000, 0x00000000a5f00000|100%|HC|  |TAMS 0x00000000a5e00000| PB 0x00000000a5e00000| Complete |  0
| 531|0x00000000a5f00000, 0x00000000a6000000, 0x00000000a6000000|100%|HC|  |TAMS 0x00000000a5f00000| PB 0x00000000a5f00000| Complete |  0
| 532|0x00000000a6000000, 0x00000000a6100000, 0x00000000a6100000|100%|HC|  |TAMS 0x00000000a6000000| PB 0x00000000a6000000| Complete |  0
| 533|0x00000000a6100000, 0x00000000a6200000, 0x00000000a6200000|100%|HC|  |TAMS 0x00000000a6100000| PB 0x00000000a6100000| Complete |  0
| 534|0x00000000a6200000, 0x00000000a6300000, 0x00000000a6300000|100%|HC|  |TAMS 0x00000000a6200000| PB 0x00000000a6200000| Complete |  0
| 535|0x00000000a6300000, 0x00000000a6400000, 0x00000000a6400000|100%|HC|  |TAMS 0x00000000a6300000| PB 0x00000000a6300000| Complete |  0
| 536|0x00000000a6400000, 0x00000000a6500000, 0x00000000a6500000|100%|HC|  |TAMS 0x00000000a6400000| PB 0x00000000a6400000| Complete |  0
| 537|0x00000000a6500000, 0x00000000a6600000, 0x00000000a6600000|100%|HC|  |TAMS 0x00000000a6500000| PB 0x00000000a6500000| Complete |  0
| 538|0x00000000a6600000, 0x00000000a6700000, 0x00000000a6700000|100%|HC|  |TAMS 0x00000000a6600000| PB 0x00000000a6600000| Complete |  0
| 539|0x00000000a6700000, 0x00000000a6800000, 0x00000000a6800000|100%|HC|  |TAMS 0x00000000a6700000| PB 0x00000000a6700000| Complete |  0
| 540|0x00000000a6800000, 0x00000000a6900000, 0x00000000a6900000|100%|HC|  |TAMS 0x00000000a6800000| PB 0x00000000a6800000| Complete |  0
| 541|0x00000000a6900000, 0x00000000a6a00000, 0x00000000a6a00000|100%|HC|  |TAMS 0x00000000a6900000| PB 0x00000000a6900000| Complete |  0
| 542|0x00000000a6a00000, 0x00000000a6b00000, 0x00000000a6b00000|100%|HC|  |TAMS 0x00000000a6a00000| PB 0x00000000a6a00000| Complete |  0
| 543|0x00000000a6b00000, 0x00000000a6c00000, 0x00000000a6c00000|100%|HC|  |TAMS 0x00000000a6b00000| PB 0x00000000a6b00000| Complete |  0
| 544|0x00000000a6c00000, 0x00000000a6d00000, 0x00000000a6d00000|100%|HC|  |TAMS 0x00000000a6c00000| PB 0x00000000a6c00000| Complete |  0
| 545|0x00000000a6d00000, 0x00000000a6e00000, 0x00000000a6e00000|100%|HC|  |TAMS 0x00000000a6d00000| PB 0x00000000a6d00000| Complete |  0
| 546|0x00000000a6e00000, 0x00000000a6f00000, 0x00000000a6f00000|100%|HC|  |TAMS 0x00000000a6e00000| PB 0x00000000a6e00000| Complete |  0
| 547|0x00000000a6f00000, 0x00000000a7000000, 0x00000000a7000000|100%|HC|  |TAMS 0x00000000a6f00000| PB 0x00000000a6f00000| Complete |  0
| 548|0x00000000a7000000, 0x00000000a7100000, 0x00000000a7100000|100%|HC|  |TAMS 0x00000000a7000000| PB 0x00000000a7000000| Complete |  0
| 549|0x00000000a7100000, 0x00000000a7200000, 0x00000000a7200000|100%|HC|  |TAMS 0x00000000a7100000| PB 0x00000000a7100000| Complete |  0
| 550|0x00000000a7200000, 0x00000000a7300000, 0x00000000a7300000|100%|HC|  |TAMS 0x00000000a7200000| PB 0x00000000a7200000| Complete |  0
| 551|0x00000000a7300000, 0x00000000a7400000, 0x00000000a7400000|100%|HC|  |TAMS 0x00000000a7300000| PB 0x00000000a7300000| Complete |  0
| 552|0x00000000a7400000, 0x00000000a7500000, 0x00000000a7500000|100%|HC|  |TAMS 0x00000000a7400000| PB 0x00000000a7400000| Complete |  0
| 553|0x00000000a7500000, 0x00000000a7600000, 0x00000000a7600000|100%|HC|  |TAMS 0x00000000a7500000| PB 0x00000000a7500000| Complete |  0
| 554|0x00000000a7600000, 0x00000000a7700000, 0x00000000a7700000|100%|HC|  |TAMS 0x00000000a7600000| PB 0x00000000a7600000| Complete |  0
| 555|0x00000000a7700000, 0x00000000a7800000, 0x00000000a7800000|100%|HC|  |TAMS 0x00000000a7700000| PB 0x00000000a7700000| Complete |  0
| 556|0x00000000a7800000, 0x00000000a7900000, 0x00000000a7900000|100%|HC|  |TAMS 0x00000000a7800000| PB 0x00000000a7800000| Complete |  0
| 557|0x00000000a7900000, 0x00000000a7a00000, 0x00000000a7a00000|100%|HC|  |TAMS 0x00000000a7900000| PB 0x00000000a7900000| Complete |  0
| 558|0x00000000a7a00000, 0x00000000a7b00000, 0x00000000a7b00000|100%|HC|  |TAMS 0x00000000a7a00000| PB 0x00000000a7a00000| Complete |  0
| 559|0x00000000a7b00000, 0x00000000a7c00000, 0x00000000a7c00000|100%|HC|  |TAMS 0x00000000a7b00000| PB 0x00000000a7b00000| Complete |  0
| 560|0x00000000a7c00000, 0x00000000a7d00000, 0x00000000a7d00000|100%|HC|  |TAMS 0x00000000a7c00000| PB 0x00000000a7c00000| Complete |  0
| 561|0x00000000a7d00000, 0x00000000a7e00000, 0x00000000a7e00000|100%|HC|  |TAMS 0x00000000a7d00000| PB 0x00000000a7d00000| Complete |  0
| 562|0x00000000a7e00000, 0x00000000a7f00000, 0x00000000a7f00000|100%|HC|  |TAMS 0x00000000a7e00000| PB 0x00000000a7e00000| Complete |  0
| 563|0x00000000a7f00000, 0x00000000a8000000, 0x00000000a8000000|100%|HC|  |TAMS 0x00000000a7f00000| PB 0x00000000a7f00000| Complete |  0
| 564|0x00000000a8000000, 0x00000000a8100000, 0x00000000a8100000|100%|HC|  |TAMS 0x00000000a8000000| PB 0x00000000a8000000| Complete |  0
| 565|0x00000000a8100000, 0x00000000a8200000, 0x00000000a8200000|100%|HC|  |TAMS 0x00000000a8100000| PB 0x00000000a8100000| Complete |  0
| 566|0x00000000a8200000, 0x00000000a8300000, 0x00000000a8300000|100%|HS|  |TAMS 0x00000000a8200000| PB 0x00000000a8200000| Complete |  0
| 567|0x00000000a8300000, 0x00000000a8400000, 0x00000000a8400000|100%|HC|  |TAMS 0x00000000a8300000| PB 0x00000000a8300000| Complete |  0
| 568|0x00000000a8400000, 0x00000000a8500000, 0x00000000a8500000|100%|HC|  |TAMS 0x00000000a8400000| PB 0x00000000a8400000| Complete |  0
| 569|0x00000000a8500000, 0x00000000a8600000, 0x00000000a8600000|100%|HC|  |TAMS 0x00000000a8500000| PB 0x00000000a8500000| Complete |  0
| 570|0x00000000a8600000, 0x00000000a8700000, 0x00000000a8700000|100%|HC|  |TAMS 0x00000000a8600000| PB 0x00000000a8600000| Complete |  0
| 571|0x00000000a8700000, 0x00000000a8800000, 0x00000000a8800000|100%|HC|  |TAMS 0x00000000a8700000| PB 0x00000000a8700000| Complete |  0
| 572|0x00000000a8800000, 0x00000000a8900000, 0x00000000a8900000|100%|HC|  |TAMS 0x00000000a8800000| PB 0x00000000a8800000| Complete |  0
| 573|0x00000000a8900000, 0x00000000a8a00000, 0x00000000a8a00000|100%|HC|  |TAMS 0x00000000a8900000| PB 0x00000000a8900000| Complete |  0
| 574|0x00000000a8a00000, 0x00000000a8b00000, 0x00000000a8b00000|100%|HC|  |TAMS 0x00000000a8a00000| PB 0x00000000a8a00000| Complete |  0
| 575|0x00000000a8b00000, 0x00000000a8c00000, 0x00000000a8c00000|100%|HC|  |TAMS 0x00000000a8b00000| PB 0x00000000a8b00000| Complete |  0
| 576|0x00000000a8c00000, 0x00000000a8d00000, 0x00000000a8d00000|100%|HC|  |TAMS 0x00000000a8c00000| PB 0x00000000a8c00000| Complete |  0
| 577|0x00000000a8d00000, 0x00000000a8e00000, 0x00000000a8e00000|100%|HC|  |TAMS 0x00000000a8d00000| PB 0x00000000a8d00000| Complete |  0
| 578|0x00000000a8e00000, 0x00000000a8f00000, 0x00000000a8f00000|100%|HC|  |TAMS 0x00000000a8e00000| PB 0x00000000a8e00000| Complete |  0
| 579|0x00000000a8f00000, 0x00000000a9000000, 0x00000000a9000000|100%|HC|  |TAMS 0x00000000a8f00000| PB 0x00000000a8f00000| Complete |  0
| 580|0x00000000a9000000, 0x00000000a9100000, 0x00000000a9100000|100%|HC|  |TAMS 0x00000000a9000000| PB 0x00000000a9000000| Complete |  0
| 581|0x00000000a9100000, 0x00000000a9200000, 0x00000000a9200000|100%|HC|  |TAMS 0x00000000a9100000| PB 0x00000000a9100000| Complete |  0
| 582|0x00000000a9200000, 0x00000000a9300000, 0x00000000a9300000|100%|HC|  |TAMS 0x00000000a9200000| PB 0x00000000a9200000| Complete |  0
| 583|0x00000000a9300000, 0x00000000a9400000, 0x00000000a9400000|100%|HC|  |TAMS 0x00000000a9300000| PB 0x00000000a9300000| Complete |  0
| 584|0x00000000a9400000, 0x00000000a9500000, 0x00000000a9500000|100%|HC|  |TAMS 0x00000000a9400000| PB 0x00000000a9400000| Complete |  0
| 585|0x00000000a9500000, 0x00000000a9600000, 0x00000000a9600000|100%|HC|  |TAMS 0x00000000a9500000| PB 0x00000000a9500000| Complete |  0
| 586|0x00000000a9600000, 0x00000000a9700000, 0x00000000a9700000|100%|HC|  |TAMS 0x00000000a9600000| PB 0x00000000a9600000| Complete |  0
| 587|0x00000000a9700000, 0x00000000a9800000, 0x00000000a9800000|100%|HC|  |TAMS 0x00000000a9700000| PB 0x00000000a9700000| Complete |  0
| 588|0x00000000a9800000, 0x00000000a9900000, 0x00000000a9900000|100%|HC|  |TAMS 0x00000000a9800000| PB 0x00000000a9800000| Complete |  0
| 589|0x00000000a9900000, 0x00000000a9a00000, 0x00000000a9a00000|100%|HC|  |TAMS 0x00000000a9900000| PB 0x00000000a9900000| Complete |  0
| 590|0x00000000a9a00000, 0x00000000a9b00000, 0x00000000a9b00000|100%|HC|  |TAMS 0x00000000a9a00000| PB 0x00000000a9a00000| Complete |  0
| 591|0x00000000a9b00000, 0x00000000a9c00000, 0x00000000a9c00000|100%|HC|  |TAMS 0x00000000a9b00000| PB 0x00000000a9b00000| Complete |  0
| 592|0x00000000a9c00000, 0x00000000a9d00000, 0x00000000a9d00000|100%|HC|  |TAMS 0x00000000a9c00000| PB 0x00000000a9c00000| Complete |  0
| 593|0x00000000a9d00000, 0x00000000a9e00000, 0x00000000a9e00000|100%|HC|  |TAMS 0x00000000a9d00000| PB 0x00000000a9d00000| Complete |  0
| 594|0x00000000a9e00000, 0x00000000a9f00000, 0x00000000a9f00000|100%|HC|  |TAMS 0x00000000a9e00000| PB 0x00000000a9e00000| Complete |  0
| 595|0x00000000a9f00000, 0x00000000aa000000, 0x00000000aa000000|100%|HC|  |TAMS 0x00000000a9f00000| PB 0x00000000a9f00000| Complete |  0
| 596|0x00000000aa000000, 0x00000000aa100000, 0x00000000aa100000|100%|HC|  |TAMS 0x00000000aa000000| PB 0x00000000aa000000| Complete |  0
| 597|0x00000000aa100000, 0x00000000aa200000, 0x00000000aa200000|100%|HC|  |TAMS 0x00000000aa100000| PB 0x00000000aa100000| Complete |  0
| 598|0x00000000aa200000, 0x00000000aa300000, 0x00000000aa300000|100%|HC|  |TAMS 0x00000000aa200000| PB 0x00000000aa200000| Complete |  0
| 599|0x00000000aa300000, 0x00000000aa400000, 0x00000000aa400000|100%|HC|  |TAMS 0x00000000aa300000| PB 0x00000000aa300000| Complete |  0
| 600|0x00000000aa400000, 0x00000000aa500000, 0x00000000aa500000|100%|HC|  |TAMS 0x00000000aa400000| PB 0x00000000aa400000| Complete |  0
| 601|0x00000000aa500000, 0x00000000aa600000, 0x00000000aa600000|100%|HC|  |TAMS 0x00000000aa500000| PB 0x00000000aa500000| Complete |  0
| 602|0x00000000aa600000, 0x00000000aa700000, 0x00000000aa700000|100%|HC|  |TAMS 0x00000000aa600000| PB 0x00000000aa600000| Complete |  0
| 603|0x00000000aa700000, 0x00000000aa800000, 0x00000000aa800000|100%|HC|  |TAMS 0x00000000aa700000| PB 0x00000000aa700000| Complete |  0
| 604|0x00000000aa800000, 0x00000000aa900000, 0x00000000aa900000|100%|HC|  |TAMS 0x00000000aa800000| PB 0x00000000aa800000| Complete |  0
| 605|0x00000000aa900000, 0x00000000aaa00000, 0x00000000aaa00000|100%|HC|  |TAMS 0x00000000aa900000| PB 0x00000000aa900000| Complete |  0
| 606|0x00000000aaa00000, 0x00000000aab00000, 0x00000000aab00000|100%|HC|  |TAMS 0x00000000aaa00000| PB 0x00000000aaa00000| Complete |  0
| 607|0x00000000aab00000, 0x00000000aac00000, 0x00000000aac00000|100%|HC|  |TAMS 0x00000000aab00000| PB 0x00000000aab00000| Complete |  0
| 608|0x00000000aac00000, 0x00000000aad00000, 0x00000000aad00000|100%|HC|  |TAMS 0x00000000aac00000| PB 0x00000000aac00000| Complete |  0
| 609|0x00000000aad00000, 0x00000000aae00000, 0x00000000aae00000|100%|HC|  |TAMS 0x00000000aad00000| PB 0x00000000aad00000| Complete |  0
| 610|0x00000000aae00000, 0x00000000aaf00000, 0x00000000aaf00000|100%|HC|  |TAMS 0x00000000aae00000| PB 0x00000000aae00000| Complete |  0
| 611|0x00000000aaf00000, 0x00000000ab000000, 0x00000000ab000000|100%|HC|  |TAMS 0x00000000aaf00000| PB 0x00000000aaf00000| Complete |  0
| 612|0x00000000ab000000, 0x00000000ab100000, 0x00000000ab100000|100%|HS|  |TAMS 0x00000000ab000000| PB 0x00000000ab000000| Complete |  0
| 613|0x00000000ab100000, 0x00000000ab200000, 0x00000000ab200000|100%|HC|  |TAMS 0x00000000ab100000| PB 0x00000000ab100000| Complete |  0
| 614|0x00000000ab200000, 0x00000000ab300000, 0x00000000ab300000|100%|HC|  |TAMS 0x00000000ab200000| PB 0x00000000ab200000| Complete |  0
| 615|0x00000000ab300000, 0x00000000ab400000, 0x00000000ab400000|100%|HC|  |TAMS 0x00000000ab300000| PB 0x00000000ab300000| Complete |  0
| 616|0x00000000ab400000, 0x00000000ab500000, 0x00000000ab500000|100%|HC|  |TAMS 0x00000000ab400000| PB 0x00000000ab400000| Complete |  0
| 617|0x00000000ab500000, 0x00000000ab600000, 0x00000000ab600000|100%|HC|  |TAMS 0x00000000ab500000| PB 0x00000000ab500000| Complete |  0
| 618|0x00000000ab600000, 0x00000000ab700000, 0x00000000ab700000|100%|HC|  |TAMS 0x00000000ab600000| PB 0x00000000ab600000| Complete |  0
| 619|0x00000000ab700000, 0x00000000ab800000, 0x00000000ab800000|100%|HC|  |TAMS 0x00000000ab700000| PB 0x00000000ab700000| Complete |  0
| 620|0x00000000ab800000, 0x00000000ab900000, 0x00000000ab900000|100%|HC|  |TAMS 0x00000000ab800000| PB 0x00000000ab800000| Complete |  0
| 621|0x00000000ab900000, 0x00000000aba00000, 0x00000000aba00000|100%|HC|  |TAMS 0x00000000ab900000| PB 0x00000000ab900000| Complete |  0
| 622|0x00000000aba00000, 0x00000000abb00000, 0x00000000abb00000|100%|HC|  |TAMS 0x00000000aba00000| PB 0x00000000aba00000| Complete |  0
| 623|0x00000000abb00000, 0x00000000abc00000, 0x00000000abc00000|100%|HC|  |TAMS 0x00000000abb00000| PB 0x00000000abb00000| Complete |  0
| 624|0x00000000abc00000, 0x00000000abd00000, 0x00000000abd00000|100%|HC|  |TAMS 0x00000000abc00000| PB 0x00000000abc00000| Complete |  0
| 625|0x00000000abd00000, 0x00000000abe00000, 0x00000000abe00000|100%|HC|  |TAMS 0x00000000abd00000| PB 0x00000000abd00000| Complete |  0
| 626|0x00000000abe00000, 0x00000000abf00000, 0x00000000abf00000|100%|HC|  |TAMS 0x00000000abe00000| PB 0x00000000abe00000| Complete |  0
| 627|0x00000000abf00000, 0x00000000ac000000, 0x00000000ac000000|100%|HC|  |TAMS 0x00000000abf00000| PB 0x00000000abf00000| Complete |  0
| 628|0x00000000ac000000, 0x00000000ac100000, 0x00000000ac100000|100%|HC|  |TAMS 0x00000000ac000000| PB 0x00000000ac000000| Complete |  0
| 629|0x00000000ac100000, 0x00000000ac200000, 0x00000000ac200000|100%|HC|  |TAMS 0x00000000ac100000| PB 0x00000000ac100000| Complete |  0
| 630|0x00000000ac200000, 0x00000000ac300000, 0x00000000ac300000|100%|HC|  |TAMS 0x00000000ac200000| PB 0x00000000ac200000| Complete |  0
| 631|0x00000000ac300000, 0x00000000ac400000, 0x00000000ac400000|100%|HC|  |TAMS 0x00000000ac300000| PB 0x00000000ac300000| Complete |  0
| 632|0x00000000ac400000, 0x00000000ac500000, 0x00000000ac500000|100%|HC|  |TAMS 0x00000000ac400000| PB 0x00000000ac400000| Complete |  0
| 633|0x00000000ac500000, 0x00000000ac600000, 0x00000000ac600000|100%|HC|  |TAMS 0x00000000ac500000| PB 0x00000000ac500000| Complete |  0
| 634|0x00000000ac600000, 0x00000000ac700000, 0x00000000ac700000|100%|HC|  |TAMS 0x00000000ac600000| PB 0x00000000ac600000| Complete |  0
| 635|0x00000000ac700000, 0x00000000ac800000, 0x00000000ac800000|100%|HC|  |TAMS 0x00000000ac700000| PB 0x00000000ac700000| Complete |  0
| 636|0x00000000ac800000, 0x00000000ac900000, 0x00000000ac900000|100%|HC|  |TAMS 0x00000000ac800000| PB 0x00000000ac800000| Complete |  0
| 637|0x00000000ac900000, 0x00000000aca00000, 0x00000000aca00000|100%|HC|  |TAMS 0x00000000ac900000| PB 0x00000000ac900000| Complete |  0
| 638|0x00000000aca00000, 0x00000000acb00000, 0x00000000acb00000|100%|HC|  |TAMS 0x00000000aca00000| PB 0x00000000aca00000| Complete |  0
| 639|0x00000000acb00000, 0x00000000acc00000, 0x00000000acc00000|100%|HC|  |TAMS 0x00000000acb00000| PB 0x00000000acb00000| Complete |  0
| 640|0x00000000acc00000, 0x00000000acd00000, 0x00000000acd00000|100%|HC|  |TAMS 0x00000000acc00000| PB 0x00000000acc00000| Complete |  0
| 641|0x00000000acd00000, 0x00000000ace00000, 0x00000000ace00000|100%|HC|  |TAMS 0x00000000acd00000| PB 0x00000000acd00000| Complete |  0
| 642|0x00000000ace00000, 0x00000000acf00000, 0x00000000acf00000|100%|HC|  |TAMS 0x00000000ace00000| PB 0x00000000ace00000| Complete |  0
| 643|0x00000000acf00000, 0x00000000ad000000, 0x00000000ad000000|100%|HC|  |TAMS 0x00000000acf00000| PB 0x00000000acf00000| Complete |  0
| 644|0x00000000ad000000, 0x00000000ad100000, 0x00000000ad100000|100%|HC|  |TAMS 0x00000000ad000000| PB 0x00000000ad000000| Complete |  0
| 645|0x00000000ad100000, 0x00000000ad200000, 0x00000000ad200000|100%|HC|  |TAMS 0x00000000ad100000| PB 0x00000000ad100000| Complete |  0
| 646|0x00000000ad200000, 0x00000000ad300000, 0x00000000ad300000|100%|HC|  |TAMS 0x00000000ad200000| PB 0x00000000ad200000| Complete |  0
| 647|0x00000000ad300000, 0x00000000ad400000, 0x00000000ad400000|100%|HC|  |TAMS 0x00000000ad300000| PB 0x00000000ad300000| Complete |  0
| 648|0x00000000ad400000, 0x00000000ad500000, 0x00000000ad500000|100%|HC|  |TAMS 0x00000000ad400000| PB 0x00000000ad400000| Complete |  0
| 649|0x00000000ad500000, 0x00000000ad600000, 0x00000000ad600000|100%|HC|  |TAMS 0x00000000ad500000| PB 0x00000000ad500000| Complete |  0
| 650|0x00000000ad600000, 0x00000000ad700000, 0x00000000ad700000|100%|HC|  |TAMS 0x00000000ad600000| PB 0x00000000ad600000| Complete |  0
| 651|0x00000000ad700000, 0x00000000ad800000, 0x00000000ad800000|100%|HC|  |TAMS 0x00000000ad700000| PB 0x00000000ad700000| Complete |  0
| 652|0x00000000ad800000, 0x00000000ad900000, 0x00000000ad900000|100%|HC|  |TAMS 0x00000000ad800000| PB 0x00000000ad800000| Complete |  0
| 653|0x00000000ad900000, 0x00000000ada00000, 0x00000000ada00000|100%|HC|  |TAMS 0x00000000ad900000| PB 0x00000000ad900000| Complete |  0
| 654|0x00000000ada00000, 0x00000000adb00000, 0x00000000adb00000|100%|HC|  |TAMS 0x00000000ada00000| PB 0x00000000ada00000| Complete |  0
| 655|0x00000000adb00000, 0x00000000adc00000, 0x00000000adc00000|100%|HC|  |TAMS 0x00000000adb00000| PB 0x00000000adb00000| Complete |  0
| 656|0x00000000adc00000, 0x00000000add00000, 0x00000000add00000|100%|HC|  |TAMS 0x00000000adc00000| PB 0x00000000adc00000| Complete |  0
| 657|0x00000000add00000, 0x00000000ade00000, 0x00000000ade00000|100%|HC|  |TAMS 0x00000000add00000| PB 0x00000000add00000| Complete |  0
| 658|0x00000000ade00000, 0x00000000adf00000, 0x00000000adf00000|100%|HC|  |TAMS 0x00000000ade00000| PB 0x00000000ade00000| Complete |  0
| 659|0x00000000adf00000, 0x00000000ae000000, 0x00000000ae000000|100%|HC|  |TAMS 0x00000000adf00000| PB 0x00000000adf00000| Complete |  0
| 660|0x00000000ae000000, 0x00000000ae100000, 0x00000000ae100000|100%|HC|  |TAMS 0x00000000ae000000| PB 0x00000000ae000000| Complete |  0
| 661|0x00000000ae100000, 0x00000000ae200000, 0x00000000ae200000|100%|HC|  |TAMS 0x00000000ae100000| PB 0x00000000ae100000| Complete |  0
| 662|0x00000000ae200000, 0x00000000ae300000, 0x00000000ae300000|100%|HC|  |TAMS 0x00000000ae200000| PB 0x00000000ae200000| Complete |  0
| 663|0x00000000ae300000, 0x00000000ae400000, 0x00000000ae400000|100%|HC|  |TAMS 0x00000000ae300000| PB 0x00000000ae300000| Complete |  0
| 664|0x00000000ae400000, 0x00000000ae500000, 0x00000000ae500000|100%|HS|  |TAMS 0x00000000ae400000| PB 0x00000000ae400000| Complete |  0
| 665|0x00000000ae500000, 0x00000000ae600000, 0x00000000ae600000|100%|HC|  |TAMS 0x00000000ae500000| PB 0x00000000ae500000| Complete |  0
| 666|0x00000000ae600000, 0x00000000ae700000, 0x00000000ae700000|100%|HC|  |TAMS 0x00000000ae600000| PB 0x00000000ae600000| Complete |  0
| 667|0x00000000ae700000, 0x00000000ae800000, 0x00000000ae800000|100%|HC|  |TAMS 0x00000000ae700000| PB 0x00000000ae700000| Complete |  0
| 668|0x00000000ae800000, 0x00000000ae900000, 0x00000000ae900000|100%|HC|  |TAMS 0x00000000ae800000| PB 0x00000000ae800000| Complete |  0
| 669|0x00000000ae900000, 0x00000000aea00000, 0x00000000aea00000|100%|HC|  |TAMS 0x00000000ae900000| PB 0x00000000ae900000| Complete |  0
| 670|0x00000000aea00000, 0x00000000aeb00000, 0x00000000aeb00000|100%|HC|  |TAMS 0x00000000aea00000| PB 0x00000000aea00000| Complete |  0
| 671|0x00000000aeb00000, 0x00000000aec00000, 0x00000000aec00000|100%|HC|  |TAMS 0x00000000aeb00000| PB 0x00000000aeb00000| Complete |  0
| 672|0x00000000aec00000, 0x00000000aed00000, 0x00000000aed00000|100%|HC|  |TAMS 0x00000000aec00000| PB 0x00000000aec00000| Complete |  0
| 673|0x00000000aed00000, 0x00000000aee00000, 0x00000000aee00000|100%|HC|  |TAMS 0x00000000aed00000| PB 0x00000000aed00000| Complete |  0
| 674|0x00000000aee00000, 0x00000000aef00000, 0x00000000aef00000|100%|HC|  |TAMS 0x00000000aee00000| PB 0x00000000aee00000| Complete |  0
| 675|0x00000000aef00000, 0x00000000af000000, 0x00000000af000000|100%|HC|  |TAMS 0x00000000aef00000| PB 0x00000000aef00000| Complete |  0
| 676|0x00000000af000000, 0x00000000af100000, 0x00000000af100000|100%|HC|  |TAMS 0x00000000af000000| PB 0x00000000af000000| Complete |  0
| 677|0x00000000af100000, 0x00000000af200000, 0x00000000af200000|100%|HC|  |TAMS 0x00000000af100000| PB 0x00000000af100000| Complete |  0
| 678|0x00000000af200000, 0x00000000af300000, 0x00000000af300000|100%|HC|  |TAMS 0x00000000af200000| PB 0x00000000af200000| Complete |  0
| 679|0x00000000af300000, 0x00000000af400000, 0x00000000af400000|100%|HC|  |TAMS 0x00000000af300000| PB 0x00000000af300000| Complete |  0
| 680|0x00000000af400000, 0x00000000af500000, 0x00000000af500000|100%|HC|  |TAMS 0x00000000af400000| PB 0x00000000af400000| Complete |  0
| 681|0x00000000af500000, 0x00000000af600000, 0x00000000af600000|100%|HC|  |TAMS 0x00000000af500000| PB 0x00000000af500000| Complete |  0
| 682|0x00000000af600000, 0x00000000af700000, 0x00000000af700000|100%|HC|  |TAMS 0x00000000af600000| PB 0x00000000af600000| Complete |  0
| 683|0x00000000af700000, 0x00000000af800000, 0x00000000af800000|100%|HC|  |TAMS 0x00000000af700000| PB 0x00000000af700000| Complete |  0
| 684|0x00000000af800000, 0x00000000af900000, 0x00000000af900000|100%|HC|  |TAMS 0x00000000af800000| PB 0x00000000af800000| Complete |  0
| 685|0x00000000af900000, 0x00000000afa00000, 0x00000000afa00000|100%|HC|  |TAMS 0x00000000af900000| PB 0x00000000af900000| Complete |  0
| 686|0x00000000afa00000, 0x00000000afb00000, 0x00000000afb00000|100%|HC|  |TAMS 0x00000000afa00000| PB 0x00000000afa00000| Complete |  0
| 687|0x00000000afb00000, 0x00000000afc00000, 0x00000000afc00000|100%|HC|  |TAMS 0x00000000afb00000| PB 0x00000000afb00000| Complete |  0
| 688|0x00000000afc00000, 0x00000000afd00000, 0x00000000afd00000|100%|HC|  |TAMS 0x00000000afc00000| PB 0x00000000afc00000| Complete |  0
| 689|0x00000000afd00000, 0x00000000afe00000, 0x00000000afe00000|100%|HC|  |TAMS 0x00000000afd00000| PB 0x00000000afd00000| Complete |  0
| 690|0x00000000afe00000, 0x00000000aff00000, 0x00000000aff00000|100%|HC|  |TAMS 0x00000000afe00000| PB 0x00000000afe00000| Complete |  0
| 691|0x00000000aff00000, 0x00000000b0000000, 0x00000000b0000000|100%|HC|  |TAMS 0x00000000aff00000| PB 0x00000000aff00000| Complete |  0
| 692|0x00000000b0000000, 0x00000000b0100000, 0x00000000b0100000|100%|HC|  |TAMS 0x00000000b0000000| PB 0x00000000b0000000| Complete |  0
| 693|0x00000000b0100000, 0x00000000b0200000, 0x00000000b0200000|100%|HC|  |TAMS 0x00000000b0100000| PB 0x00000000b0100000| Complete |  0
| 694|0x00000000b0200000, 0x00000000b0300000, 0x00000000b0300000|100%|HC|  |TAMS 0x00000000b0200000| PB 0x00000000b0200000| Complete |  0
| 695|0x00000000b0300000, 0x00000000b0400000, 0x00000000b0400000|100%|HC|  |TAMS 0x00000000b0300000| PB 0x00000000b0300000| Complete |  0
| 696|0x00000000b0400000, 0x00000000b0500000, 0x00000000b0500000|100%|HC|  |TAMS 0x00000000b0400000| PB 0x00000000b0400000| Complete |  0
| 697|0x00000000b0500000, 0x00000000b0600000, 0x00000000b0600000|100%|HC|  |TAMS 0x00000000b0500000| PB 0x00000000b0500000| Complete |  0
| 698|0x00000000b0600000, 0x00000000b0700000, 0x00000000b0700000|100%|HC|  |TAMS 0x00000000b0600000| PB 0x00000000b0600000| Complete |  0
| 699|0x00000000b0700000, 0x00000000b0800000, 0x00000000b0800000|100%|HC|  |TAMS 0x00000000b0700000| PB 0x00000000b0700000| Complete |  0
| 700|0x00000000b0800000, 0x00000000b0900000, 0x00000000b0900000|100%|HC|  |TAMS 0x00000000b0800000| PB 0x00000000b0800000| Complete |  0
| 701|0x00000000b0900000, 0x00000000b0a00000, 0x00000000b0a00000|100%|HC|  |TAMS 0x00000000b0900000| PB 0x00000000b0900000| Complete |  0
| 702|0x00000000b0a00000, 0x00000000b0b00000, 0x00000000b0b00000|100%|HC|  |TAMS 0x00000000b0a00000| PB 0x00000000b0a00000| Complete |  0
| 703|0x00000000b0b00000, 0x00000000b0c00000, 0x00000000b0c00000|100%|HC|  |TAMS 0x00000000b0b00000| PB 0x00000000b0b00000| Complete |  0
| 704|0x00000000b0c00000, 0x00000000b0d00000, 0x00000000b0d00000|100%|HS|  |TAMS 0x00000000b0c00000| PB 0x00000000b0c00000| Complete |  0
| 705|0x00000000b0d00000, 0x00000000b0e00000, 0x00000000b0e00000|100%|HC|  |TAMS 0x00000000b0d00000| PB 0x00000000b0d00000| Complete |  0
| 706|0x00000000b0e00000, 0x00000000b0f00000, 0x00000000b0f00000|100%|HC|  |TAMS 0x00000000b0e00000| PB 0x00000000b0e00000| Complete |  0
| 707|0x00000000b0f00000, 0x00000000b1000000, 0x00000000b1000000|100%|HC|  |TAMS 0x00000000b0f00000| PB 0x00000000b0f00000| Complete |  0
| 708|0x00000000b1000000, 0x00000000b1100000, 0x00000000b1100000|100%|HC|  |TAMS 0x00000000b1000000| PB 0x00000000b1000000| Complete |  0
| 709|0x00000000b1100000, 0x00000000b1200000, 0x00000000b1200000|100%|HC|  |TAMS 0x00000000b1100000| PB 0x00000000b1100000| Complete |  0
| 710|0x00000000b1200000, 0x00000000b1300000, 0x00000000b1300000|100%|HC|  |TAMS 0x00000000b1200000| PB 0x00000000b1200000| Complete |  0
| 711|0x00000000b1300000, 0x00000000b1400000, 0x00000000b1400000|100%|HC|  |TAMS 0x00000000b1300000| PB 0x00000000b1300000| Complete |  0
| 712|0x00000000b1400000, 0x00000000b1500000, 0x00000000b1500000|100%|HC|  |TAMS 0x00000000b1400000| PB 0x00000000b1400000| Complete |  0
| 713|0x00000000b1500000, 0x00000000b1600000, 0x00000000b1600000|100%|HC|  |TAMS 0x00000000b1500000| PB 0x00000000b1500000| Complete |  0
| 714|0x00000000b1600000, 0x00000000b1700000, 0x00000000b1700000|100%|HC|  |TAMS 0x00000000b1600000| PB 0x00000000b1600000| Complete |  0
| 715|0x00000000b1700000, 0x00000000b1800000, 0x00000000b1800000|100%|HC|  |TAMS 0x00000000b1700000| PB 0x00000000b1700000| Complete |  0
| 716|0x00000000b1800000, 0x00000000b1900000, 0x00000000b1900000|100%|HC|  |TAMS 0x00000000b1800000| PB 0x00000000b1800000| Complete |  0
| 717|0x00000000b1900000, 0x00000000b1a00000, 0x00000000b1a00000|100%|HC|  |TAMS 0x00000000b1900000| PB 0x00000000b1900000| Complete |  0
| 718|0x00000000b1a00000, 0x00000000b1b00000, 0x00000000b1b00000|100%|HC|  |TAMS 0x00000000b1a00000| PB 0x00000000b1a00000| Complete |  0
| 719|0x00000000b1b00000, 0x00000000b1c00000, 0x00000000b1c00000|100%|HC|  |TAMS 0x00000000b1b00000| PB 0x00000000b1b00000| Complete |  0
| 720|0x00000000b1c00000, 0x00000000b1d00000, 0x00000000b1d00000|100%|HC|  |TAMS 0x00000000b1c00000| PB 0x00000000b1c00000| Complete |  0
| 721|0x00000000b1d00000, 0x00000000b1e00000, 0x00000000b1e00000|100%|HC|  |TAMS 0x00000000b1d00000| PB 0x00000000b1d00000| Complete |  0
| 722|0x00000000b1e00000, 0x00000000b1f00000, 0x00000000b1f00000|100%|HC|  |TAMS 0x00000000b1e00000| PB 0x00000000b1e00000| Complete |  0
| 723|0x00000000b1f00000, 0x00000000b2000000, 0x00000000b2000000|100%|HC|  |TAMS 0x00000000b1f00000| PB 0x00000000b1f00000| Complete |  0
| 724|0x00000000b2000000, 0x00000000b2100000, 0x00000000b2100000|100%|HC|  |TAMS 0x00000000b2000000| PB 0x00000000b2000000| Complete |  0
| 725|0x00000000b2100000, 0x00000000b2200000, 0x00000000b2200000|100%|HC|  |TAMS 0x00000000b2100000| PB 0x00000000b2100000| Complete |  0
| 726|0x00000000b2200000, 0x00000000b2300000, 0x00000000b2300000|100%|HC|  |TAMS 0x00000000b2200000| PB 0x00000000b2200000| Complete |  0
| 727|0x00000000b2300000, 0x00000000b2400000, 0x00000000b2400000|100%|HC|  |TAMS 0x00000000b2300000| PB 0x00000000b2300000| Complete |  0
| 728|0x00000000b2400000, 0x00000000b2500000, 0x00000000b2500000|100%|HC|  |TAMS 0x00000000b2400000| PB 0x00000000b2400000| Complete |  0
| 729|0x00000000b2500000, 0x00000000b2600000, 0x00000000b2600000|100%|HC|  |TAMS 0x00000000b2500000| PB 0x00000000b2500000| Complete |  0
| 730|0x00000000b2600000, 0x00000000b2700000, 0x00000000b2700000|100%|HC|  |TAMS 0x00000000b2600000| PB 0x00000000b2600000| Complete |  0
| 731|0x00000000b2700000, 0x00000000b2800000, 0x00000000b2800000|100%|HC|  |TAMS 0x00000000b2700000| PB 0x00000000b2700000| Complete |  0
| 732|0x00000000b2800000, 0x00000000b2900000, 0x00000000b2900000|100%|HC|  |TAMS 0x00000000b2800000| PB 0x00000000b2800000| Complete |  0
| 733|0x00000000b2900000, 0x00000000b2a00000, 0x00000000b2a00000|100%|HC|  |TAMS 0x00000000b2900000| PB 0x00000000b2900000| Complete |  0
| 734|0x00000000b2a00000, 0x00000000b2b00000, 0x00000000b2b00000|100%|HC|  |TAMS 0x00000000b2a00000| PB 0x00000000b2a00000| Complete |  0
| 735|0x00000000b2b00000, 0x00000000b2c00000, 0x00000000b2c00000|100%|HC|  |TAMS 0x00000000b2b00000| PB 0x00000000b2b00000| Complete |  0
| 736|0x00000000b2c00000, 0x00000000b2d00000, 0x00000000b2d00000|100%|HC|  |TAMS 0x00000000b2c00000| PB 0x00000000b2c00000| Complete |  0
| 737|0x00000000b2d00000, 0x00000000b2e00000, 0x00000000b2e00000|100%|HC|  |TAMS 0x00000000b2d00000| PB 0x00000000b2d00000| Complete |  0
| 738|0x00000000b2e00000, 0x00000000b2f00000, 0x00000000b2f00000|100%|HC|  |TAMS 0x00000000b2e00000| PB 0x00000000b2e00000| Complete |  0
| 739|0x00000000b2f00000, 0x00000000b3000000, 0x00000000b3000000|100%|HC|  |TAMS 0x00000000b2f00000| PB 0x00000000b2f00000| Complete |  0
| 740|0x00000000b3000000, 0x00000000b3100000, 0x00000000b3100000|100%|HC|  |TAMS 0x00000000b3000000| PB 0x00000000b3000000| Complete |  0
| 741|0x00000000b3100000, 0x00000000b3200000, 0x00000000b3200000|100%|HC|  |TAMS 0x00000000b3100000| PB 0x00000000b3100000| Complete |  0
| 742|0x00000000b3200000, 0x00000000b3300000, 0x00000000b3300000|100%|HC|  |TAMS 0x00000000b3200000| PB 0x00000000b3200000| Complete |  0
| 743|0x00000000b3300000, 0x00000000b3400000, 0x00000000b3400000|100%|HC|  |TAMS 0x00000000b3300000| PB 0x00000000b3300000| Complete |  0
| 744|0x00000000b3400000, 0x00000000b3500000, 0x00000000b3500000|100%|HC|  |TAMS 0x00000000b3400000| PB 0x00000000b3400000| Complete |  0
| 745|0x00000000b3500000, 0x00000000b3600000, 0x00000000b3600000|100%|HC|  |TAMS 0x00000000b3500000| PB 0x00000000b3500000| Complete |  0
| 746|0x00000000b3600000, 0x00000000b3700000, 0x00000000b3700000|100%|HS|  |TAMS 0x00000000b3600000| PB 0x00000000b3600000| Complete |  0
| 747|0x00000000b3700000, 0x00000000b3800000, 0x00000000b3800000|100%|HC|  |TAMS 0x00000000b3700000| PB 0x00000000b3700000| Complete |  0
| 748|0x00000000b3800000, 0x00000000b3900000, 0x00000000b3900000|100%|HC|  |TAMS 0x00000000b3800000| PB 0x00000000b3800000| Complete |  0
| 749|0x00000000b3900000, 0x00000000b3a00000, 0x00000000b3a00000|100%|HC|  |TAMS 0x00000000b3900000| PB 0x00000000b3900000| Complete |  0
| 750|0x00000000b3a00000, 0x00000000b3b00000, 0x00000000b3b00000|100%|HC|  |TAMS 0x00000000b3a00000| PB 0x00000000b3a00000| Complete |  0
| 751|0x00000000b3b00000, 0x00000000b3c00000, 0x00000000b3c00000|100%|HC|  |TAMS 0x00000000b3b00000| PB 0x00000000b3b00000| Complete |  0
| 752|0x00000000b3c00000, 0x00000000b3d00000, 0x00000000b3d00000|100%|HC|  |TAMS 0x00000000b3c00000| PB 0x00000000b3c00000| Complete |  0
| 753|0x00000000b3d00000, 0x00000000b3e00000, 0x00000000b3e00000|100%|HC|  |TAMS 0x00000000b3d00000| PB 0x00000000b3d00000| Complete |  0
| 754|0x00000000b3e00000, 0x00000000b3f00000, 0x00000000b3f00000|100%|HC|  |TAMS 0x00000000b3e00000| PB 0x00000000b3e00000| Complete |  0
| 755|0x00000000b3f00000, 0x00000000b4000000, 0x00000000b4000000|100%|HC|  |TAMS 0x00000000b3f00000| PB 0x00000000b3f00000| Complete |  0
| 756|0x00000000b4000000, 0x00000000b4100000, 0x00000000b4100000|100%|HC|  |TAMS 0x00000000b4000000| PB 0x00000000b4000000| Complete |  0
| 757|0x00000000b4100000, 0x00000000b4200000, 0x00000000b4200000|100%|HC|  |TAMS 0x00000000b4100000| PB 0x00000000b4100000| Complete |  0
| 758|0x00000000b4200000, 0x00000000b4300000, 0x00000000b4300000|100%|HC|  |TAMS 0x00000000b4200000| PB 0x00000000b4200000| Complete |  0
| 759|0x00000000b4300000, 0x00000000b4400000, 0x00000000b4400000|100%|HC|  |TAMS 0x00000000b4300000| PB 0x00000000b4300000| Complete |  0
| 760|0x00000000b4400000, 0x00000000b4500000, 0x00000000b4500000|100%|HC|  |TAMS 0x00000000b4400000| PB 0x00000000b4400000| Complete |  0
| 761|0x00000000b4500000, 0x00000000b4600000, 0x00000000b4600000|100%|HC|  |TAMS 0x00000000b4500000| PB 0x00000000b4500000| Complete |  0
| 762|0x00000000b4600000, 0x00000000b4700000, 0x00000000b4700000|100%|HC|  |TAMS 0x00000000b4600000| PB 0x00000000b4600000| Complete |  0
| 763|0x00000000b4700000, 0x00000000b4800000, 0x00000000b4800000|100%|HC|  |TAMS 0x00000000b4700000| PB 0x00000000b4700000| Complete |  0
| 764|0x00000000b4800000, 0x00000000b4900000, 0x00000000b4900000|100%|HC|  |TAMS 0x00000000b4800000| PB 0x00000000b4800000| Complete |  0
| 765|0x00000000b4900000, 0x00000000b4a00000, 0x00000000b4a00000|100%|HC|  |TAMS 0x00000000b4900000| PB 0x00000000b4900000| Complete |  0
| 766|0x00000000b4a00000, 0x00000000b4b00000, 0x00000000b4b00000|100%|HC|  |TAMS 0x00000000b4a00000| PB 0x00000000b4a00000| Complete |  0
| 767|0x00000000b4b00000, 0x00000000b4c00000, 0x00000000b4c00000|100%|HC|  |TAMS 0x00000000b4b00000| PB 0x00000000b4b00000| Complete |  0
| 768|0x00000000b4c00000, 0x00000000b4d00000, 0x00000000b4d00000|100%|HC|  |TAMS 0x00000000b4c00000| PB 0x00000000b4c00000| Complete |  0
| 769|0x00000000b4d00000, 0x00000000b4e00000, 0x00000000b4e00000|100%|HC|  |TAMS 0x00000000b4d00000| PB 0x00000000b4d00000| Complete |  0
| 770|0x00000000b4e00000, 0x00000000b4f00000, 0x00000000b4f00000|100%|HC|  |TAMS 0x00000000b4e00000| PB 0x00000000b4e00000| Complete |  0
| 771|0x00000000b4f00000, 0x00000000b5000000, 0x00000000b5000000|100%|HC|  |TAMS 0x00000000b4f00000| PB 0x00000000b4f00000| Complete |  0
| 772|0x00000000b5000000, 0x00000000b5100000, 0x00000000b5100000|100%|HC|  |TAMS 0x00000000b5000000| PB 0x00000000b5000000| Complete |  0
| 773|0x00000000b5100000, 0x00000000b5200000, 0x00000000b5200000|100%|HC|  |TAMS 0x00000000b5100000| PB 0x00000000b5100000| Complete |  0
| 774|0x00000000b5200000, 0x00000000b5300000, 0x00000000b5300000|100%|HC|  |TAMS 0x00000000b5200000| PB 0x00000000b5200000| Complete |  0
| 775|0x00000000b5300000, 0x00000000b5400000, 0x00000000b5400000|100%|HC|  |TAMS 0x00000000b5300000| PB 0x00000000b5300000| Complete |  0
| 776|0x00000000b5400000, 0x00000000b5500000, 0x00000000b5500000|100%|HC|  |TAMS 0x00000000b5400000| PB 0x00000000b5400000| Complete |  0
| 777|0x00000000b5500000, 0x00000000b5600000, 0x00000000b5600000|100%|HC|  |TAMS 0x00000000b5500000| PB 0x00000000b5500000| Complete |  0
| 778|0x00000000b5600000, 0x00000000b5700000, 0x00000000b5700000|100%|HC|  |TAMS 0x00000000b5600000| PB 0x00000000b5600000| Complete |  0
| 779|0x00000000b5700000, 0x00000000b5800000, 0x00000000b5800000|100%|HC|  |TAMS 0x00000000b5700000| PB 0x00000000b5700000| Complete |  0
| 780|0x00000000b5800000, 0x00000000b5900000, 0x00000000b5900000|100%|HC|  |TAMS 0x00000000b5800000| PB 0x00000000b5800000| Complete |  0
| 781|0x00000000b5900000, 0x00000000b5a00000, 0x00000000b5a00000|100%|HC|  |TAMS 0x00000000b5900000| PB 0x00000000b5900000| Complete |  0
| 782|0x00000000b5a00000, 0x00000000b5b00000, 0x00000000b5b00000|100%|HC|  |TAMS 0x00000000b5a00000| PB 0x00000000b5a00000| Complete |  0
| 783|0x00000000b5b00000, 0x00000000b5c00000, 0x00000000b5c00000|100%|HC|  |TAMS 0x00000000b5b00000| PB 0x00000000b5b00000| Complete |  0
| 784|0x00000000b5c00000, 0x00000000b5d00000, 0x00000000b5d00000|100%|HC|  |TAMS 0x00000000b5c00000| PB 0x00000000b5c00000| Complete |  0
| 785|0x00000000b5d00000, 0x00000000b5e00000, 0x00000000b5e00000|100%|HC|  |TAMS 0x00000000b5d00000| PB 0x00000000b5d00000| Complete |  0
| 786|0x00000000b5e00000, 0x00000000b5f00000, 0x00000000b5f00000|100%|HC|  |TAMS 0x00000000b5e00000| PB 0x00000000b5e00000| Complete |  0
| 787|0x00000000b5f00000, 0x00000000b6000000, 0x00000000b6000000|100%|HC|  |TAMS 0x00000000b5f00000| PB 0x00000000b5f00000| Complete |  0
| 788|0x00000000b6000000, 0x00000000b6100000, 0x00000000b6100000|100%|HC|  |TAMS 0x00000000b6000000| PB 0x00000000b6000000| Complete |  0
| 789|0x00000000b6100000, 0x00000000b6200000, 0x00000000b6200000|100%|HC|  |TAMS 0x00000000b6100000| PB 0x00000000b6100000| Complete |  0
| 790|0x00000000b6200000, 0x00000000b6300000, 0x00000000b6300000|100%|HC|  |TAMS 0x00000000b6200000| PB 0x00000000b6200000| Complete |  0
| 791|0x00000000b6300000, 0x00000000b6400000, 0x00000000b6400000|100%|HC|  |TAMS 0x00000000b6300000| PB 0x00000000b6300000| Complete |  0
| 792|0x00000000b6400000, 0x00000000b6500000, 0x00000000b6500000|100%|HS|  |TAMS 0x00000000b6400000| PB 0x00000000b6400000| Complete |  0
| 793|0x00000000b6500000, 0x00000000b6600000, 0x00000000b6600000|100%|HC|  |TAMS 0x00000000b6500000| PB 0x00000000b6500000| Complete |  0
| 794|0x00000000b6600000, 0x00000000b6700000, 0x00000000b6700000|100%|HC|  |TAMS 0x00000000b6600000| PB 0x00000000b6600000| Complete |  0
| 795|0x00000000b6700000, 0x00000000b6800000, 0x00000000b6800000|100%|HC|  |TAMS 0x00000000b6700000| PB 0x00000000b6700000| Complete |  0
| 796|0x00000000b6800000, 0x00000000b6900000, 0x00000000b6900000|100%|HC|  |TAMS 0x00000000b6800000| PB 0x00000000b6800000| Complete |  0
| 797|0x00000000b6900000, 0x00000000b6a00000, 0x00000000b6a00000|100%|HC|  |TAMS 0x00000000b6900000| PB 0x00000000b6900000| Complete |  0
| 798|0x00000000b6a00000, 0x00000000b6b00000, 0x00000000b6b00000|100%|HC|  |TAMS 0x00000000b6a00000| PB 0x00000000b6a00000| Complete |  0
| 799|0x00000000b6b00000, 0x00000000b6c00000, 0x00000000b6c00000|100%|HC|  |TAMS 0x00000000b6b00000| PB 0x00000000b6b00000| Complete |  0
| 800|0x00000000b6c00000, 0x00000000b6d00000, 0x00000000b6d00000|100%|HC|  |TAMS 0x00000000b6c00000| PB 0x00000000b6c00000| Complete |  0
| 801|0x00000000b6d00000, 0x00000000b6e00000, 0x00000000b6e00000|100%|HC|  |TAMS 0x00000000b6d00000| PB 0x00000000b6d00000| Complete |  0
| 802|0x00000000b6e00000, 0x00000000b6f00000, 0x00000000b6f00000|100%|HC|  |TAMS 0x00000000b6e00000| PB 0x00000000b6e00000| Complete |  0
| 803|0x00000000b6f00000, 0x00000000b7000000, 0x00000000b7000000|100%|HC|  |TAMS 0x00000000b6f00000| PB 0x00000000b6f00000| Complete |  0
| 804|0x00000000b7000000, 0x00000000b7100000, 0x00000000b7100000|100%|HC|  |TAMS 0x00000000b7000000| PB 0x00000000b7000000| Complete |  0
| 805|0x00000000b7100000, 0x00000000b7200000, 0x00000000b7200000|100%|HC|  |TAMS 0x00000000b7100000| PB 0x00000000b7100000| Complete |  0
| 806|0x00000000b7200000, 0x00000000b7300000, 0x00000000b7300000|100%|HC|  |TAMS 0x00000000b7200000| PB 0x00000000b7200000| Complete |  0
| 807|0x00000000b7300000, 0x00000000b7400000, 0x00000000b7400000|100%|HC|  |TAMS 0x00000000b7300000| PB 0x00000000b7300000| Complete |  0
| 808|0x00000000b7400000, 0x00000000b7500000, 0x00000000b7500000|100%|HC|  |TAMS 0x00000000b7400000| PB 0x00000000b7400000| Complete |  0
| 809|0x00000000b7500000, 0x00000000b7600000, 0x00000000b7600000|100%|HC|  |TAMS 0x00000000b7500000| PB 0x00000000b7500000| Complete |  0
| 810|0x00000000b7600000, 0x00000000b7700000, 0x00000000b7700000|100%|HC|  |TAMS 0x00000000b7600000| PB 0x00000000b7600000| Complete |  0
| 811|0x00000000b7700000, 0x00000000b7800000, 0x00000000b7800000|100%|HC|  |TAMS 0x00000000b7700000| PB 0x00000000b7700000| Complete |  0
| 812|0x00000000b7800000, 0x00000000b7900000, 0x00000000b7900000|100%|HC|  |TAMS 0x00000000b7800000| PB 0x00000000b7800000| Complete |  0
| 813|0x00000000b7900000, 0x00000000b7a00000, 0x00000000b7a00000|100%|HC|  |TAMS 0x00000000b7900000| PB 0x00000000b7900000| Complete |  0
| 814|0x00000000b7a00000, 0x00000000b7b00000, 0x00000000b7b00000|100%|HC|  |TAMS 0x00000000b7a00000| PB 0x00000000b7a00000| Complete |  0
| 815|0x00000000b7b00000, 0x00000000b7c00000, 0x00000000b7c00000|100%|HC|  |TAMS 0x00000000b7b00000| PB 0x00000000b7b00000| Complete |  0
| 816|0x00000000b7c00000, 0x00000000b7d00000, 0x00000000b7d00000|100%|HC|  |TAMS 0x00000000b7c00000| PB 0x00000000b7c00000| Complete |  0
| 817|0x00000000b7d00000, 0x00000000b7e00000, 0x00000000b7e00000|100%|HC|  |TAMS 0x00000000b7d00000| PB 0x00000000b7d00000| Complete |  0
| 818|0x00000000b7e00000, 0x00000000b7f00000, 0x00000000b7f00000|100%|HC|  |TAMS 0x00000000b7e00000| PB 0x00000000b7e00000| Complete |  0
| 819|0x00000000b7f00000, 0x00000000b8000000, 0x00000000b8000000|100%|HC|  |TAMS 0x00000000b7f00000| PB 0x00000000b7f00000| Complete |  0
| 820|0x00000000b8000000, 0x00000000b8100000, 0x00000000b8100000|100%|HC|  |TAMS 0x00000000b8000000| PB 0x00000000b8000000| Complete |  0
| 821|0x00000000b8100000, 0x00000000b8200000, 0x00000000b8200000|100%|HC|  |TAMS 0x00000000b8100000| PB 0x00000000b8100000| Complete |  0
| 822|0x00000000b8200000, 0x00000000b8300000, 0x00000000b8300000|100%|HC|  |TAMS 0x00000000b8200000| PB 0x00000000b8200000| Complete |  0
| 823|0x00000000b8300000, 0x00000000b8400000, 0x00000000b8400000|100%|HC|  |TAMS 0x00000000b8300000| PB 0x00000000b8300000| Complete |  0
| 824|0x00000000b8400000, 0x00000000b8500000, 0x00000000b8500000|100%|HC|  |TAMS 0x00000000b8400000| PB 0x00000000b8400000| Complete |  0
| 825|0x00000000b8500000, 0x00000000b8600000, 0x00000000b8600000|100%|HC|  |TAMS 0x00000000b8500000| PB 0x00000000b8500000| Complete |  0
| 826|0x00000000b8600000, 0x00000000b8700000, 0x00000000b8700000|100%|HC|  |TAMS 0x00000000b8600000| PB 0x00000000b8600000| Complete |  0
| 827|0x00000000b8700000, 0x00000000b8800000, 0x00000000b8800000|100%|HC|  |TAMS 0x00000000b8700000| PB 0x00000000b8700000| Complete |  0
| 828|0x00000000b8800000, 0x00000000b8900000, 0x00000000b8900000|100%|HC|  |TAMS 0x00000000b8800000| PB 0x00000000b8800000| Complete |  0
| 829|0x00000000b8900000, 0x00000000b8a00000, 0x00000000b8a00000|100%|HC|  |TAMS 0x00000000b8900000| PB 0x00000000b8900000| Complete |  0
| 830|0x00000000b8a00000, 0x00000000b8b00000, 0x00000000b8b00000|100%|HC|  |TAMS 0x00000000b8a00000| PB 0x00000000b8a00000| Complete |  0
| 831|0x00000000b8b00000, 0x00000000b8c00000, 0x00000000b8c00000|100%|HC|  |TAMS 0x00000000b8b00000| PB 0x00000000b8b00000| Complete |  0
| 832|0x00000000b8c00000, 0x00000000b8d00000, 0x00000000b8d00000|100%|HC|  |TAMS 0x00000000b8c00000| PB 0x00000000b8c00000| Complete |  0
| 833|0x00000000b8d00000, 0x00000000b8e00000, 0x00000000b8e00000|100%|HC|  |TAMS 0x00000000b8d00000| PB 0x00000000b8d00000| Complete |  0
| 834|0x00000000b8e00000, 0x00000000b8f00000, 0x00000000b8f00000|100%|HC|  |TAMS 0x00000000b8e00000| PB 0x00000000b8e00000| Complete |  0
| 835|0x00000000b8f00000, 0x00000000b9000000, 0x00000000b9000000|100%|HC|  |TAMS 0x00000000b8f00000| PB 0x00000000b8f00000| Complete |  0
| 836|0x00000000b9000000, 0x00000000b9100000, 0x00000000b9100000|100%|HC|  |TAMS 0x00000000b9000000| PB 0x00000000b9000000| Complete |  0
| 837|0x00000000b9100000, 0x00000000b9200000, 0x00000000b9200000|100%|HC|  |TAMS 0x00000000b9100000| PB 0x00000000b9100000| Complete |  0
| 838|0x00000000b9200000, 0x00000000b9300000, 0x00000000b9300000|100%|HC|  |TAMS 0x00000000b9200000| PB 0x00000000b9200000| Complete |  0
| 839|0x00000000b9300000, 0x00000000b9400000, 0x00000000b9400000|100%|HC|  |TAMS 0x00000000b9300000| PB 0x00000000b9300000| Complete |  0
| 840|0x00000000b9400000, 0x00000000b9500000, 0x00000000b9500000|100%|HC|  |TAMS 0x00000000b9400000| PB 0x00000000b9400000| Complete |  0
| 841|0x00000000b9500000, 0x00000000b9600000, 0x00000000b9600000|100%|HC|  |TAMS 0x00000000b9500000| PB 0x00000000b9500000| Complete |  0
| 842|0x00000000b9600000, 0x00000000b9700000, 0x00000000b9700000|100%|HC|  |TAMS 0x00000000b9600000| PB 0x00000000b9600000| Complete |  0
| 843|0x00000000b9700000, 0x00000000b9800000, 0x00000000b9800000|100%|HC|  |TAMS 0x00000000b9700000| PB 0x00000000b9700000| Complete |  0
| 844|0x00000000b9800000, 0x00000000b9900000, 0x00000000b9900000|100%|HS|  |TAMS 0x00000000b9800000| PB 0x00000000b9800000| Complete |  0
| 845|0x00000000b9900000, 0x00000000b9a00000, 0x00000000b9a00000|100%|HC|  |TAMS 0x00000000b9900000| PB 0x00000000b9900000| Complete |  0
| 846|0x00000000b9a00000, 0x00000000b9b00000, 0x00000000b9b00000|100%|HC|  |TAMS 0x00000000b9a00000| PB 0x00000000b9a00000| Complete |  0
| 847|0x00000000b9b00000, 0x00000000b9c00000, 0x00000000b9c00000|100%|HC|  |TAMS 0x00000000b9b00000| PB 0x00000000b9b00000| Complete |  0
| 848|0x00000000b9c00000, 0x00000000b9d00000, 0x00000000b9d00000|100%|HC|  |TAMS 0x00000000b9c00000| PB 0x00000000b9c00000| Complete |  0
| 849|0x00000000b9d00000, 0x00000000b9e00000, 0x00000000b9e00000|100%|HC|  |TAMS 0x00000000b9d00000| PB 0x00000000b9d00000| Complete |  0
| 850|0x00000000b9e00000, 0x00000000b9f00000, 0x00000000b9f00000|100%|HC|  |TAMS 0x00000000b9e00000| PB 0x00000000b9e00000| Complete |  0
| 851|0x00000000b9f00000, 0x00000000ba000000, 0x00000000ba000000|100%|HC|  |TAMS 0x00000000b9f00000| PB 0x00000000b9f00000| Complete |  0
| 852|0x00000000ba000000, 0x00000000ba100000, 0x00000000ba100000|100%|HC|  |TAMS 0x00000000ba000000| PB 0x00000000ba000000| Complete |  0
| 853|0x00000000ba100000, 0x00000000ba200000, 0x00000000ba200000|100%|HC|  |TAMS 0x00000000ba100000| PB 0x00000000ba100000| Complete |  0
| 854|0x00000000ba200000, 0x00000000ba300000, 0x00000000ba300000|100%|HC|  |TAMS 0x00000000ba200000| PB 0x00000000ba200000| Complete |  0
| 855|0x00000000ba300000, 0x00000000ba400000, 0x00000000ba400000|100%|HC|  |TAMS 0x00000000ba300000| PB 0x00000000ba300000| Complete |  0
| 856|0x00000000ba400000, 0x00000000ba500000, 0x00000000ba500000|100%|HC|  |TAMS 0x00000000ba400000| PB 0x00000000ba400000| Complete |  0
| 857|0x00000000ba500000, 0x00000000ba600000, 0x00000000ba600000|100%|HC|  |TAMS 0x00000000ba500000| PB 0x00000000ba500000| Complete |  0
| 858|0x00000000ba600000, 0x00000000ba700000, 0x00000000ba700000|100%|HC|  |TAMS 0x00000000ba600000| PB 0x00000000ba600000| Complete |  0
| 859|0x00000000ba700000, 0x00000000ba800000, 0x00000000ba800000|100%|HC|  |TAMS 0x00000000ba700000| PB 0x00000000ba700000| Complete |  0
| 860|0x00000000ba800000, 0x00000000ba900000, 0x00000000ba900000|100%|HC|  |TAMS 0x00000000ba800000| PB 0x00000000ba800000| Complete |  0
| 861|0x00000000ba900000, 0x00000000baa00000, 0x00000000baa00000|100%|HC|  |TAMS 0x00000000ba900000| PB 0x00000000ba900000| Complete |  0
| 862|0x00000000baa00000, 0x00000000bab00000, 0x00000000bab00000|100%|HC|  |TAMS 0x00000000baa00000| PB 0x00000000baa00000| Complete |  0
| 863|0x00000000bab00000, 0x00000000bac00000, 0x00000000bac00000|100%|HC|  |TAMS 0x00000000bab00000| PB 0x00000000bab00000| Complete |  0
| 864|0x00000000bac00000, 0x00000000bad00000, 0x00000000bad00000|100%|HC|  |TAMS 0x00000000bac00000| PB 0x00000000bac00000| Complete |  0
| 865|0x00000000bad00000, 0x00000000bae00000, 0x00000000bae00000|100%|HC|  |TAMS 0x00000000bad00000| PB 0x00000000bad00000| Complete |  0
| 866|0x00000000bae00000, 0x00000000baf00000, 0x00000000baf00000|100%|HC|  |TAMS 0x00000000bae00000| PB 0x00000000bae00000| Complete |  0
| 867|0x00000000baf00000, 0x00000000bb000000, 0x00000000bb000000|100%|HC|  |TAMS 0x00000000baf00000| PB 0x00000000baf00000| Complete |  0
| 868|0x00000000bb000000, 0x00000000bb100000, 0x00000000bb100000|100%|HC|  |TAMS 0x00000000bb000000| PB 0x00000000bb000000| Complete |  0
| 869|0x00000000bb100000, 0x00000000bb200000, 0x00000000bb200000|100%|HC|  |TAMS 0x00000000bb100000| PB 0x00000000bb100000| Complete |  0
| 870|0x00000000bb200000, 0x00000000bb300000, 0x00000000bb300000|100%|HC|  |TAMS 0x00000000bb200000| PB 0x00000000bb200000| Complete |  0
| 871|0x00000000bb300000, 0x00000000bb400000, 0x00000000bb400000|100%|HC|  |TAMS 0x00000000bb300000| PB 0x00000000bb300000| Complete |  0
| 872|0x00000000bb400000, 0x00000000bb500000, 0x00000000bb500000|100%|HC|  |TAMS 0x00000000bb400000| PB 0x00000000bb400000| Complete |  0
| 873|0x00000000bb500000, 0x00000000bb600000, 0x00000000bb600000|100%|HC|  |TAMS 0x00000000bb500000| PB 0x00000000bb500000| Complete |  0
| 874|0x00000000bb600000, 0x00000000bb700000, 0x00000000bb700000|100%|HC|  |TAMS 0x00000000bb600000| PB 0x00000000bb600000| Complete |  0
| 875|0x00000000bb700000, 0x00000000bb800000, 0x00000000bb800000|100%|HC|  |TAMS 0x00000000bb700000| PB 0x00000000bb700000| Complete |  0
| 876|0x00000000bb800000, 0x00000000bb900000, 0x00000000bb900000|100%|HC|  |TAMS 0x00000000bb800000| PB 0x00000000bb800000| Complete |  0
| 877|0x00000000bb900000, 0x00000000bba00000, 0x00000000bba00000|100%|HC|  |TAMS 0x00000000bb900000| PB 0x00000000bb900000| Complete |  0
| 878|0x00000000bba00000, 0x00000000bbb00000, 0x00000000bbb00000|100%|HC|  |TAMS 0x00000000bba00000| PB 0x00000000bba00000| Complete |  0
| 879|0x00000000bbb00000, 0x00000000bbc00000, 0x00000000bbc00000|100%|HC|  |TAMS 0x00000000bbb00000| PB 0x00000000bbb00000| Complete |  0
| 880|0x00000000bbc00000, 0x00000000bbd00000, 0x00000000bbd00000|100%|HC|  |TAMS 0x00000000bbc00000| PB 0x00000000bbc00000| Complete |  0
| 881|0x00000000bbd00000, 0x00000000bbe00000, 0x00000000bbe00000|100%|HC|  |TAMS 0x00000000bbd00000| PB 0x00000000bbd00000| Complete |  0
| 882|0x00000000bbe00000, 0x00000000bbf00000, 0x00000000bbf00000|100%|HC|  |TAMS 0x00000000bbe00000| PB 0x00000000bbe00000| Complete |  0
| 883|0x00000000bbf00000, 0x00000000bc000000, 0x00000000bc000000|100%|HC|  |TAMS 0x00000000bbf00000| PB 0x00000000bbf00000| Complete |  0
| 884|0x00000000bc000000, 0x00000000bc100000, 0x00000000bc100000|100%|HS|  |TAMS 0x00000000bc000000| PB 0x00000000bc000000| Complete |  0
| 885|0x00000000bc100000, 0x00000000bc200000, 0x00000000bc200000|100%|HC|  |TAMS 0x00000000bc100000| PB 0x00000000bc100000| Complete |  0
| 886|0x00000000bc200000, 0x00000000bc300000, 0x00000000bc300000|100%|HC|  |TAMS 0x00000000bc200000| PB 0x00000000bc200000| Complete |  0
| 887|0x00000000bc300000, 0x00000000bc400000, 0x00000000bc400000|100%|HC|  |TAMS 0x00000000bc300000| PB 0x00000000bc300000| Complete |  0
| 888|0x00000000bc400000, 0x00000000bc500000, 0x00000000bc500000|100%|HC|  |TAMS 0x00000000bc400000| PB 0x00000000bc400000| Complete |  0
| 889|0x00000000bc500000, 0x00000000bc600000, 0x00000000bc600000|100%|HC|  |TAMS 0x00000000bc500000| PB 0x00000000bc500000| Complete |  0
| 890|0x00000000bc600000, 0x00000000bc700000, 0x00000000bc700000|100%|HC|  |TAMS 0x00000000bc600000| PB 0x00000000bc600000| Complete |  0
| 891|0x00000000bc700000, 0x00000000bc800000, 0x00000000bc800000|100%|HC|  |TAMS 0x00000000bc700000| PB 0x00000000bc700000| Complete |  0
| 892|0x00000000bc800000, 0x00000000bc900000, 0x00000000bc900000|100%|HC|  |TAMS 0x00000000bc800000| PB 0x00000000bc800000| Complete |  0
| 893|0x00000000bc900000, 0x00000000bca00000, 0x00000000bca00000|100%|HC|  |TAMS 0x00000000bc900000| PB 0x00000000bc900000| Complete |  0
| 894|0x00000000bca00000, 0x00000000bcb00000, 0x00000000bcb00000|100%|HC|  |TAMS 0x00000000bca00000| PB 0x00000000bca00000| Complete |  0
| 895|0x00000000bcb00000, 0x00000000bcc00000, 0x00000000bcc00000|100%|HC|  |TAMS 0x00000000bcb00000| PB 0x00000000bcb00000| Complete |  0
| 896|0x00000000bcc00000, 0x00000000bcd00000, 0x00000000bcd00000|100%|HC|  |TAMS 0x00000000bcc00000| PB 0x00000000bcc00000| Complete |  0
| 897|0x00000000bcd00000, 0x00000000bce00000, 0x00000000bce00000|100%|HC|  |TAMS 0x00000000bcd00000| PB 0x00000000bcd00000| Complete |  0
| 898|0x00000000bce00000, 0x00000000bcf00000, 0x00000000bcf00000|100%|HC|  |TAMS 0x00000000bce00000| PB 0x00000000bce00000| Complete |  0
| 899|0x00000000bcf00000, 0x00000000bd000000, 0x00000000bd000000|100%|HC|  |TAMS 0x00000000bcf00000| PB 0x00000000bcf00000| Complete |  0
| 900|0x00000000bd000000, 0x00000000bd100000, 0x00000000bd100000|100%|HC|  |TAMS 0x00000000bd000000| PB 0x00000000bd000000| Complete |  0
| 901|0x00000000bd100000, 0x00000000bd200000, 0x00000000bd200000|100%|HC|  |TAMS 0x00000000bd100000| PB 0x00000000bd100000| Complete |  0
| 902|0x00000000bd200000, 0x00000000bd300000, 0x00000000bd300000|100%|HC|  |TAMS 0x00000000bd200000| PB 0x00000000bd200000| Complete |  0
| 903|0x00000000bd300000, 0x00000000bd400000, 0x00000000bd400000|100%|HC|  |TAMS 0x00000000bd300000| PB 0x00000000bd300000| Complete |  0
| 904|0x00000000bd400000, 0x00000000bd500000, 0x00000000bd500000|100%|HC|  |TAMS 0x00000000bd400000| PB 0x00000000bd400000| Complete |  0
| 905|0x00000000bd500000, 0x00000000bd600000, 0x00000000bd600000|100%|HC|  |TAMS 0x00000000bd500000| PB 0x00000000bd500000| Complete |  0
| 906|0x00000000bd600000, 0x00000000bd700000, 0x00000000bd700000|100%|HC|  |TAMS 0x00000000bd600000| PB 0x00000000bd600000| Complete |  0
| 907|0x00000000bd700000, 0x00000000bd800000, 0x00000000bd800000|100%|HC|  |TAMS 0x00000000bd700000| PB 0x00000000bd700000| Complete |  0
| 908|0x00000000bd800000, 0x00000000bd900000, 0x00000000bd900000|100%|HC|  |TAMS 0x00000000bd800000| PB 0x00000000bd800000| Complete |  0
| 909|0x00000000bd900000, 0x00000000bda00000, 0x00000000bda00000|100%|HC|  |TAMS 0x00000000bd900000| PB 0x00000000bd900000| Complete |  0
| 910|0x00000000bda00000, 0x00000000bdb00000, 0x00000000bdb00000|100%|HC|  |TAMS 0x00000000bda00000| PB 0x00000000bda00000| Complete |  0
| 911|0x00000000bdb00000, 0x00000000bdc00000, 0x00000000bdc00000|100%|HC|  |TAMS 0x00000000bdb00000| PB 0x00000000bdb00000| Complete |  0
| 912|0x00000000bdc00000, 0x00000000bdd00000, 0x00000000bdd00000|100%|HC|  |TAMS 0x00000000bdc00000| PB 0x00000000bdc00000| Complete |  0
| 913|0x00000000bdd00000, 0x00000000bde00000, 0x00000000bde00000|100%|HC|  |TAMS 0x00000000bdd00000| PB 0x00000000bdd00000| Complete |  0
| 914|0x00000000bde00000, 0x00000000bdf00000, 0x00000000bdf00000|100%|HC|  |TAMS 0x00000000bde00000| PB 0x00000000bde00000| Complete |  0
| 915|0x00000000bdf00000, 0x00000000be000000, 0x00000000be000000|100%|HC|  |TAMS 0x00000000bdf00000| PB 0x00000000bdf00000| Complete |  0
| 916|0x00000000be000000, 0x00000000be100000, 0x00000000be100000|100%|HC|  |TAMS 0x00000000be000000| PB 0x00000000be000000| Complete |  0
| 917|0x00000000be100000, 0x00000000be200000, 0x00000000be200000|100%|HC|  |TAMS 0x00000000be100000| PB 0x00000000be100000| Complete |  0
| 918|0x00000000be200000, 0x00000000be300000, 0x00000000be300000|100%|HC|  |TAMS 0x00000000be200000| PB 0x00000000be200000| Complete |  0
| 919|0x00000000be300000, 0x00000000be400000, 0x00000000be400000|100%|HC|  |TAMS 0x00000000be300000| PB 0x00000000be300000| Complete |  0
| 920|0x00000000be400000, 0x00000000be500000, 0x00000000be500000|100%|HC|  |TAMS 0x00000000be400000| PB 0x00000000be400000| Complete |  0
| 921|0x00000000be500000, 0x00000000be600000, 0x00000000be600000|100%|HC|  |TAMS 0x00000000be500000| PB 0x00000000be500000| Complete |  0
| 922|0x00000000be600000, 0x00000000be700000, 0x00000000be700000|100%|HC|  |TAMS 0x00000000be600000| PB 0x00000000be600000| Complete |  0
| 923|0x00000000be700000, 0x00000000be800000, 0x00000000be800000|100%|HC|  |TAMS 0x00000000be700000| PB 0x00000000be700000| Complete |  0
| 924|0x00000000be800000, 0x00000000be900000, 0x00000000be900000|100%|HC|  |TAMS 0x00000000be800000| PB 0x00000000be800000| Complete |  0
| 925|0x00000000be900000, 0x00000000bea00000, 0x00000000bea00000|100%|HC|  |TAMS 0x00000000be900000| PB 0x00000000be900000| Complete |  0
| 926|0x00000000bea00000, 0x00000000beb00000, 0x00000000beb00000|100%|HS|  |TAMS 0x00000000bea00000| PB 0x00000000bea00000| Complete |  0
| 927|0x00000000beb00000, 0x00000000bec00000, 0x00000000bec00000|100%|HC|  |TAMS 0x00000000beb00000| PB 0x00000000beb00000| Complete |  0
| 928|0x00000000bec00000, 0x00000000bed00000, 0x00000000bed00000|100%|HC|  |TAMS 0x00000000bec00000| PB 0x00000000bec00000| Complete |  0
| 929|0x00000000bed00000, 0x00000000bee00000, 0x00000000bee00000|100%|HC|  |TAMS 0x00000000bed00000| PB 0x00000000bed00000| Complete |  0
| 930|0x00000000bee00000, 0x00000000bef00000, 0x00000000bef00000|100%|HC|  |TAMS 0x00000000bee00000| PB 0x00000000bee00000| Complete |  0
| 931|0x00000000bef00000, 0x00000000bf000000, 0x00000000bf000000|100%|HC|  |TAMS 0x00000000bef00000| PB 0x00000000bef00000| Complete |  0
| 932|0x00000000bf000000, 0x00000000bf100000, 0x00000000bf100000|100%|HC|  |TAMS 0x00000000bf000000| PB 0x00000000bf000000| Complete |  0
| 933|0x00000000bf100000, 0x00000000bf200000, 0x00000000bf200000|100%|HC|  |TAMS 0x00000000bf100000| PB 0x00000000bf100000| Complete |  0
| 934|0x00000000bf200000, 0x00000000bf300000, 0x00000000bf300000|100%|HC|  |TAMS 0x00000000bf200000| PB 0x00000000bf200000| Complete |  0
| 935|0x00000000bf300000, 0x00000000bf400000, 0x00000000bf400000|100%|HC|  |TAMS 0x00000000bf300000| PB 0x00000000bf300000| Complete |  0
| 936|0x00000000bf400000, 0x00000000bf500000, 0x00000000bf500000|100%|HC|  |TAMS 0x00000000bf400000| PB 0x00000000bf400000| Complete |  0
| 937|0x00000000bf500000, 0x00000000bf600000, 0x00000000bf600000|100%|HC|  |TAMS 0x00000000bf500000| PB 0x00000000bf500000| Complete |  0
| 938|0x00000000bf600000, 0x00000000bf700000, 0x00000000bf700000|100%|HC|  |TAMS 0x00000000bf600000| PB 0x00000000bf600000| Complete |  0
| 939|0x00000000bf700000, 0x00000000bf800000, 0x00000000bf800000|100%|HC|  |TAMS 0x00000000bf700000| PB 0x00000000bf700000| Complete |  0
| 940|0x00000000bf800000, 0x00000000bf900000, 0x00000000bf900000|100%|HC|  |TAMS 0x00000000bf800000| PB 0x00000000bf800000| Complete |  0
| 941|0x00000000bf900000, 0x00000000bfa00000, 0x00000000bfa00000|100%|HC|  |TAMS 0x00000000bf900000| PB 0x00000000bf900000| Complete |  0
| 942|0x00000000bfa00000, 0x00000000bfb00000, 0x00000000bfb00000|100%|HC|  |TAMS 0x00000000bfa00000| PB 0x00000000bfa00000| Complete |  0
| 943|0x00000000bfb00000, 0x00000000bfc00000, 0x00000000bfc00000|100%|HC|  |TAMS 0x00000000bfb00000| PB 0x00000000bfb00000| Complete |  0
| 944|0x00000000bfc00000, 0x00000000bfd00000, 0x00000000bfd00000|100%|HC|  |TAMS 0x00000000bfc00000| PB 0x00000000bfc00000| Complete |  0
| 945|0x00000000bfd00000, 0x00000000bfe00000, 0x00000000bfe00000|100%|HC|  |TAMS 0x00000000bfd00000| PB 0x00000000bfd00000| Complete |  0
| 946|0x00000000bfe00000, 0x00000000bff00000, 0x00000000bff00000|100%|HC|  |TAMS 0x00000000bfe00000| PB 0x00000000bfe00000| Complete |  0
| 947|0x00000000bff00000, 0x00000000c0000000, 0x00000000c0000000|100%|HC|  |TAMS 0x00000000bff00000| PB 0x00000000bff00000| Complete |  0
| 948|0x00000000c0000000, 0x00000000c0100000, 0x00000000c0100000|100%|HC|  |TAMS 0x00000000c0000000| PB 0x00000000c0000000| Complete |  0
| 949|0x00000000c0100000, 0x00000000c0200000, 0x00000000c0200000|100%|HC|  |TAMS 0x00000000c0100000| PB 0x00000000c0100000| Complete |  0
| 950|0x00000000c0200000, 0x00000000c0300000, 0x00000000c0300000|100%|HC|  |TAMS 0x00000000c0200000| PB 0x00000000c0200000| Complete |  0
| 951|0x00000000c0300000, 0x00000000c0400000, 0x00000000c0400000|100%|HC|  |TAMS 0x00000000c0300000| PB 0x00000000c0300000| Complete |  0
| 952|0x00000000c0400000, 0x00000000c0500000, 0x00000000c0500000|100%|HC|  |TAMS 0x00000000c0400000| PB 0x00000000c0400000| Complete |  0
| 953|0x00000000c0500000, 0x00000000c0600000, 0x00000000c0600000|100%|HC|  |TAMS 0x00000000c0500000| PB 0x00000000c0500000| Complete |  0
| 954|0x00000000c0600000, 0x00000000c0700000, 0x00000000c0700000|100%|HC|  |TAMS 0x00000000c0600000| PB 0x00000000c0600000| Complete |  0
| 955|0x00000000c0700000, 0x00000000c0800000, 0x00000000c0800000|100%|HC|  |TAMS 0x00000000c0700000| PB 0x00000000c0700000| Complete |  0
| 956|0x00000000c0800000, 0x00000000c0900000, 0x00000000c0900000|100%|HC|  |TAMS 0x00000000c0800000| PB 0x00000000c0800000| Complete |  0
| 957|0x00000000c0900000, 0x00000000c0a00000, 0x00000000c0a00000|100%|HC|  |TAMS 0x00000000c0900000| PB 0x00000000c0900000| Complete |  0
| 958|0x00000000c0a00000, 0x00000000c0b00000, 0x00000000c0b00000|100%|HC|  |TAMS 0x00000000c0a00000| PB 0x00000000c0a00000| Complete |  0
| 959|0x00000000c0b00000, 0x00000000c0c00000, 0x00000000c0c00000|100%|HC|  |TAMS 0x00000000c0b00000| PB 0x00000000c0b00000| Complete |  0
| 960|0x00000000c0c00000, 0x00000000c0d00000, 0x00000000c0d00000|100%|HC|  |TAMS 0x00000000c0c00000| PB 0x00000000c0c00000| Complete |  0
| 961|0x00000000c0d00000, 0x00000000c0e00000, 0x00000000c0e00000|100%|HC|  |TAMS 0x00000000c0d00000| PB 0x00000000c0d00000| Complete |  0
| 962|0x00000000c0e00000, 0x00000000c0f00000, 0x00000000c0f00000|100%|HC|  |TAMS 0x00000000c0e00000| PB 0x00000000c0e00000| Complete |  0
| 963|0x00000000c0f00000, 0x00000000c1000000, 0x00000000c1000000|100%|HC|  |TAMS 0x00000000c0f00000| PB 0x00000000c0f00000| Complete |  0
| 964|0x00000000c1000000, 0x00000000c1100000, 0x00000000c1100000|100%|HC|  |TAMS 0x00000000c1000000| PB 0x00000000c1000000| Complete |  0
| 965|0x00000000c1100000, 0x00000000c1200000, 0x00000000c1200000|100%|HC|  |TAMS 0x00000000c1100000| PB 0x00000000c1100000| Complete |  0
| 966|0x00000000c1200000, 0x00000000c1300000, 0x00000000c1300000|100%|HC|  |TAMS 0x00000000c1200000| PB 0x00000000c1200000| Complete |  0
| 967|0x00000000c1300000, 0x00000000c1400000, 0x00000000c1400000|100%|HC|  |TAMS 0x00000000c1300000| PB 0x00000000c1300000| Complete |  0
| 968|0x00000000c1400000, 0x00000000c1500000, 0x00000000c1500000|100%|HC|  |TAMS 0x00000000c1400000| PB 0x00000000c1400000| Complete |  0
| 969|0x00000000c1500000, 0x00000000c1600000, 0x00000000c1600000|100%|HC|  |TAMS 0x00000000c1500000| PB 0x00000000c1500000| Complete |  0
| 970|0x00000000c1600000, 0x00000000c1700000, 0x00000000c1700000|100%|HC|  |TAMS 0x00000000c1600000| PB 0x00000000c1600000| Complete |  0
| 971|0x00000000c1700000, 0x00000000c1800000, 0x00000000c1800000|100%|HC|  |TAMS 0x00000000c1700000| PB 0x00000000c1700000| Complete |  0
| 972|0x00000000c1800000, 0x00000000c1900000, 0x00000000c1900000|100%|HS|  |TAMS 0x00000000c1800000| PB 0x00000000c1800000| Complete |  0
| 973|0x00000000c1900000, 0x00000000c1a00000, 0x00000000c1a00000|100%|HC|  |TAMS 0x00000000c1900000| PB 0x00000000c1900000| Complete |  0
| 974|0x00000000c1a00000, 0x00000000c1b00000, 0x00000000c1b00000|100%|HC|  |TAMS 0x00000000c1a00000| PB 0x00000000c1a00000| Complete |  0
| 975|0x00000000c1b00000, 0x00000000c1c00000, 0x00000000c1c00000|100%|HC|  |TAMS 0x00000000c1b00000| PB 0x00000000c1b00000| Complete |  0
| 976|0x00000000c1c00000, 0x00000000c1d00000, 0x00000000c1d00000|100%|HC|  |TAMS 0x00000000c1c00000| PB 0x00000000c1c00000| Complete |  0
| 977|0x00000000c1d00000, 0x00000000c1e00000, 0x00000000c1e00000|100%|HC|  |TAMS 0x00000000c1d00000| PB 0x00000000c1d00000| Complete |  0
| 978|0x00000000c1e00000, 0x00000000c1f00000, 0x00000000c1f00000|100%|HC|  |TAMS 0x00000000c1e00000| PB 0x00000000c1e00000| Complete |  0
| 979|0x00000000c1f00000, 0x00000000c2000000, 0x00000000c2000000|100%|HC|  |TAMS 0x00000000c1f00000| PB 0x00000000c1f00000| Complete |  0
| 980|0x00000000c2000000, 0x00000000c2100000, 0x00000000c2100000|100%|HC|  |TAMS 0x00000000c2000000| PB 0x00000000c2000000| Complete |  0
| 981|0x00000000c2100000, 0x00000000c2200000, 0x00000000c2200000|100%|HC|  |TAMS 0x00000000c2100000| PB 0x00000000c2100000| Complete |  0
| 982|0x00000000c2200000, 0x00000000c2300000, 0x00000000c2300000|100%|HC|  |TAMS 0x00000000c2200000| PB 0x00000000c2200000| Complete |  0
| 983|0x00000000c2300000, 0x00000000c2400000, 0x00000000c2400000|100%|HC|  |TAMS 0x00000000c2300000| PB 0x00000000c2300000| Complete |  0
| 984|0x00000000c2400000, 0x00000000c2500000, 0x00000000c2500000|100%|HC|  |TAMS 0x00000000c2400000| PB 0x00000000c2400000| Complete |  0
| 985|0x00000000c2500000, 0x00000000c2600000, 0x00000000c2600000|100%|HC|  |TAMS 0x00000000c2500000| PB 0x00000000c2500000| Complete |  0
| 986|0x00000000c2600000, 0x00000000c2700000, 0x00000000c2700000|100%|HC|  |TAMS 0x00000000c2600000| PB 0x00000000c2600000| Complete |  0
| 987|0x00000000c2700000, 0x00000000c2800000, 0x00000000c2800000|100%|HC|  |TAMS 0x00000000c2700000| PB 0x00000000c2700000| Complete |  0
| 988|0x00000000c2800000, 0x00000000c2900000, 0x00000000c2900000|100%|HC|  |TAMS 0x00000000c2800000| PB 0x00000000c2800000| Complete |  0
| 989|0x00000000c2900000, 0x00000000c2a00000, 0x00000000c2a00000|100%|HC|  |TAMS 0x00000000c2900000| PB 0x00000000c2900000| Complete |  0
| 990|0x00000000c2a00000, 0x00000000c2b00000, 0x00000000c2b00000|100%|HC|  |TAMS 0x00000000c2a00000| PB 0x00000000c2a00000| Complete |  0
| 991|0x00000000c2b00000, 0x00000000c2c00000, 0x00000000c2c00000|100%|HC|  |TAMS 0x00000000c2b00000| PB 0x00000000c2b00000| Complete |  0
| 992|0x00000000c2c00000, 0x00000000c2d00000, 0x00000000c2d00000|100%|HC|  |TAMS 0x00000000c2c00000| PB 0x00000000c2c00000| Complete |  0
| 993|0x00000000c2d00000, 0x00000000c2e00000, 0x00000000c2e00000|100%|HC|  |TAMS 0x00000000c2d00000| PB 0x00000000c2d00000| Complete |  0
| 994|0x00000000c2e00000, 0x00000000c2f00000, 0x00000000c2f00000|100%|HC|  |TAMS 0x00000000c2e00000| PB 0x00000000c2e00000| Complete |  0
| 995|0x00000000c2f00000, 0x00000000c3000000, 0x00000000c3000000|100%|HC|  |TAMS 0x00000000c2f00000| PB 0x00000000c2f00000| Complete |  0
| 996|0x00000000c3000000, 0x00000000c3100000, 0x00000000c3100000|100%|HC|  |TAMS 0x00000000c3000000| PB 0x00000000c3000000| Complete |  0
| 997|0x00000000c3100000, 0x00000000c3200000, 0x00000000c3200000|100%|HC|  |TAMS 0x00000000c3100000| PB 0x00000000c3100000| Complete |  0
| 998|0x00000000c3200000, 0x00000000c3300000, 0x00000000c3300000|100%|HC|  |TAMS 0x00000000c3200000| PB 0x00000000c3200000| Complete |  0
| 999|0x00000000c3300000, 0x00000000c3400000, 0x00000000c3400000|100%|HC|  |TAMS 0x00000000c3300000| PB 0x00000000c3300000| Complete |  0
|1000|0x00000000c3400000, 0x00000000c3500000, 0x00000000c3500000|100%|HC|  |TAMS 0x00000000c3400000| PB 0x00000000c3400000| Complete |  0
|1001|0x00000000c3500000, 0x00000000c3600000, 0x00000000c3600000|100%|HC|  |TAMS 0x00000000c3500000| PB 0x00000000c3500000| Complete |  0
|1002|0x00000000c3600000, 0x00000000c3700000, 0x00000000c3700000|100%|HC|  |TAMS 0x00000000c3600000| PB 0x00000000c3600000| Complete |  0
|1003|0x00000000c3700000, 0x00000000c3800000, 0x00000000c3800000|100%|HC|  |TAMS 0x00000000c3700000| PB 0x00000000c3700000| Complete |  0
|1004|0x00000000c3800000, 0x00000000c3900000, 0x00000000c3900000|100%|HC|  |TAMS 0x00000000c3800000| PB 0x00000000c3800000| Complete |  0
|1005|0x00000000c3900000, 0x00000000c3a00000, 0x00000000c3a00000|100%|HC|  |TAMS 0x00000000c3900000| PB 0x00000000c3900000| Complete |  0
|1006|0x00000000c3a00000, 0x00000000c3b00000, 0x00000000c3b00000|100%|HC|  |TAMS 0x00000000c3a00000| PB 0x00000000c3a00000| Complete |  0
|1007|0x00000000c3b00000, 0x00000000c3c00000, 0x00000000c3c00000|100%|HC|  |TAMS 0x00000000c3b00000| PB 0x00000000c3b00000| Complete |  0
|1008|0x00000000c3c00000, 0x00000000c3d00000, 0x00000000c3d00000|100%|HC|  |TAMS 0x00000000c3c00000| PB 0x00000000c3c00000| Complete |  0
|1009|0x00000000c3d00000, 0x00000000c3e00000, 0x00000000c3e00000|100%|HC|  |TAMS 0x00000000c3d00000| PB 0x00000000c3d00000| Complete |  0
|1010|0x00000000c3e00000, 0x00000000c3f00000, 0x00000000c3f00000|100%|HC|  |TAMS 0x00000000c3e00000| PB 0x00000000c3e00000| Complete |  0
|1011|0x00000000c3f00000, 0x00000000c4000000, 0x00000000c4000000|100%|HC|  |TAMS 0x00000000c3f00000| PB 0x00000000c3f00000| Complete |  0
|1012|0x00000000c4000000, 0x00000000c4100000, 0x00000000c4100000|100%|HC|  |TAMS 0x00000000c4000000| PB 0x00000000c4000000| Complete |  0
|1013|0x00000000c4100000, 0x00000000c4200000, 0x00000000c4200000|100%|HC|  |TAMS 0x00000000c4100000| PB 0x00000000c4100000| Complete |  0
|1014|0x00000000c4200000, 0x00000000c4300000, 0x00000000c4300000|100%|HC|  |TAMS 0x00000000c4200000| PB 0x00000000c4200000| Complete |  0
|1015|0x00000000c4300000, 0x00000000c4400000, 0x00000000c4400000|100%|HC|  |TAMS 0x00000000c4300000| PB 0x00000000c4300000| Complete |  0
|1016|0x00000000c4400000, 0x00000000c4500000, 0x00000000c4500000|100%|HC|  |TAMS 0x00000000c4400000| PB 0x00000000c4400000| Complete |  0
|1017|0x00000000c4500000, 0x00000000c4600000, 0x00000000c4600000|100%|HC|  |TAMS 0x00000000c4500000| PB 0x00000000c4500000| Complete |  0
|1018|0x00000000c4600000, 0x00000000c4700000, 0x00000000c4700000|100%|HC|  |TAMS 0x00000000c4600000| PB 0x00000000c4600000| Complete |  0
|1019|0x00000000c4700000, 0x00000000c4800000, 0x00000000c4800000|100%|HC|  |TAMS 0x00000000c4700000| PB 0x00000000c4700000| Complete |  0
|1020|0x00000000c4800000, 0x00000000c4900000, 0x00000000c4900000|100%|HC|  |TAMS 0x00000000c4800000| PB 0x00000000c4800000| Complete |  0
|1021|0x00000000c4900000, 0x00000000c4a00000, 0x00000000c4a00000|100%|HC|  |TAMS 0x00000000c4900000| PB 0x00000000c4900000| Complete |  0
|1022|0x00000000c4a00000, 0x00000000c4b00000, 0x00000000c4b00000|100%|HC|  |TAMS 0x00000000c4a00000| PB 0x00000000c4a00000| Complete |  0
|1023|0x00000000c4b00000, 0x00000000c4c00000, 0x00000000c4c00000|100%|HC|  |TAMS 0x00000000c4b00000| PB 0x00000000c4b00000| Complete |  0
|1024|0x00000000c4c00000, 0x00000000c4d00000, 0x00000000c4d00000|100%|HS|  |TAMS 0x00000000c4c00000| PB 0x00000000c4c00000| Complete |  0
|1025|0x00000000c4d00000, 0x00000000c4e00000, 0x00000000c4e00000|100%|HC|  |TAMS 0x00000000c4d00000| PB 0x00000000c4d00000| Complete |  0
|1026|0x00000000c4e00000, 0x00000000c4f00000, 0x00000000c4f00000|100%|HC|  |TAMS 0x00000000c4e00000| PB 0x00000000c4e00000| Complete |  0
|1027|0x00000000c4f00000, 0x00000000c5000000, 0x00000000c5000000|100%|HC|  |TAMS 0x00000000c4f00000| PB 0x00000000c4f00000| Complete |  0
|1028|0x00000000c5000000, 0x00000000c5100000, 0x00000000c5100000|100%|HC|  |TAMS 0x00000000c5000000| PB 0x00000000c5000000| Complete |  0
|1029|0x00000000c5100000, 0x00000000c5200000, 0x00000000c5200000|100%|HC|  |TAMS 0x00000000c5100000| PB 0x00000000c5100000| Complete |  0
|1030|0x00000000c5200000, 0x00000000c5300000, 0x00000000c5300000|100%|HC|  |TAMS 0x00000000c5200000| PB 0x00000000c5200000| Complete |  0
|1031|0x00000000c5300000, 0x00000000c5400000, 0x00000000c5400000|100%|HC|  |TAMS 0x00000000c5300000| PB 0x00000000c5300000| Complete |  0
|1032|0x00000000c5400000, 0x00000000c5500000, 0x00000000c5500000|100%|HC|  |TAMS 0x00000000c5400000| PB 0x00000000c5400000| Complete |  0
|1033|0x00000000c5500000, 0x00000000c5600000, 0x00000000c5600000|100%|HC|  |TAMS 0x00000000c5500000| PB 0x00000000c5500000| Complete |  0
|1034|0x00000000c5600000, 0x00000000c5700000, 0x00000000c5700000|100%|HC|  |TAMS 0x00000000c5600000| PB 0x00000000c5600000| Complete |  0
|1035|0x00000000c5700000, 0x00000000c5800000, 0x00000000c5800000|100%|HC|  |TAMS 0x00000000c5700000| PB 0x00000000c5700000| Complete |  0
|1036|0x00000000c5800000, 0x00000000c5900000, 0x00000000c5900000|100%|HC|  |TAMS 0x00000000c5800000| PB 0x00000000c5800000| Complete |  0
|1037|0x00000000c5900000, 0x00000000c5a00000, 0x00000000c5a00000|100%|HC|  |TAMS 0x00000000c5900000| PB 0x00000000c5900000| Complete |  0
|1038|0x00000000c5a00000, 0x00000000c5b00000, 0x00000000c5b00000|100%|HC|  |TAMS 0x00000000c5a00000| PB 0x00000000c5a00000| Complete |  0
|1039|0x00000000c5b00000, 0x00000000c5c00000, 0x00000000c5c00000|100%|HC|  |TAMS 0x00000000c5b00000| PB 0x00000000c5b00000| Complete |  0
|1040|0x00000000c5c00000, 0x00000000c5d00000, 0x00000000c5d00000|100%|HC|  |TAMS 0x00000000c5c00000| PB 0x00000000c5c00000| Complete |  0
|1041|0x00000000c5d00000, 0x00000000c5e00000, 0x00000000c5e00000|100%|HC|  |TAMS 0x00000000c5d00000| PB 0x00000000c5d00000| Complete |  0
|1042|0x00000000c5e00000, 0x00000000c5f00000, 0x00000000c5f00000|100%|HC|  |TAMS 0x00000000c5e00000| PB 0x00000000c5e00000| Complete |  0
|1043|0x00000000c5f00000, 0x00000000c6000000, 0x00000000c6000000|100%|HC|  |TAMS 0x00000000c5f00000| PB 0x00000000c5f00000| Complete |  0
|1044|0x00000000c6000000, 0x00000000c6100000, 0x00000000c6100000|100%|HC|  |TAMS 0x00000000c6000000| PB 0x00000000c6000000| Complete |  0
|1045|0x00000000c6100000, 0x00000000c6200000, 0x00000000c6200000|100%|HC|  |TAMS 0x00000000c6100000| PB 0x00000000c6100000| Complete |  0
|1046|0x00000000c6200000, 0x00000000c6300000, 0x00000000c6300000|100%|HC|  |TAMS 0x00000000c6200000| PB 0x00000000c6200000| Complete |  0
|1047|0x00000000c6300000, 0x00000000c6400000, 0x00000000c6400000|100%|HC|  |TAMS 0x00000000c6300000| PB 0x00000000c6300000| Complete |  0
|1048|0x00000000c6400000, 0x00000000c6500000, 0x00000000c6500000|100%|HC|  |TAMS 0x00000000c6400000| PB 0x00000000c6400000| Complete |  0
|1049|0x00000000c6500000, 0x00000000c6600000, 0x00000000c6600000|100%|HC|  |TAMS 0x00000000c6500000| PB 0x00000000c6500000| Complete |  0
|1050|0x00000000c6600000, 0x00000000c6700000, 0x00000000c6700000|100%|HC|  |TAMS 0x00000000c6600000| PB 0x00000000c6600000| Complete |  0
|1051|0x00000000c6700000, 0x00000000c6800000, 0x00000000c6800000|100%|HC|  |TAMS 0x00000000c6700000| PB 0x00000000c6700000| Complete |  0
|1052|0x00000000c6800000, 0x00000000c6900000, 0x00000000c6900000|100%|HC|  |TAMS 0x00000000c6800000| PB 0x00000000c6800000| Complete |  0
|1053|0x00000000c6900000, 0x00000000c6a00000, 0x00000000c6a00000|100%|HC|  |TAMS 0x00000000c6900000| PB 0x00000000c6900000| Complete |  0
|1054|0x00000000c6a00000, 0x00000000c6b00000, 0x00000000c6b00000|100%|HC|  |TAMS 0x00000000c6a00000| PB 0x00000000c6a00000| Complete |  0
|1055|0x00000000c6b00000, 0x00000000c6c00000, 0x00000000c6c00000|100%|HC|  |TAMS 0x00000000c6b00000| PB 0x00000000c6b00000| Complete |  0
|1056|0x00000000c6c00000, 0x00000000c6d00000, 0x00000000c6d00000|100%|HC|  |TAMS 0x00000000c6c00000| PB 0x00000000c6c00000| Complete |  0
|1057|0x00000000c6d00000, 0x00000000c6e00000, 0x00000000c6e00000|100%|HC|  |TAMS 0x00000000c6d00000| PB 0x00000000c6d00000| Complete |  0
|1058|0x00000000c6e00000, 0x00000000c6f00000, 0x00000000c6f00000|100%|HC|  |TAMS 0x00000000c6e00000| PB 0x00000000c6e00000| Complete |  0
|1059|0x00000000c6f00000, 0x00000000c7000000, 0x00000000c7000000|100%|HC|  |TAMS 0x00000000c6f00000| PB 0x00000000c6f00000| Complete |  0
|1060|0x00000000c7000000, 0x00000000c7100000, 0x00000000c7100000|100%|HC|  |TAMS 0x00000000c7000000| PB 0x00000000c7000000| Complete |  0
|1061|0x00000000c7100000, 0x00000000c7200000, 0x00000000c7200000|100%|HC|  |TAMS 0x00000000c7100000| PB 0x00000000c7100000| Complete |  0
|1062|0x00000000c7200000, 0x00000000c7300000, 0x00000000c7300000|100%|HC|  |TAMS 0x00000000c7200000| PB 0x00000000c7200000| Complete |  0
|1063|0x00000000c7300000, 0x00000000c7400000, 0x00000000c7400000|100%|HC|  |TAMS 0x00000000c7300000| PB 0x00000000c7300000| Complete |  0
|1064|0x00000000c7400000, 0x00000000c7500000, 0x00000000c7500000|100%|HS|  |TAMS 0x00000000c7400000| PB 0x00000000c7400000| Complete |  0
|1065|0x00000000c7500000, 0x00000000c7600000, 0x00000000c7600000|100%|HC|  |TAMS 0x00000000c7500000| PB 0x00000000c7500000| Complete |  0
|1066|0x00000000c7600000, 0x00000000c7700000, 0x00000000c7700000|100%|HC|  |TAMS 0x00000000c7600000| PB 0x00000000c7600000| Complete |  0
|1067|0x00000000c7700000, 0x00000000c7800000, 0x00000000c7800000|100%|HC|  |TAMS 0x00000000c7700000| PB 0x00000000c7700000| Complete |  0
|1068|0x00000000c7800000, 0x00000000c7900000, 0x00000000c7900000|100%|HC|  |TAMS 0x00000000c7800000| PB 0x00000000c7800000| Complete |  0
|1069|0x00000000c7900000, 0x00000000c7a00000, 0x00000000c7a00000|100%|HC|  |TAMS 0x00000000c7900000| PB 0x00000000c7900000| Complete |  0
|1070|0x00000000c7a00000, 0x00000000c7b00000, 0x00000000c7b00000|100%|HC|  |TAMS 0x00000000c7a00000| PB 0x00000000c7a00000| Complete |  0
|1071|0x00000000c7b00000, 0x00000000c7c00000, 0x00000000c7c00000|100%|HC|  |TAMS 0x00000000c7b00000| PB 0x00000000c7b00000| Complete |  0
|1072|0x00000000c7c00000, 0x00000000c7d00000, 0x00000000c7d00000|100%|HC|  |TAMS 0x00000000c7c00000| PB 0x00000000c7c00000| Complete |  0
|1073|0x00000000c7d00000, 0x00000000c7e00000, 0x00000000c7e00000|100%|HC|  |TAMS 0x00000000c7d00000| PB 0x00000000c7d00000| Complete |  0
|1074|0x00000000c7e00000, 0x00000000c7f00000, 0x00000000c7f00000|100%|HC|  |TAMS 0x00000000c7e00000| PB 0x00000000c7e00000| Complete |  0
|1075|0x00000000c7f00000, 0x00000000c8000000, 0x00000000c8000000|100%|HC|  |TAMS 0x00000000c7f00000| PB 0x00000000c7f00000| Complete |  0
|1076|0x00000000c8000000, 0x00000000c8100000, 0x00000000c8100000|100%|HC|  |TAMS 0x00000000c8000000| PB 0x00000000c8000000| Complete |  0
|1077|0x00000000c8100000, 0x00000000c8200000, 0x00000000c8200000|100%|HC|  |TAMS 0x00000000c8100000| PB 0x00000000c8100000| Complete |  0
|1078|0x00000000c8200000, 0x00000000c8300000, 0x00000000c8300000|100%|HC|  |TAMS 0x00000000c8200000| PB 0x00000000c8200000| Complete |  0
|1079|0x00000000c8300000, 0x00000000c8400000, 0x00000000c8400000|100%|HC|  |TAMS 0x00000000c8300000| PB 0x00000000c8300000| Complete |  0
|1080|0x00000000c8400000, 0x00000000c8500000, 0x00000000c8500000|100%|HC|  |TAMS 0x00000000c8400000| PB 0x00000000c8400000| Complete |  0
|1081|0x00000000c8500000, 0x00000000c8600000, 0x00000000c8600000|100%|HC|  |TAMS 0x00000000c8500000| PB 0x00000000c8500000| Complete |  0
|1082|0x00000000c8600000, 0x00000000c8700000, 0x00000000c8700000|100%|HC|  |TAMS 0x00000000c8600000| PB 0x00000000c8600000| Complete |  0
|1083|0x00000000c8700000, 0x00000000c8800000, 0x00000000c8800000|100%|HC|  |TAMS 0x00000000c8700000| PB 0x00000000c8700000| Complete |  0
|1084|0x00000000c8800000, 0x00000000c8900000, 0x00000000c8900000|100%|HC|  |TAMS 0x00000000c8800000| PB 0x00000000c8800000| Complete |  0
|1085|0x00000000c8900000, 0x00000000c8a00000, 0x00000000c8a00000|100%|HC|  |TAMS 0x00000000c8900000| PB 0x00000000c8900000| Complete |  0
|1086|0x00000000c8a00000, 0x00000000c8b00000, 0x00000000c8b00000|100%|HC|  |TAMS 0x00000000c8a00000| PB 0x00000000c8a00000| Complete |  0
|1087|0x00000000c8b00000, 0x00000000c8c00000, 0x00000000c8c00000|100%|HC|  |TAMS 0x00000000c8b00000| PB 0x00000000c8b00000| Complete |  0
|1088|0x00000000c8c00000, 0x00000000c8d00000, 0x00000000c8d00000|100%|HC|  |TAMS 0x00000000c8c00000| PB 0x00000000c8c00000| Complete |  0
|1089|0x00000000c8d00000, 0x00000000c8e00000, 0x00000000c8e00000|100%|HC|  |TAMS 0x00000000c8d00000| PB 0x00000000c8d00000| Complete |  0
|1090|0x00000000c8e00000, 0x00000000c8f00000, 0x00000000c8f00000|100%|HC|  |TAMS 0x00000000c8e00000| PB 0x00000000c8e00000| Complete |  0
|1091|0x00000000c8f00000, 0x00000000c9000000, 0x00000000c9000000|100%|HC|  |TAMS 0x00000000c8f00000| PB 0x00000000c8f00000| Complete |  0
|1092|0x00000000c9000000, 0x00000000c9100000, 0x00000000c9100000|100%|HC|  |TAMS 0x00000000c9000000| PB 0x00000000c9000000| Complete |  0
|1093|0x00000000c9100000, 0x00000000c9200000, 0x00000000c9200000|100%|HC|  |TAMS 0x00000000c9100000| PB 0x00000000c9100000| Complete |  0
|1094|0x00000000c9200000, 0x00000000c9300000, 0x00000000c9300000|100%|HC|  |TAMS 0x00000000c9200000| PB 0x00000000c9200000| Complete |  0
|1095|0x00000000c9300000, 0x00000000c9400000, 0x00000000c9400000|100%|HC|  |TAMS 0x00000000c9300000| PB 0x00000000c9300000| Complete |  0
|1096|0x00000000c9400000, 0x00000000c9500000, 0x00000000c9500000|100%|HC|  |TAMS 0x00000000c9400000| PB 0x00000000c9400000| Complete |  0
|1097|0x00000000c9500000, 0x00000000c9600000, 0x00000000c9600000|100%|HC|  |TAMS 0x00000000c9500000| PB 0x00000000c9500000| Complete |  0
|1098|0x00000000c9600000, 0x00000000c9700000, 0x00000000c9700000|100%|HC|  |TAMS 0x00000000c9600000| PB 0x00000000c9600000| Complete |  0
|1099|0x00000000c9700000, 0x00000000c9800000, 0x00000000c9800000|100%|HC|  |TAMS 0x00000000c9700000| PB 0x00000000c9700000| Complete |  0
|1100|0x00000000c9800000, 0x00000000c9900000, 0x00000000c9900000|100%|HC|  |TAMS 0x00000000c9800000| PB 0x00000000c9800000| Complete |  0
|1101|0x00000000c9900000, 0x00000000c9a00000, 0x00000000c9a00000|100%|HC|  |TAMS 0x00000000c9900000| PB 0x00000000c9900000| Complete |  0
|1102|0x00000000c9a00000, 0x00000000c9b00000, 0x00000000c9b00000|100%|HC|  |TAMS 0x00000000c9a00000| PB 0x00000000c9a00000| Complete |  0
|1103|0x00000000c9b00000, 0x00000000c9c00000, 0x00000000c9c00000|100%|HC|  |TAMS 0x00000000c9b00000| PB 0x00000000c9b00000| Complete |  0
|1104|0x00000000c9c00000, 0x00000000c9d00000, 0x00000000c9d00000|100%|HC|  |TAMS 0x00000000c9c00000| PB 0x00000000c9c00000| Complete |  0
|1105|0x00000000c9d00000, 0x00000000c9e00000, 0x00000000c9e00000|100%|HC|  |TAMS 0x00000000c9d00000| PB 0x00000000c9d00000| Complete |  0
|1106|0x00000000c9e00000, 0x00000000c9f00000, 0x00000000c9f00000|100%|HS|  |TAMS 0x00000000c9e00000| PB 0x00000000c9e00000| Complete |  0
|1107|0x00000000c9f00000, 0x00000000ca000000, 0x00000000ca000000|100%|HC|  |TAMS 0x00000000c9f00000| PB 0x00000000c9f00000| Complete |  0
|1108|0x00000000ca000000, 0x00000000ca100000, 0x00000000ca100000|100%|HC|  |TAMS 0x00000000ca000000| PB 0x00000000ca000000| Complete |  0
|1109|0x00000000ca100000, 0x00000000ca200000, 0x00000000ca200000|100%|HC|  |TAMS 0x00000000ca100000| PB 0x00000000ca100000| Complete |  0
|1110|0x00000000ca200000, 0x00000000ca300000, 0x00000000ca300000|100%|HC|  |TAMS 0x00000000ca200000| PB 0x00000000ca200000| Complete |  0
|1111|0x00000000ca300000, 0x00000000ca400000, 0x00000000ca400000|100%|HC|  |TAMS 0x00000000ca300000| PB 0x00000000ca300000| Complete |  0
|1112|0x00000000ca400000, 0x00000000ca500000, 0x00000000ca500000|100%|HC|  |TAMS 0x00000000ca400000| PB 0x00000000ca400000| Complete |  0
|1113|0x00000000ca500000, 0x00000000ca600000, 0x00000000ca600000|100%|HC|  |TAMS 0x00000000ca500000| PB 0x00000000ca500000| Complete |  0
|1114|0x00000000ca600000, 0x00000000ca700000, 0x00000000ca700000|100%|HC|  |TAMS 0x00000000ca600000| PB 0x00000000ca600000| Complete |  0
|1115|0x00000000ca700000, 0x00000000ca800000, 0x00000000ca800000|100%|HC|  |TAMS 0x00000000ca700000| PB 0x00000000ca700000| Complete |  0
|1116|0x00000000ca800000, 0x00000000ca900000, 0x00000000ca900000|100%|HC|  |TAMS 0x00000000ca800000| PB 0x00000000ca800000| Complete |  0
|1117|0x00000000ca900000, 0x00000000caa00000, 0x00000000caa00000|100%|HC|  |TAMS 0x00000000ca900000| PB 0x00000000ca900000| Complete |  0
|1118|0x00000000caa00000, 0x00000000cab00000, 0x00000000cab00000|100%|HC|  |TAMS 0x00000000caa00000| PB 0x00000000caa00000| Complete |  0
|1119|0x00000000cab00000, 0x00000000cac00000, 0x00000000cac00000|100%|HC|  |TAMS 0x00000000cab00000| PB 0x00000000cab00000| Complete |  0
|1120|0x00000000cac00000, 0x00000000cad00000, 0x00000000cad00000|100%|HC|  |TAMS 0x00000000cac00000| PB 0x00000000cac00000| Complete |  0
|1121|0x00000000cad00000, 0x00000000cae00000, 0x00000000cae00000|100%|HC|  |TAMS 0x00000000cad00000| PB 0x00000000cad00000| Complete |  0
|1122|0x00000000cae00000, 0x00000000caf00000, 0x00000000caf00000|100%|HC|  |TAMS 0x00000000cae00000| PB 0x00000000cae00000| Complete |  0
|1123|0x00000000caf00000, 0x00000000cb000000, 0x00000000cb000000|100%|HC|  |TAMS 0x00000000caf00000| PB 0x00000000caf00000| Complete |  0
|1124|0x00000000cb000000, 0x00000000cb100000, 0x00000000cb100000|100%|HC|  |TAMS 0x00000000cb000000| PB 0x00000000cb000000| Complete |  0
|1125|0x00000000cb100000, 0x00000000cb200000, 0x00000000cb200000|100%|HC|  |TAMS 0x00000000cb100000| PB 0x00000000cb100000| Complete |  0
|1126|0x00000000cb200000, 0x00000000cb300000, 0x00000000cb300000|100%|HC|  |TAMS 0x00000000cb200000| PB 0x00000000cb200000| Complete |  0
|1127|0x00000000cb300000, 0x00000000cb400000, 0x00000000cb400000|100%|HC|  |TAMS 0x00000000cb300000| PB 0x00000000cb300000| Complete |  0
|1128|0x00000000cb400000, 0x00000000cb500000, 0x00000000cb500000|100%|HC|  |TAMS 0x00000000cb400000| PB 0x00000000cb400000| Complete |  0
|1129|0x00000000cb500000, 0x00000000cb600000, 0x00000000cb600000|100%|HC|  |TAMS 0x00000000cb500000| PB 0x00000000cb500000| Complete |  0
|1130|0x00000000cb600000, 0x00000000cb700000, 0x00000000cb700000|100%|HC|  |TAMS 0x00000000cb600000| PB 0x00000000cb600000| Complete |  0
|1131|0x00000000cb700000, 0x00000000cb800000, 0x00000000cb800000|100%|HC|  |TAMS 0x00000000cb700000| PB 0x00000000cb700000| Complete |  0
|1132|0x00000000cb800000, 0x00000000cb900000, 0x00000000cb900000|100%|HC|  |TAMS 0x00000000cb800000| PB 0x00000000cb800000| Complete |  0
|1133|0x00000000cb900000, 0x00000000cba00000, 0x00000000cba00000|100%|HC|  |TAMS 0x00000000cb900000| PB 0x00000000cb900000| Complete |  0
|1134|0x00000000cba00000, 0x00000000cbb00000, 0x00000000cbb00000|100%|HC|  |TAMS 0x00000000cba00000| PB 0x00000000cba00000| Complete |  0
|1135|0x00000000cbb00000, 0x00000000cbc00000, 0x00000000cbc00000|100%|HC|  |TAMS 0x00000000cbb00000| PB 0x00000000cbb00000| Complete |  0
|1136|0x00000000cbc00000, 0x00000000cbd00000, 0x00000000cbd00000|100%|HC|  |TAMS 0x00000000cbc00000| PB 0x00000000cbc00000| Complete |  0
|1137|0x00000000cbd00000, 0x00000000cbe00000, 0x00000000cbe00000|100%|HC|  |TAMS 0x00000000cbd00000| PB 0x00000000cbd00000| Complete |  0
|1138|0x00000000cbe00000, 0x00000000cbf00000, 0x00000000cbf00000|100%|HC|  |TAMS 0x00000000cbe00000| PB 0x00000000cbe00000| Complete |  0
|1139|0x00000000cbf00000, 0x00000000cc000000, 0x00000000cc000000|100%|HC|  |TAMS 0x00000000cbf00000| PB 0x00000000cbf00000| Complete |  0
|1140|0x00000000cc000000, 0x00000000cc100000, 0x00000000cc100000|100%|HC|  |TAMS 0x00000000cc000000| PB 0x00000000cc000000| Complete |  0
|1141|0x00000000cc100000, 0x00000000cc200000, 0x00000000cc200000|100%|HC|  |TAMS 0x00000000cc100000| PB 0x00000000cc100000| Complete |  0
|1142|0x00000000cc200000, 0x00000000cc300000, 0x00000000cc300000|100%|HC|  |TAMS 0x00000000cc200000| PB 0x00000000cc200000| Complete |  0
|1143|0x00000000cc300000, 0x00000000cc400000, 0x00000000cc400000|100%|HC|  |TAMS 0x00000000cc300000| PB 0x00000000cc300000| Complete |  0
|1144|0x00000000cc400000, 0x00000000cc500000, 0x00000000cc500000|100%|HC|  |TAMS 0x00000000cc400000| PB 0x00000000cc400000| Complete |  0
|1145|0x00000000cc500000, 0x00000000cc600000, 0x00000000cc600000|100%|HC|  |TAMS 0x00000000cc500000| PB 0x00000000cc500000| Complete |  0
|1146|0x00000000cc600000, 0x00000000cc700000, 0x00000000cc700000|100%|HC|  |TAMS 0x00000000cc600000| PB 0x00000000cc600000| Complete |  0
|1147|0x00000000cc700000, 0x00000000cc800000, 0x00000000cc800000|100%|HC|  |TAMS 0x00000000cc700000| PB 0x00000000cc700000| Complete |  0
|1148|0x00000000cc800000, 0x00000000cc900000, 0x00000000cc900000|100%|HC|  |TAMS 0x00000000cc800000| PB 0x00000000cc800000| Complete |  0
|1149|0x00000000cc900000, 0x00000000cca00000, 0x00000000cca00000|100%|HC|  |TAMS 0x00000000cc900000| PB 0x00000000cc900000| Complete |  0
|1150|0x00000000cca00000, 0x00000000ccb00000, 0x00000000ccb00000|100%|HC|  |TAMS 0x00000000cca00000| PB 0x00000000cca00000| Complete |  0
|1151|0x00000000ccb00000, 0x00000000ccc00000, 0x00000000ccc00000|100%|HC|  |TAMS 0x00000000ccb00000| PB 0x00000000ccb00000| Complete |  0
|1152|0x00000000ccc00000, 0x00000000ccd00000, 0x00000000ccd00000|100%|HS|  |TAMS 0x00000000ccc00000| PB 0x00000000ccc00000| Complete |  0
|1153|0x00000000ccd00000, 0x00000000cce00000, 0x00000000cce00000|100%|HC|  |TAMS 0x00000000ccd00000| PB 0x00000000ccd00000| Complete |  0
|1154|0x00000000cce00000, 0x00000000ccf00000, 0x00000000ccf00000|100%|HC|  |TAMS 0x00000000cce00000| PB 0x00000000cce00000| Complete |  0
|1155|0x00000000ccf00000, 0x00000000cd000000, 0x00000000cd000000|100%|HC|  |TAMS 0x00000000ccf00000| PB 0x00000000ccf00000| Complete |  0
|1156|0x00000000cd000000, 0x00000000cd100000, 0x00000000cd100000|100%|HC|  |TAMS 0x00000000cd000000| PB 0x00000000cd000000| Complete |  0
|1157|0x00000000cd100000, 0x00000000cd200000, 0x00000000cd200000|100%|HC|  |TAMS 0x00000000cd100000| PB 0x00000000cd100000| Complete |  0
|1158|0x00000000cd200000, 0x00000000cd300000, 0x00000000cd300000|100%|HC|  |TAMS 0x00000000cd200000| PB 0x00000000cd200000| Complete |  0
|1159|0x00000000cd300000, 0x00000000cd400000, 0x00000000cd400000|100%|HC|  |TAMS 0x00000000cd300000| PB 0x00000000cd300000| Complete |  0
|1160|0x00000000cd400000, 0x00000000cd500000, 0x00000000cd500000|100%|HC|  |TAMS 0x00000000cd400000| PB 0x00000000cd400000| Complete |  0
|1161|0x00000000cd500000, 0x00000000cd600000, 0x00000000cd600000|100%|HC|  |TAMS 0x00000000cd500000| PB 0x00000000cd500000| Complete |  0
|1162|0x00000000cd600000, 0x00000000cd700000, 0x00000000cd700000|100%|HC|  |TAMS 0x00000000cd600000| PB 0x00000000cd600000| Complete |  0
|1163|0x00000000cd700000, 0x00000000cd800000, 0x00000000cd800000|100%|HC|  |TAMS 0x00000000cd700000| PB 0x00000000cd700000| Complete |  0
|1164|0x00000000cd800000, 0x00000000cd900000, 0x00000000cd900000|100%|HC|  |TAMS 0x00000000cd800000| PB 0x00000000cd800000| Complete |  0
|1165|0x00000000cd900000, 0x00000000cda00000, 0x00000000cda00000|100%|HC|  |TAMS 0x00000000cd900000| PB 0x00000000cd900000| Complete |  0
|1166|0x00000000cda00000, 0x00000000cdb00000, 0x00000000cdb00000|100%|HC|  |TAMS 0x00000000cda00000| PB 0x00000000cda00000| Complete |  0
|1167|0x00000000cdb00000, 0x00000000cdc00000, 0x00000000cdc00000|100%|HC|  |TAMS 0x00000000cdb00000| PB 0x00000000cdb00000| Complete |  0
|1168|0x00000000cdc00000, 0x00000000cdd00000, 0x00000000cdd00000|100%|HC|  |TAMS 0x00000000cdc00000| PB 0x00000000cdc00000| Complete |  0
|1169|0x00000000cdd00000, 0x00000000cde00000, 0x00000000cde00000|100%|HC|  |TAMS 0x00000000cdd00000| PB 0x00000000cdd00000| Complete |  0
|1170|0x00000000cde00000, 0x00000000cdf00000, 0x00000000cdf00000|100%|HC|  |TAMS 0x00000000cde00000| PB 0x00000000cde00000| Complete |  0
|1171|0x00000000cdf00000, 0x00000000ce000000, 0x00000000ce000000|100%|HC|  |TAMS 0x00000000cdf00000| PB 0x00000000cdf00000| Complete |  0
|1172|0x00000000ce000000, 0x00000000ce100000, 0x00000000ce100000|100%|HC|  |TAMS 0x00000000ce000000| PB 0x00000000ce000000| Complete |  0
|1173|0x00000000ce100000, 0x00000000ce200000, 0x00000000ce200000|100%|HC|  |TAMS 0x00000000ce100000| PB 0x00000000ce100000| Complete |  0
|1174|0x00000000ce200000, 0x00000000ce300000, 0x00000000ce300000|100%|HC|  |TAMS 0x00000000ce200000| PB 0x00000000ce200000| Complete |  0
|1175|0x00000000ce300000, 0x00000000ce400000, 0x00000000ce400000|100%|HC|  |TAMS 0x00000000ce300000| PB 0x00000000ce300000| Complete |  0
|1176|0x00000000ce400000, 0x00000000ce500000, 0x00000000ce500000|100%|HC|  |TAMS 0x00000000ce400000| PB 0x00000000ce400000| Complete |  0
|1177|0x00000000ce500000, 0x00000000ce600000, 0x00000000ce600000|100%|HC|  |TAMS 0x00000000ce500000| PB 0x00000000ce500000| Complete |  0
|1178|0x00000000ce600000, 0x00000000ce700000, 0x00000000ce700000|100%|HC|  |TAMS 0x00000000ce600000| PB 0x00000000ce600000| Complete |  0
|1179|0x00000000ce700000, 0x00000000ce800000, 0x00000000ce800000|100%|HC|  |TAMS 0x00000000ce700000| PB 0x00000000ce700000| Complete |  0
|1180|0x00000000ce800000, 0x00000000ce900000, 0x00000000ce900000|100%|HC|  |TAMS 0x00000000ce800000| PB 0x00000000ce800000| Complete |  0
|1181|0x00000000ce900000, 0x00000000cea00000, 0x00000000cea00000|100%|HC|  |TAMS 0x00000000ce900000| PB 0x00000000ce900000| Complete |  0
|1182|0x00000000cea00000, 0x00000000ceb00000, 0x00000000ceb00000|100%|HC|  |TAMS 0x00000000cea00000| PB 0x00000000cea00000| Complete |  0
|1183|0x00000000ceb00000, 0x00000000cec00000, 0x00000000cec00000|100%|HC|  |TAMS 0x00000000ceb00000| PB 0x00000000ceb00000| Complete |  0
|1184|0x00000000cec00000, 0x00000000ced00000, 0x00000000ced00000|100%|HC|  |TAMS 0x00000000cec00000| PB 0x00000000cec00000| Complete |  0
|1185|0x00000000ced00000, 0x00000000cee00000, 0x00000000cee00000|100%|HC|  |TAMS 0x00000000ced00000| PB 0x00000000ced00000| Complete |  0
|1186|0x00000000cee00000, 0x00000000cef00000, 0x00000000cef00000|100%|HC|  |TAMS 0x00000000cee00000| PB 0x00000000cee00000| Complete |  0
|1187|0x00000000cef00000, 0x00000000cf000000, 0x00000000cf000000|100%|HC|  |TAMS 0x00000000cef00000| PB 0x00000000cef00000| Complete |  0
|1188|0x00000000cf000000, 0x00000000cf100000, 0x00000000cf100000|100%|HC|  |TAMS 0x00000000cf000000| PB 0x00000000cf000000| Complete |  0
|1189|0x00000000cf100000, 0x00000000cf200000, 0x00000000cf200000|100%|HC|  |TAMS 0x00000000cf100000| PB 0x00000000cf100000| Complete |  0
|1190|0x00000000cf200000, 0x00000000cf300000, 0x00000000cf300000|100%|HC|  |TAMS 0x00000000cf200000| PB 0x00000000cf200000| Complete |  0
|1191|0x00000000cf300000, 0x00000000cf400000, 0x00000000cf400000|100%|HC|  |TAMS 0x00000000cf300000| PB 0x00000000cf300000| Complete |  0
|1192|0x00000000cf400000, 0x00000000cf500000, 0x00000000cf500000|100%|HC|  |TAMS 0x00000000cf400000| PB 0x00000000cf400000| Complete |  0
|1193|0x00000000cf500000, 0x00000000cf600000, 0x00000000cf600000|100%|HC|  |TAMS 0x00000000cf500000| PB 0x00000000cf500000| Complete |  0
|1194|0x00000000cf600000, 0x00000000cf700000, 0x00000000cf700000|100%|HC|  |TAMS 0x00000000cf600000| PB 0x00000000cf600000| Complete |  0
|1195|0x00000000cf700000, 0x00000000cf800000, 0x00000000cf800000|100%|HC|  |TAMS 0x00000000cf700000| PB 0x00000000cf700000| Complete |  0
|1196|0x00000000cf800000, 0x00000000cf900000, 0x00000000cf900000|100%|HC|  |TAMS 0x00000000cf800000| PB 0x00000000cf800000| Complete |  0
|1197|0x00000000cf900000, 0x00000000cfa00000, 0x00000000cfa00000|100%|HC|  |TAMS 0x00000000cf900000| PB 0x00000000cf900000| Complete |  0
|1198|0x00000000cfa00000, 0x00000000cfb00000, 0x00000000cfb00000|100%|HC|  |TAMS 0x00000000cfa00000| PB 0x00000000cfa00000| Complete |  0
|1199|0x00000000cfb00000, 0x00000000cfc00000, 0x00000000cfc00000|100%|HC|  |TAMS 0x00000000cfb00000| PB 0x00000000cfb00000| Complete |  0
|1200|0x00000000cfc00000, 0x00000000cfd00000, 0x00000000cfd00000|100%|HC|  |TAMS 0x00000000cfc00000| PB 0x00000000cfc00000| Complete |  0
|1201|0x00000000cfd00000, 0x00000000cfe00000, 0x00000000cfe00000|100%|HC|  |TAMS 0x00000000cfd00000| PB 0x00000000cfd00000| Complete |  0
|1202|0x00000000cfe00000, 0x00000000cff00000, 0x00000000cff00000|100%|HC|  |TAMS 0x00000000cfe00000| PB 0x00000000cfe00000| Complete |  0
|1203|0x00000000cff00000, 0x00000000d0000000, 0x00000000d0000000|100%|HC|  |TAMS 0x00000000cff00000| PB 0x00000000cff00000| Complete |  0
|1204|0x00000000d0000000, 0x00000000d0100000, 0x00000000d0100000|100%|HS|  |TAMS 0x00000000d0000000| PB 0x00000000d0000000| Complete |  0
|1205|0x00000000d0100000, 0x00000000d0200000, 0x00000000d0200000|100%|HC|  |TAMS 0x00000000d0100000| PB 0x00000000d0100000| Complete |  0
|1206|0x00000000d0200000, 0x00000000d0300000, 0x00000000d0300000|100%|HC|  |TAMS 0x00000000d0200000| PB 0x00000000d0200000| Complete |  0
|1207|0x00000000d0300000, 0x00000000d0400000, 0x00000000d0400000|100%|HC|  |TAMS 0x00000000d0300000| PB 0x00000000d0300000| Complete |  0
|1208|0x00000000d0400000, 0x00000000d0500000, 0x00000000d0500000|100%|HC|  |TAMS 0x00000000d0400000| PB 0x00000000d0400000| Complete |  0
|1209|0x00000000d0500000, 0x00000000d0600000, 0x00000000d0600000|100%|HC|  |TAMS 0x00000000d0500000| PB 0x00000000d0500000| Complete |  0
|1210|0x00000000d0600000, 0x00000000d0700000, 0x00000000d0700000|100%|HC|  |TAMS 0x00000000d0600000| PB 0x00000000d0600000| Complete |  0
|1211|0x00000000d0700000, 0x00000000d0800000, 0x00000000d0800000|100%|HC|  |TAMS 0x00000000d0700000| PB 0x00000000d0700000| Complete |  0
|1212|0x00000000d0800000, 0x00000000d0900000, 0x00000000d0900000|100%|HC|  |TAMS 0x00000000d0800000| PB 0x00000000d0800000| Complete |  0
|1213|0x00000000d0900000, 0x00000000d0a00000, 0x00000000d0a00000|100%|HC|  |TAMS 0x00000000d0900000| PB 0x00000000d0900000| Complete |  0
|1214|0x00000000d0a00000, 0x00000000d0b00000, 0x00000000d0b00000|100%|HC|  |TAMS 0x00000000d0a00000| PB 0x00000000d0a00000| Complete |  0
|1215|0x00000000d0b00000, 0x00000000d0c00000, 0x00000000d0c00000|100%|HC|  |TAMS 0x00000000d0b00000| PB 0x00000000d0b00000| Complete |  0
|1216|0x00000000d0c00000, 0x00000000d0d00000, 0x00000000d0d00000|100%|HC|  |TAMS 0x00000000d0c00000| PB 0x00000000d0c00000| Complete |  0
|1217|0x00000000d0d00000, 0x00000000d0e00000, 0x00000000d0e00000|100%|HC|  |TAMS 0x00000000d0d00000| PB 0x00000000d0d00000| Complete |  0
|1218|0x00000000d0e00000, 0x00000000d0f00000, 0x00000000d0f00000|100%|HC|  |TAMS 0x00000000d0e00000| PB 0x00000000d0e00000| Complete |  0
|1219|0x00000000d0f00000, 0x00000000d1000000, 0x00000000d1000000|100%|HC|  |TAMS 0x00000000d0f00000| PB 0x00000000d0f00000| Complete |  0
|1220|0x00000000d1000000, 0x00000000d1100000, 0x00000000d1100000|100%|HC|  |TAMS 0x00000000d1000000| PB 0x00000000d1000000| Complete |  0
|1221|0x00000000d1100000, 0x00000000d1200000, 0x00000000d1200000|100%|HC|  |TAMS 0x00000000d1100000| PB 0x00000000d1100000| Complete |  0
|1222|0x00000000d1200000, 0x00000000d1300000, 0x00000000d1300000|100%|HC|  |TAMS 0x00000000d1200000| PB 0x00000000d1200000| Complete |  0
|1223|0x00000000d1300000, 0x00000000d1400000, 0x00000000d1400000|100%|HC|  |TAMS 0x00000000d1300000| PB 0x00000000d1300000| Complete |  0
|1224|0x00000000d1400000, 0x00000000d1500000, 0x00000000d1500000|100%|HC|  |TAMS 0x00000000d1400000| PB 0x00000000d1400000| Complete |  0
|1225|0x00000000d1500000, 0x00000000d1600000, 0x00000000d1600000|100%|HC|  |TAMS 0x00000000d1500000| PB 0x00000000d1500000| Complete |  0
|1226|0x00000000d1600000, 0x00000000d1700000, 0x00000000d1700000|100%|HC|  |TAMS 0x00000000d1600000| PB 0x00000000d1600000| Complete |  0
|1227|0x00000000d1700000, 0x00000000d1800000, 0x00000000d1800000|100%|HC|  |TAMS 0x00000000d1700000| PB 0x00000000d1700000| Complete |  0
|1228|0x00000000d1800000, 0x00000000d1900000, 0x00000000d1900000|100%|HC|  |TAMS 0x00000000d1800000| PB 0x00000000d1800000| Complete |  0
|1229|0x00000000d1900000, 0x00000000d1a00000, 0x00000000d1a00000|100%|HC|  |TAMS 0x00000000d1900000| PB 0x00000000d1900000| Complete |  0
|1230|0x00000000d1a00000, 0x00000000d1b00000, 0x00000000d1b00000|100%|HC|  |TAMS 0x00000000d1a00000| PB 0x00000000d1a00000| Complete |  0
|1231|0x00000000d1b00000, 0x00000000d1c00000, 0x00000000d1c00000|100%|HC|  |TAMS 0x00000000d1b00000| PB 0x00000000d1b00000| Complete |  0
|1232|0x00000000d1c00000, 0x00000000d1d00000, 0x00000000d1d00000|100%|HC|  |TAMS 0x00000000d1c00000| PB 0x00000000d1c00000| Complete |  0
|1233|0x00000000d1d00000, 0x00000000d1e00000, 0x00000000d1e00000|100%|HC|  |TAMS 0x00000000d1d00000| PB 0x00000000d1d00000| Complete |  0
|1234|0x00000000d1e00000, 0x00000000d1f00000, 0x00000000d1f00000|100%|HC|  |TAMS 0x00000000d1e00000| PB 0x00000000d1e00000| Complete |  0
|1235|0x00000000d1f00000, 0x00000000d2000000, 0x00000000d2000000|100%|HC|  |TAMS 0x00000000d1f00000| PB 0x00000000d1f00000| Complete |  0
|1236|0x00000000d2000000, 0x00000000d2100000, 0x00000000d2100000|100%|HC|  |TAMS 0x00000000d2000000| PB 0x00000000d2000000| Complete |  0
|1237|0x00000000d2100000, 0x00000000d2200000, 0x00000000d2200000|100%|HC|  |TAMS 0x00000000d2100000| PB 0x00000000d2100000| Complete |  0
|1238|0x00000000d2200000, 0x00000000d2300000, 0x00000000d2300000|100%|HC|  |TAMS 0x00000000d2200000| PB 0x00000000d2200000| Complete |  0
|1239|0x00000000d2300000, 0x00000000d2400000, 0x00000000d2400000|100%|HC|  |TAMS 0x00000000d2300000| PB 0x00000000d2300000| Complete |  0
|1240|0x00000000d2400000, 0x00000000d2500000, 0x00000000d2500000|100%|HC|  |TAMS 0x00000000d2400000| PB 0x00000000d2400000| Complete |  0
|1241|0x00000000d2500000, 0x00000000d2600000, 0x00000000d2600000|100%|HC|  |TAMS 0x00000000d2500000| PB 0x00000000d2500000| Complete |  0
|1242|0x00000000d2600000, 0x00000000d2700000, 0x00000000d2700000|100%|HC|  |TAMS 0x00000000d2600000| PB 0x00000000d2600000| Complete |  0
|1243|0x00000000d2700000, 0x00000000d2800000, 0x00000000d2800000|100%|HC|  |TAMS 0x00000000d2700000| PB 0x00000000d2700000| Complete |  0
|1244|0x00000000d2800000, 0x00000000d2900000, 0x00000000d2900000|100%|HS|  |TAMS 0x00000000d2800000| PB 0x00000000d2800000| Complete |  0
|1245|0x00000000d2900000, 0x00000000d2a00000, 0x00000000d2a00000|100%|HC|  |TAMS 0x00000000d2900000| PB 0x00000000d2900000| Complete |  0
|1246|0x00000000d2a00000, 0x00000000d2b00000, 0x00000000d2b00000|100%|HC|  |TAMS 0x00000000d2a00000| PB 0x00000000d2a00000| Complete |  0
|1247|0x00000000d2b00000, 0x00000000d2c00000, 0x00000000d2c00000|100%|HC|  |TAMS 0x00000000d2b00000| PB 0x00000000d2b00000| Complete |  0
|1248|0x00000000d2c00000, 0x00000000d2d00000, 0x00000000d2d00000|100%|HC|  |TAMS 0x00000000d2c00000| PB 0x00000000d2c00000| Complete |  0
|1249|0x00000000d2d00000, 0x00000000d2e00000, 0x00000000d2e00000|100%|HC|  |TAMS 0x00000000d2d00000| PB 0x00000000d2d00000| Complete |  0
|1250|0x00000000d2e00000, 0x00000000d2f00000, 0x00000000d2f00000|100%|HC|  |TAMS 0x00000000d2e00000| PB 0x00000000d2e00000| Complete |  0
|1251|0x00000000d2f00000, 0x00000000d3000000, 0x00000000d3000000|100%|HC|  |TAMS 0x00000000d2f00000| PB 0x00000000d2f00000| Complete |  0
|1252|0x00000000d3000000, 0x00000000d3100000, 0x00000000d3100000|100%|HC|  |TAMS 0x00000000d3000000| PB 0x00000000d3000000| Complete |  0
|1253|0x00000000d3100000, 0x00000000d3200000, 0x00000000d3200000|100%|HC|  |TAMS 0x00000000d3100000| PB 0x00000000d3100000| Complete |  0
|1254|0x00000000d3200000, 0x00000000d3300000, 0x00000000d3300000|100%|HC|  |TAMS 0x00000000d3200000| PB 0x00000000d3200000| Complete |  0
|1255|0x00000000d3300000, 0x00000000d3400000, 0x00000000d3400000|100%|HC|  |TAMS 0x00000000d3300000| PB 0x00000000d3300000| Complete |  0
|1256|0x00000000d3400000, 0x00000000d3500000, 0x00000000d3500000|100%|HC|  |TAMS 0x00000000d3400000| PB 0x00000000d3400000| Complete |  0
|1257|0x00000000d3500000, 0x00000000d3600000, 0x00000000d3600000|100%|HC|  |TAMS 0x00000000d3500000| PB 0x00000000d3500000| Complete |  0
|1258|0x00000000d3600000, 0x00000000d3700000, 0x00000000d3700000|100%|HC|  |TAMS 0x00000000d3600000| PB 0x00000000d3600000| Complete |  0
|1259|0x00000000d3700000, 0x00000000d3800000, 0x00000000d3800000|100%|HC|  |TAMS 0x00000000d3700000| PB 0x00000000d3700000| Complete |  0
|1260|0x00000000d3800000, 0x00000000d3900000, 0x00000000d3900000|100%|HC|  |TAMS 0x00000000d3800000| PB 0x00000000d3800000| Complete |  0
|1261|0x00000000d3900000, 0x00000000d3a00000, 0x00000000d3a00000|100%|HC|  |TAMS 0x00000000d3900000| PB 0x00000000d3900000| Complete |  0
|1262|0x00000000d3a00000, 0x00000000d3b00000, 0x00000000d3b00000|100%|HC|  |TAMS 0x00000000d3a00000| PB 0x00000000d3a00000| Complete |  0
|1263|0x00000000d3b00000, 0x00000000d3c00000, 0x00000000d3c00000|100%|HC|  |TAMS 0x00000000d3b00000| PB 0x00000000d3b00000| Complete |  0
|1264|0x00000000d3c00000, 0x00000000d3d00000, 0x00000000d3d00000|100%|HC|  |TAMS 0x00000000d3c00000| PB 0x00000000d3c00000| Complete |  0
|1265|0x00000000d3d00000, 0x00000000d3e00000, 0x00000000d3e00000|100%|HC|  |TAMS 0x00000000d3d00000| PB 0x00000000d3d00000| Complete |  0
|1266|0x00000000d3e00000, 0x00000000d3f00000, 0x00000000d3f00000|100%|HC|  |TAMS 0x00000000d3e00000| PB 0x00000000d3e00000| Complete |  0
|1267|0x00000000d3f00000, 0x00000000d4000000, 0x00000000d4000000|100%|HC|  |TAMS 0x00000000d3f00000| PB 0x00000000d3f00000| Complete |  0
|1268|0x00000000d4000000, 0x00000000d4100000, 0x00000000d4100000|100%|HC|  |TAMS 0x00000000d4000000| PB 0x00000000d4000000| Complete |  0
|1269|0x00000000d4100000, 0x00000000d4200000, 0x00000000d4200000|100%|HC|  |TAMS 0x00000000d4100000| PB 0x00000000d4100000| Complete |  0
|1270|0x00000000d4200000, 0x00000000d4300000, 0x00000000d4300000|100%|HC|  |TAMS 0x00000000d4200000| PB 0x00000000d4200000| Complete |  0
|1271|0x00000000d4300000, 0x00000000d4400000, 0x00000000d4400000|100%|HC|  |TAMS 0x00000000d4300000| PB 0x00000000d4300000| Complete |  0
|1272|0x00000000d4400000, 0x00000000d4500000, 0x00000000d4500000|100%|HC|  |TAMS 0x00000000d4400000| PB 0x00000000d4400000| Complete |  0
|1273|0x00000000d4500000, 0x00000000d4600000, 0x00000000d4600000|100%|HC|  |TAMS 0x00000000d4500000| PB 0x00000000d4500000| Complete |  0
|1274|0x00000000d4600000, 0x00000000d4700000, 0x00000000d4700000|100%|HC|  |TAMS 0x00000000d4600000| PB 0x00000000d4600000| Complete |  0
|1275|0x00000000d4700000, 0x00000000d4800000, 0x00000000d4800000|100%|HC|  |TAMS 0x00000000d4700000| PB 0x00000000d4700000| Complete |  0
|1276|0x00000000d4800000, 0x00000000d4900000, 0x00000000d4900000|100%|HC|  |TAMS 0x00000000d4800000| PB 0x00000000d4800000| Complete |  0
|1277|0x00000000d4900000, 0x00000000d4a00000, 0x00000000d4a00000|100%|HC|  |TAMS 0x00000000d4900000| PB 0x00000000d4900000| Complete |  0
|1278|0x00000000d4a00000, 0x00000000d4b00000, 0x00000000d4b00000|100%|HC|  |TAMS 0x00000000d4a00000| PB 0x00000000d4a00000| Complete |  0
|1279|0x00000000d4b00000, 0x00000000d4c00000, 0x00000000d4c00000|100%|HC|  |TAMS 0x00000000d4b00000| PB 0x00000000d4b00000| Complete |  0
|1280|0x00000000d4c00000, 0x00000000d4d00000, 0x00000000d4d00000|100%|HC|  |TAMS 0x00000000d4c00000| PB 0x00000000d4c00000| Complete |  0
|1281|0x00000000d4d00000, 0x00000000d4e00000, 0x00000000d4e00000|100%|HC|  |TAMS 0x00000000d4d00000| PB 0x00000000d4d00000| Complete |  0
|1282|0x00000000d4e00000, 0x00000000d4f00000, 0x00000000d4f00000|100%|HC|  |TAMS 0x00000000d4e00000| PB 0x00000000d4e00000| Complete |  0
|1283|0x00000000d4f00000, 0x00000000d5000000, 0x00000000d5000000|100%|HC|  |TAMS 0x00000000d4f00000| PB 0x00000000d4f00000| Complete |  0
|1284|0x00000000d5000000, 0x00000000d5100000, 0x00000000d5100000|100%|HC|  |TAMS 0x00000000d5000000| PB 0x00000000d5000000| Complete |  0
|1285|0x00000000d5100000, 0x00000000d5200000, 0x00000000d5200000|100%|HC|  |TAMS 0x00000000d5100000| PB 0x00000000d5100000| Complete |  0
|1286|0x00000000d5200000, 0x00000000d5300000, 0x00000000d5300000|100%|HS|  |TAMS 0x00000000d5200000| PB 0x00000000d5200000| Complete |  0
|1287|0x00000000d5300000, 0x00000000d5400000, 0x00000000d5400000|100%|HC|  |TAMS 0x00000000d5300000| PB 0x00000000d5300000| Complete |  0
|1288|0x00000000d5400000, 0x00000000d5500000, 0x00000000d5500000|100%|HC|  |TAMS 0x00000000d5400000| PB 0x00000000d5400000| Complete |  0
|1289|0x00000000d5500000, 0x00000000d5600000, 0x00000000d5600000|100%|HC|  |TAMS 0x00000000d5500000| PB 0x00000000d5500000| Complete |  0
|1290|0x00000000d5600000, 0x00000000d5700000, 0x00000000d5700000|100%|HC|  |TAMS 0x00000000d5600000| PB 0x00000000d5600000| Complete |  0
|1291|0x00000000d5700000, 0x00000000d5800000, 0x00000000d5800000|100%|HC|  |TAMS 0x00000000d5700000| PB 0x00000000d5700000| Complete |  0
|1292|0x00000000d5800000, 0x00000000d5900000, 0x00000000d5900000|100%|HC|  |TAMS 0x00000000d5800000| PB 0x00000000d5800000| Complete |  0
|1293|0x00000000d5900000, 0x00000000d5a00000, 0x00000000d5a00000|100%|HC|  |TAMS 0x00000000d5900000| PB 0x00000000d5900000| Complete |  0
|1294|0x00000000d5a00000, 0x00000000d5b00000, 0x00000000d5b00000|100%|HC|  |TAMS 0x00000000d5a00000| PB 0x00000000d5a00000| Complete |  0
|1295|0x00000000d5b00000, 0x00000000d5c00000, 0x00000000d5c00000|100%|HC|  |TAMS 0x00000000d5b00000| PB 0x00000000d5b00000| Complete |  0
|1296|0x00000000d5c00000, 0x00000000d5d00000, 0x00000000d5d00000|100%|HC|  |TAMS 0x00000000d5c00000| PB 0x00000000d5c00000| Complete |  0
|1297|0x00000000d5d00000, 0x00000000d5e00000, 0x00000000d5e00000|100%|HC|  |TAMS 0x00000000d5d00000| PB 0x00000000d5d00000| Complete |  0
|1298|0x00000000d5e00000, 0x00000000d5f00000, 0x00000000d5f00000|100%|HC|  |TAMS 0x00000000d5e00000| PB 0x00000000d5e00000| Complete |  0
|1299|0x00000000d5f00000, 0x00000000d6000000, 0x00000000d6000000|100%|HC|  |TAMS 0x00000000d5f00000| PB 0x00000000d5f00000| Complete |  0
|1300|0x00000000d6000000, 0x00000000d6100000, 0x00000000d6100000|100%|HC|  |TAMS 0x00000000d6000000| PB 0x00000000d6000000| Complete |  0
|1301|0x00000000d6100000, 0x00000000d6200000, 0x00000000d6200000|100%|HC|  |TAMS 0x00000000d6100000| PB 0x00000000d6100000| Complete |  0
|1302|0x00000000d6200000, 0x00000000d6300000, 0x00000000d6300000|100%|HC|  |TAMS 0x00000000d6200000| PB 0x00000000d6200000| Complete |  0
|1303|0x00000000d6300000, 0x00000000d6400000, 0x00000000d6400000|100%|HC|  |TAMS 0x00000000d6300000| PB 0x00000000d6300000| Complete |  0
|1304|0x00000000d6400000, 0x00000000d6500000, 0x00000000d6500000|100%|HC|  |TAMS 0x00000000d6400000| PB 0x00000000d6400000| Complete |  0
|1305|0x00000000d6500000, 0x00000000d6600000, 0x00000000d6600000|100%|HC|  |TAMS 0x00000000d6500000| PB 0x00000000d6500000| Complete |  0
|1306|0x00000000d6600000, 0x00000000d6700000, 0x00000000d6700000|100%|HC|  |TAMS 0x00000000d6600000| PB 0x00000000d6600000| Complete |  0
|1307|0x00000000d6700000, 0x00000000d6800000, 0x00000000d6800000|100%|HC|  |TAMS 0x00000000d6700000| PB 0x00000000d6700000| Complete |  0
|1308|0x00000000d6800000, 0x00000000d6900000, 0x00000000d6900000|100%|HC|  |TAMS 0x00000000d6800000| PB 0x00000000d6800000| Complete |  0
|1309|0x00000000d6900000, 0x00000000d6a00000, 0x00000000d6a00000|100%|HC|  |TAMS 0x00000000d6900000| PB 0x00000000d6900000| Complete |  0
|1310|0x00000000d6a00000, 0x00000000d6b00000, 0x00000000d6b00000|100%|HC|  |TAMS 0x00000000d6a00000| PB 0x00000000d6a00000| Complete |  0
|1311|0x00000000d6b00000, 0x00000000d6c00000, 0x00000000d6c00000|100%|HC|  |TAMS 0x00000000d6b00000| PB 0x00000000d6b00000| Complete |  0
|1312|0x00000000d6c00000, 0x00000000d6d00000, 0x00000000d6d00000|100%|HC|  |TAMS 0x00000000d6c00000| PB 0x00000000d6c00000| Complete |  0
|1313|0x00000000d6d00000, 0x00000000d6e00000, 0x00000000d6e00000|100%|HC|  |TAMS 0x00000000d6d00000| PB 0x00000000d6d00000| Complete |  0
|1314|0x00000000d6e00000, 0x00000000d6f00000, 0x00000000d6f00000|100%|HC|  |TAMS 0x00000000d6e00000| PB 0x00000000d6e00000| Complete |  0
|1315|0x00000000d6f00000, 0x00000000d7000000, 0x00000000d7000000|100%|HC|  |TAMS 0x00000000d6f00000| PB 0x00000000d6f00000| Complete |  0
|1316|0x00000000d7000000, 0x00000000d7100000, 0x00000000d7100000|100%|HC|  |TAMS 0x00000000d7000000| PB 0x00000000d7000000| Complete |  0
|1317|0x00000000d7100000, 0x00000000d7200000, 0x00000000d7200000|100%|HC|  |TAMS 0x00000000d7100000| PB 0x00000000d7100000| Complete |  0
|1318|0x00000000d7200000, 0x00000000d7300000, 0x00000000d7300000|100%|HC|  |TAMS 0x00000000d7200000| PB 0x00000000d7200000| Complete |  0
|1319|0x00000000d7300000, 0x00000000d7400000, 0x00000000d7400000|100%|HC|  |TAMS 0x00000000d7300000| PB 0x00000000d7300000| Complete |  0
|1320|0x00000000d7400000, 0x00000000d7500000, 0x00000000d7500000|100%|HC|  |TAMS 0x00000000d7400000| PB 0x00000000d7400000| Complete |  0
|1321|0x00000000d7500000, 0x00000000d7600000, 0x00000000d7600000|100%|HC|  |TAMS 0x00000000d7500000| PB 0x00000000d7500000| Complete |  0
|1322|0x00000000d7600000, 0x00000000d7700000, 0x00000000d7700000|100%|HC|  |TAMS 0x00000000d7600000| PB 0x00000000d7600000| Complete |  0
|1323|0x00000000d7700000, 0x00000000d7800000, 0x00000000d7800000|100%|HC|  |TAMS 0x00000000d7700000| PB 0x00000000d7700000| Complete |  0
|1324|0x00000000d7800000, 0x00000000d7900000, 0x00000000d7900000|100%|HC|  |TAMS 0x00000000d7800000| PB 0x00000000d7800000| Complete |  0
|1325|0x00000000d7900000, 0x00000000d7a00000, 0x00000000d7a00000|100%|HC|  |TAMS 0x00000000d7900000| PB 0x00000000d7900000| Complete |  0
|1326|0x00000000d7a00000, 0x00000000d7b00000, 0x00000000d7b00000|100%|HC|  |TAMS 0x00000000d7a00000| PB 0x00000000d7a00000| Complete |  0
|1327|0x00000000d7b00000, 0x00000000d7c00000, 0x00000000d7c00000|100%|HC|  |TAMS 0x00000000d7b00000| PB 0x00000000d7b00000| Complete |  0
|1328|0x00000000d7c00000, 0x00000000d7d00000, 0x00000000d7d00000|100%|HC|  |TAMS 0x00000000d7c00000| PB 0x00000000d7c00000| Complete |  0
|1329|0x00000000d7d00000, 0x00000000d7e00000, 0x00000000d7e00000|100%|HC|  |TAMS 0x00000000d7d00000| PB 0x00000000d7d00000| Complete |  0
|1330|0x00000000d7e00000, 0x00000000d7f00000, 0x00000000d7f00000|100%|HC|  |TAMS 0x00000000d7e00000| PB 0x00000000d7e00000| Complete |  0
|1331|0x00000000d7f00000, 0x00000000d8000000, 0x00000000d8000000|100%|HC|  |TAMS 0x00000000d7f00000| PB 0x00000000d7f00000| Complete |  0
|1332|0x00000000d8000000, 0x00000000d8000000, 0x00000000d8100000|  0%| F|  |TAMS 0x00000000d8000000| PB 0x00000000d8000000| Untracked |  0
|1333|0x00000000d8100000, 0x00000000d8100000, 0x00000000d8200000|  0%| F|  |TAMS 0x00000000d8100000| PB 0x00000000d8100000| Untracked |  0
|1334|0x00000000d8200000, 0x00000000d8200000, 0x00000000d8300000|  0%| F|  |TAMS 0x00000000d8200000| PB 0x00000000d8200000| Untracked |  0
|1335|0x00000000d8300000, 0x00000000d8300000, 0x00000000d8400000|  0%| F|  |TAMS 0x00000000d8300000| PB 0x00000000d8300000| Untracked |  0
|1336|0x00000000d8400000, 0x00000000d8400000, 0x00000000d8500000|  0%| F|  |TAMS 0x00000000d8400000| PB 0x00000000d8400000| Untracked |  0
|1337|0x00000000d8500000, 0x00000000d8500000, 0x00000000d8600000|  0%| F|  |TAMS 0x00000000d8500000| PB 0x00000000d8500000| Untracked |  0
|1338|0x00000000d8600000, 0x00000000d8600000, 0x00000000d8700000|  0%| F|  |TAMS 0x00000000d8600000| PB 0x00000000d8600000| Untracked |  0
|1339|0x00000000d8700000, 0x00000000d8700000, 0x00000000d8800000|  0%| F|  |TAMS 0x00000000d8700000| PB 0x00000000d8700000| Untracked |  0
|1340|0x00000000d8800000, 0x00000000d8800000, 0x00000000d8900000|  0%| F|  |TAMS 0x00000000d8800000| PB 0x00000000d8800000| Untracked |  0
|1341|0x00000000d8900000, 0x00000000d8900000, 0x00000000d8a00000|  0%| F|  |TAMS 0x00000000d8900000| PB 0x00000000d8900000| Untracked |  0
|1342|0x00000000d8a00000, 0x00000000d8a00000, 0x00000000d8b00000|  0%| F|  |TAMS 0x00000000d8a00000| PB 0x00000000d8a00000| Untracked |  0
|1343|0x00000000d8b00000, 0x00000000d8b00000, 0x00000000d8c00000|  0%| F|  |TAMS 0x00000000d8b00000| PB 0x00000000d8b00000| Untracked |  0
|1344|0x00000000d8c00000, 0x00000000d8c00000, 0x00000000d8d00000|  0%| F|  |TAMS 0x00000000d8c00000| PB 0x00000000d8c00000| Untracked |  0
|1345|0x00000000d8d00000, 0x00000000d8d00000, 0x00000000d8e00000|  0%| F|  |TAMS 0x00000000d8d00000| PB 0x00000000d8d00000| Untracked |  0
|1346|0x00000000d8e00000, 0x00000000d8e00000, 0x00000000d8f00000|  0%| F|  |TAMS 0x00000000d8e00000| PB 0x00000000d8e00000| Untracked |  0
|1347|0x00000000d8f00000, 0x00000000d8f00000, 0x00000000d9000000|  0%| F|  |TAMS 0x00000000d8f00000| PB 0x00000000d8f00000| Untracked |  0
|1348|0x00000000d9000000, 0x00000000d9000000, 0x00000000d9100000|  0%| F|  |TAMS 0x00000000d9000000| PB 0x00000000d9000000| Untracked |  0
|1349|0x00000000d9100000, 0x00000000d9100000, 0x00000000d9200000|  0%| F|  |TAMS 0x00000000d9100000| PB 0x00000000d9100000| Untracked |  0
|1350|0x00000000d9200000, 0x00000000d9200000, 0x00000000d9300000|  0%| F|  |TAMS 0x00000000d9200000| PB 0x00000000d9200000| Untracked |  0
|1351|0x00000000d9300000, 0x00000000d9300000, 0x00000000d9400000|  0%| F|  |TAMS 0x00000000d9300000| PB 0x00000000d9300000| Untracked |  0
|1352|0x00000000d9400000, 0x00000000d9400000, 0x00000000d9500000|  0%| F|  |TAMS 0x00000000d9400000| PB 0x00000000d9400000| Untracked |  0
|1353|0x00000000d9500000, 0x00000000d9500000, 0x00000000d9600000|  0%| F|  |TAMS 0x00000000d9500000| PB 0x00000000d9500000| Untracked |  0
|1354|0x00000000d9600000, 0x00000000d9600000, 0x00000000d9700000|  0%| F|  |TAMS 0x00000000d9600000| PB 0x00000000d9600000| Untracked |  0
|1355|0x00000000d9700000, 0x00000000d9700000, 0x00000000d9800000|  0%| F|  |TAMS 0x00000000d9700000| PB 0x00000000d9700000| Untracked |  0
|1356|0x00000000d9800000, 0x00000000d9800000, 0x00000000d9900000|  0%| F|  |TAMS 0x00000000d9800000| PB 0x00000000d9800000| Untracked |  0
|1357|0x00000000d9900000, 0x00000000d9900000, 0x00000000d9a00000|  0%| F|  |TAMS 0x00000000d9900000| PB 0x00000000d9900000| Untracked |  0
|1967|0x00000000ffb00000, 0x00000000ffc00000, 0x00000000ffc00000|100%| O|Cm|TAMS 0x00000000ffb00000| PB 0x00000000ffb00000| Complete |  0
|1968|0x00000000ffc00000, 0x00000000ffd00000, 0x00000000ffd00000|100%| O|  |TAMS 0x00000000ffc00000| PB 0x00000000ffc00000| Untracked |  0
|1969|0x00000000ffd00000, 0x00000000ffe00000, 0x00000000ffe00000|100%| O|  |TAMS 0x00000000ffd00000| PB 0x00000000ffd00000| Untracked |  0
|1970|0x00000000ffe00000, 0x00000000fff00000, 0x00000000fff00000|100%| O|  |TAMS 0x00000000ffe00000| PB 0x00000000ffe00000| Untracked |  0
|1971|0x00000000fff00000, 0x0000000100000000, 0x0000000100000000|100%| O|  |TAMS 0x00000000fff00000| PB 0x00000000fff00000| Untracked |  0

Card table byte_map: [0x000001ac30420000,0x000001ac30800000] _byte_map_base: 0x000001ac2fffa000

Marking Bits: (CMBitMap*) 0x000001ac18621b50
 Bits: [0x000001ac30800000, 0x000001ac326d0000)

Polling page: 0x000001ac16380000

Metaspace:

Usage:
  Non-class:     34.21 MB used.
      Class:      4.92 MB used.
       Both:     39.13 MB used.

Virtual space:
  Non-class space:       64.00 MB reserved,      34.44 MB ( 54%) committed,  1 nodes.
      Class space:        1.00 GB reserved,       5.12 MB ( <1%) committed,  1 nodes.
             Both:        1.06 GB reserved,      39.56 MB (  4%) committed. 

Chunk freelists:
   Non-Class:  13.51 MB
       Class:  10.83 MB
        Both:  24.34 MB

MaxMetaspaceSize: unlimited
CompressedClassSpaceSize: 1.00 GB
Initial GC threshold: 21.00 MB
Current GC threshold: 59.06 MB
CDS: on
 - commit_granule_bytes: 65536.
 - commit_granule_words: 8192.
 - virtual_space_node_default_size: 8388608.
 - enlarge_chunks_in_place: 1.
 - use_allocation_guard: 0.


Internal statistics:

num_allocs_failed_limit: 6.
num_arena_births: 474.
num_arena_deaths: 0.
num_vsnodes_births: 2.
num_vsnodes_deaths: 0.
num_space_committed: 633.
num_space_uncommitted: 0.
num_chunks_returned_to_freelist: 6.
num_chunks_taken_from_freelist: 1917.
num_chunk_merges: 6.
num_chunk_splits: 1380.
num_chunks_enlarged: 1081.
num_inconsistent_stats: 0.

CodeHeap 'non-profiled nmethods': size=120064Kb used=3617Kb max_used=3617Kb free=116446Kb
 bounds [0x000001ac287d0000, 0x000001ac28b60000, 0x000001ac2fd10000]
CodeHeap 'profiled nmethods': size=120000Kb used=14316Kb max_used=14316Kb free=105683Kb
 bounds [0x000001ac20d10000, 0x000001ac21b10000, 0x000001ac28240000]
CodeHeap 'non-nmethods': size=5696Kb used=1851Kb max_used=1879Kb free=3844Kb
 bounds [0x000001ac28240000, 0x000001ac284b0000, 0x000001ac287d0000]
CodeCache: size=245760Kb, used=19784Kb, max_used=19812Kb, free=225973Kb
 total_blobs=9484, nmethods=8601, adapters=788, full_count=0
Compilation: enabled, stopped_count=0, restarted_count=0

Compilation events (20 events):
Event: 37.922 Thread 0x000001ac35103a40 9309       3       org.slf4j.impl.MavenSimpleLogger::getLocation (77 bytes)
Event: 37.922 Thread 0x000001ac35103a40 nmethod 9309 0x000001ac21b06b88 code [0x000001ac21b06de0, 0x000001ac21b07de0]
Event: 37.935 Thread 0x000001ac35103a40 9310       3       com.sun.javafx.sg.prism.NGRegion::renderBackgroundRectanglesDirectly (345 bytes)
Event: 37.936 Thread 0x000001ac35103a40 nmethod 9310 0x000001ac21b07e88 code [0x000001ac21b08100, 0x000001ac21b093c0]
Event: 37.937 Thread 0x000001ac35103a40 9311       3       com.sun.javafx.geom.Rectangle::setBounds (67 bytes)
Event: 37.937 Thread 0x000001ac35103a40 nmethod 9311 0x000001ac21b09508 code [0x000001ac21b096c0, 0x000001ac21b09db0]
Event: 37.938 Thread 0x000001ac35103a40 9312       3       com.sun.javafx.geom.Shape::<init> (5 bytes)
Event: 37.938 Thread 0x000001ac35103a40 nmethod 9312 0x000001ac21b09e08 code [0x000001ac21b09f20, 0x000001ac21b0a088]
Event: 37.939 Thread 0x000001ac35102f90 9313       4       java.lang.Record::<init> (5 bytes)
Event: 37.939 Thread 0x000001ac35102f90 nmethod 9313 0x000001ac28b57988 code [0x000001ac28b57a80, 0x000001ac28b57af8]
Event: 37.959 Thread 0x000001ac35102f90 9314       4       com.sun.javafx.iio.png.PNGImageLoader2::doAvrgFilter (87 bytes)
Event: 37.961 Thread 0x000001ac35103a40 9315   !   3       javafx.collections.ModifiableObservableListBase::addAll (27 bytes)
Event: 37.961 Thread 0x000001ac35103a40 nmethod 9315 0x000001ac21b0a108 code [0x000001ac21b0a260, 0x000001ac21b0a5f0]
Event: 37.992 Thread 0x000001ac35102f90 nmethod 9314 0x000001ac28b57c88 code [0x000001ac28b57de0, 0x000001ac28b585a8]
Event: 38.283 Thread 0x000001ac35103a40 9316       3       java.lang.Character::forDigit (42 bytes)
Event: 38.283 Thread 0x000001ac35103a40 nmethod 9316 0x000001ac21b0a688 code [0x000001ac21b0a7c0, 0x000001ac21b0aa30]
Event: 38.659 Thread 0x000001ac35103a40 9317       3       com.sun.javafx.collections.SourceAdapterChange::reset (8 bytes)
Event: 38.659 Thread 0x000001ac35103a40 nmethod 9317 0x000001ac21b0aa88 code [0x000001ac21b0aba0, 0x000001ac21b0ad78]
Event: 38.937 Thread 0x000001ac35103a40 9318       3       java.io.DataInputStream::skipBytes (35 bytes)
Event: 38.937 Thread 0x000001ac35103a40 nmethod 9318 0x000001ac21b0ae08 code [0x000001ac21b0af40, 0x000001ac21b0b210]

GC Heap History (18 events):
Event: 3.121 GC heap before
{Heap before GC invocations=0 (full 0):
 garbage-first heap   total reserved 2019328K, committed 126976K, used 24576K [0x0000000084c00000, 0x0000000100000000)
  region size 1024K, 24 young (24576K), 0 survivors (0K)
 Metaspace       used 5923K, committed 6080K, reserved 1114112K
  class space    used 727K, committed 768K, reserved 1048576K
}
Event: 3.137 GC heap after
{Heap after GC invocations=1 (full 0):
 garbage-first heap   total reserved 2019328K, committed 126976K, used 3776K [0x0000000084c00000, 0x0000000100000000)
  region size 1024K, 3 young (3072K), 3 survivors (3072K)
 Metaspace       used 5923K, committed 6080K, reserved 1114112K
  class space    used 727K, committed 768K, reserved 1048576K
}
Event: 4.677 GC heap before
{Heap before GC invocations=1 (full 0):
 garbage-first heap   total reserved 2019328K, committed 126976K, used 25280K [0x0000000084c00000, 0x0000000100000000)
  region size 1024K, 24 young (24576K), 3 survivors (3072K)
 Metaspace       used 8270K, committed 8512K, reserved 1114112K
  class space    used 998K, committed 1088K, reserved 1048576K
}
Event: 4.688 GC heap after
{Heap after GC invocations=2 (full 0):
 garbage-first heap   total reserved 2019328K, committed 126976K, used 4863K [0x0000000084c00000, 0x0000000100000000)
  region size 1024K, 1 young (1024K), 1 survivors (1024K)
 Metaspace       used 8270K, committed 8512K, reserved 1114112K
  class space    used 998K, committed 1088K, reserved 1048576K
}
Event: 6.622 GC heap before
{Heap before GC invocations=2 (full 0):
 garbage-first heap   total reserved 2019328K, committed 126976K, used 56063K [0x0000000084c00000, 0x0000000100000000)
  region size 1024K, 51 young (52224K), 1 survivors (1024K)
 Metaspace       used 15764K, committed 16000K, reserved 1114112K
  class space    used 1956K, committed 2048K, reserved 1048576K
}
Event: 6.635 GC heap after
{Heap after GC invocations=3 (full 0):
 garbage-first heap   total reserved 2019328K, committed 126976K, used 9983K [0x0000000084c00000, 0x0000000100000000)
  region size 1024K, 6 young (6144K), 6 survivors (6144K)
 Metaspace       used 15764K, committed 16000K, reserved 1114112K
  class space    used 1956K, committed 2048K, reserved 1048576K
}
Event: 9.035 GC heap before
{Heap before GC invocations=3 (full 0):
 garbage-first heap   total reserved 2019328K, committed 126976K, used 69375K [0x0000000084c00000, 0x0000000100000000)
  region size 1024K, 62 young (63488K), 6 survivors (6144K)
 Metaspace       used 20118K, committed 20416K, reserved 1114112K
  class space    used 2428K, committed 2560K, reserved 1048576K
}
Event: 9.064 GC heap after
{Heap after GC invocations=4 (full 0):
 garbage-first heap   total reserved 2019328K, committed 126976K, used 18809K [0x0000000084c00000, 0x0000000100000000)
  region size 1024K, 7 young (7168K), 7 survivors (7168K)
 Metaspace       used 20118K, committed 20416K, reserved 1114112K
  class space    used 2428K, committed 2560K, reserved 1048576K
}
Event: 9.246 GC heap before
{Heap before GC invocations=4 (full 0):
 garbage-first heap   total reserved 2019328K, committed 126976K, used 25977K [0x0000000084c00000, 0x0000000100000000)
  region size 1024K, 13 young (13312K), 7 survivors (7168K)
 Metaspace       used 21195K, committed 21504K, reserved 1114112K
  class space    used 2595K, committed 2752K, reserved 1048576K
}
Event: 9.265 GC heap after
{Heap after GC invocations=5 (full 0):
 garbage-first heap   total reserved 2019328K, committed 126976K, used 21849K [0x0000000084c00000, 0x0000000100000000)
  region size 1024K, 5 young (5120K), 5 survivors (5120K)
 Metaspace       used 21195K, committed 21504K, reserved 1114112K
  class space    used 2595K, committed 2752K, reserved 1048576K
}
Event: 12.351 GC heap before
{Heap before GC invocations=6 (full 0):
 garbage-first heap   total reserved 2019328K, committed 75776K, used 75097K [0x0000000084c00000, 0x0000000100000000)
  region size 1024K, 57 young (58368K), 5 survivors (5120K)
 Metaspace       used 28821K, committed 29184K, reserved 1114112K
  class space    used 3427K, committed 3584K, reserved 1048576K
}
Event: 12.387 GC heap after
{Heap after GC invocations=7 (full 0):
 garbage-first heap   total reserved 2019328K, committed 89088K, used 30530K [0x0000000084c00000, 0x0000000100000000)
  region size 1024K, 8 young (8192K), 8 survivors (8192K)
 Metaspace       used 28821K, committed 29184K, reserved 1114112K
  class space    used 3427K, committed 3584K, reserved 1048576K
}
Event: 14.625 GC heap before
{Heap before GC invocations=7 (full 0):
 garbage-first heap   total reserved 2019328K, committed 89088K, used 70466K [0x0000000084c00000, 0x0000000100000000)
  region size 1024K, 42 young (43008K), 8 survivors (8192K)
 Metaspace       used 34506K, committed 35008K, reserved 1114112K
  class space    used 4240K, committed 4480K, reserved 1048576K
}
Event: 14.636 GC heap after
{Heap after GC invocations=8 (full 0):
 garbage-first heap   total reserved 2019328K, committed 89088K, used 37150K [0x0000000084c00000, 0x0000000100000000)
  region size 1024K, 5 young (5120K), 5 survivors (5120K)
 Metaspace       used 34506K, committed 35008K, reserved 1114112K
  class space    used 4240K, committed 4480K, reserved 1048576K
}
Event: 14.936 GC heap before
{Heap before GC invocations=8 (full 0):
 garbage-first heap   total reserved 2019328K, committed 89088K, used 48414K [0x0000000084c00000, 0x0000000100000000)
  region size 1024K, 11 young (11264K), 5 survivors (5120K)
 Metaspace       used 35714K, committed 36160K, reserved 1114112K
  class space    used 4461K, committed 4672K, reserved 1048576K
}
Event: 14.941 GC heap after
{Heap after GC invocations=9 (full 0):
 garbage-first heap   total reserved 2019328K, committed 89088K, used 38609K [0x0000000084c00000, 0x0000000100000000)
  region size 1024K, 2 young (2048K), 2 survivors (2048K)
 Metaspace       used 35714K, committed 36160K, reserved 1114112K
  class space    used 4461K, committed 4672K, reserved 1048576K
}
Event: 32.734 GC heap before
{Heap before GC invocations=10 (full 0):
 garbage-first heap   total reserved 2019328K, committed 647168K, used 645841K [0x0000000084c00000, 0x0000000100000000)
  region size 1024K, 18 young (18432K), 2 survivors (2048K)
 Metaspace       used 39978K, committed 40448K, reserved 1114112K
  class space    used 5038K, committed 5248K, reserved 1048576K
}
Event: 32.757 GC heap after
{Heap after GC invocations=11 (full 0):
 garbage-first heap   total reserved 2019328K, committed 651264K, used 613518K [0x0000000084c00000, 0x0000000100000000)
  region size 1024K, 4 young (4096K), 4 survivors (4096K)
 Metaspace       used 39978K, committed 40448K, reserved 1114112K
  class space    used 5038K, committed 5248K, reserved 1048576K
}

Dll operation events (20 events):
Event: 13.443 Loaded shared library C:\Program Files\Java\jdk-23\bin\api-ms-win-crt-filesystem-l1-1-0.dll
Event: 13.449 Loaded shared library C:\Program Files\Java\jdk-23\bin\api-ms-win-crt-heap-l1-1-0.dll
Event: 13.455 Loaded shared library C:\Program Files\Java\jdk-23\bin\api-ms-win-crt-locale-l1-1-0.dll
Event: 13.463 Loaded shared library C:\Program Files\Java\jdk-23\bin\api-ms-win-crt-math-l1-1-0.dll
Event: 13.469 Loaded shared library C:\Program Files\Java\jdk-23\bin\api-ms-win-crt-multibyte-l1-1-0.dll
Event: 13.474 Loaded shared library C:\Program Files\Java\jdk-23\bin\api-ms-win-crt-private-l1-1-0.dll
Event: 13.481 Loaded shared library C:\Program Files\Java\jdk-23\bin\api-ms-win-crt-process-l1-1-0.dll
Event: 13.486 Loaded shared library C:\Program Files\Java\jdk-23\bin\api-ms-win-crt-runtime-l1-1-0.dll
Event: 13.495 Loaded shared library C:\Program Files\Java\jdk-23\bin\api-ms-win-crt-stdio-l1-1-0.dll
Event: 13.499 Loaded shared library C:\Program Files\Java\jdk-23\bin\api-ms-win-crt-string-l1-1-0.dll
Event: 13.506 Loaded shared library C:\Program Files\Java\jdk-23\bin\api-ms-win-crt-time-l1-1-0.dll
Event: 13.514 Loaded shared library C:\Program Files\Java\jdk-23\bin\api-ms-win-crt-utility-l1-1-0.dll
Event: 13.522 Loaded shared library C:\Program Files\Java\jdk-23\bin\ucrtbase.dll
Event: 13.525 Loaded shared library C:\Program Files\Java\jdk-23\bin\vcruntime140.dll
Event: 13.530 Loaded shared library C:\Program Files\Java\jdk-23\bin\msvcp140.dll
Event: 13.546 Loaded shared library C:\Windows\System32\concrt140.dll
Event: 13.664 Loaded shared library C:\Users\Yattaqi\.openjfx\cache\11.0.2\prism_d3d.dll
Event: 14.046 Loaded shared library C:\Users\Yattaqi\.openjfx\cache\11.0.2\glass.dll
Event: 14.250 Loaded shared library C:\Users\Yattaqi\.openjfx\cache\11.0.2\javafx_font.dll
Event: 21.099 Loaded shared library C:\Users\Yattaqi\.openjfx\cache\11.0.2\javafx_iio.dll

Deoptimization events (20 events):
Event: 20.931 Thread 0x000001ac7c518d90 DEOPT PACKING pc=0x000001ac2889f6a4 sp=0x000000a6819fca70
Event: 20.931 Thread 0x000001ac7c518d90 DEOPT UNPACKING pc=0x000001ac28294402 sp=0x000000a6819fc9a0 mode 2
Event: 20.934 Thread 0x000001ac7c518d90 DEOPT PACKING pc=0x000001ac20fb23d3 sp=0x000000a6819fca40
Event: 20.934 Thread 0x000001ac7c518d90 DEOPT UNPACKING pc=0x000001ac28294b22 sp=0x000000a6819fbea0 mode 0
Event: 20.935 Thread 0x000001ac7c518d90 DEOPT PACKING pc=0x000001ac20fb23b2 sp=0x000000a6819fcbd0
Event: 20.935 Thread 0x000001ac7c518d90 DEOPT UNPACKING pc=0x000001ac28294b22 sp=0x000000a6819fc020 mode 0
Event: 20.935 Thread 0x000001ac7c518d90 DEOPT PACKING pc=0x000001ac20fb23b2 sp=0x000000a6819fcbd0
Event: 20.935 Thread 0x000001ac7c518d90 DEOPT UNPACKING pc=0x000001ac28294b22 sp=0x000000a6819fc020 mode 0
Event: 20.935 Thread 0x000001ac7c518d90 DEOPT PACKING pc=0x000001ac20fb23b2 sp=0x000000a6819fcbd0
Event: 20.935 Thread 0x000001ac7c518d90 DEOPT UNPACKING pc=0x000001ac28294b22 sp=0x000000a6819fc020 mode 0
Event: 20.935 Thread 0x000001ac7c518d90 DEOPT PACKING pc=0x000001ac20fb23d3 sp=0x000000a6819fcbd0
Event: 20.935 Thread 0x000001ac7c518d90 DEOPT UNPACKING pc=0x000001ac28294b22 sp=0x000000a6819fc030 mode 0
Event: 20.935 Thread 0x000001ac7c518d90 DEOPT PACKING pc=0x000001ac20fb23b2 sp=0x000000a6819fcbd0
Event: 20.935 Thread 0x000001ac7c518d90 DEOPT UNPACKING pc=0x000001ac28294b22 sp=0x000000a6819fc020 mode 0
Event: 22.580 Thread 0x000001ac7c518d90 DEOPT PACKING pc=0x000001ac20f171d2 sp=0x000000a6819fcb10
Event: 22.580 Thread 0x000001ac7c518d90 DEOPT UNPACKING pc=0x000001ac28294b22 sp=0x000000a6819fbf28 mode 0
Event: 22.582 Thread 0x000001ac7c518d90 DEOPT PACKING pc=0x000001ac20f1723f sp=0x000000a6819fcca0
Event: 22.582 Thread 0x000001ac7c518d90 DEOPT UNPACKING pc=0x000001ac28294b22 sp=0x000000a6819fc0b8 mode 0
Event: 26.859 Thread 0x000001ac7c518d90 DEOPT PACKING pc=0x000001ac20dac728 sp=0x000000a6819fca70
Event: 26.859 Thread 0x000001ac7c518d90 DEOPT UNPACKING pc=0x000001ac28294b22 sp=0x000000a6819fbf30 mode 0

Classes loaded (20 events):
Event: 15.451 Loading class jdk/internal/icu/impl/Trie2$UTrie2Header
Event: 15.451 Loading class jdk/internal/icu/impl/Trie2$UTrie2Header done
Event: 15.454 Loading class jdk/internal/icu/text/UTF16
Event: 15.455 Loading class jdk/internal/icu/text/UTF16 done
Event: 15.456 Loading class jdk/internal/icu/text/BidiLine
Event: 15.456 Loading class jdk/internal/icu/text/BidiLine done
Event: 15.651 Loading class java/nio/ShortBuffer
Event: 15.652 Loading class java/nio/ShortBuffer done
Event: 15.652 Loading class java/nio/DoubleBuffer
Event: 15.652 Loading class java/nio/DoubleBuffer done
Event: 15.653 Loading class java/nio/DirectFloatBufferU
Event: 15.653 Loading class java/nio/DirectFloatBufferU done
Event: 15.690 Loading class jdk/internal/ref/CleanerImpl$InnocuousThreadFactory
Event: 15.690 Loading class jdk/internal/ref/CleanerImpl$InnocuousThreadFactory done
Event: 15.770 Loading class java/lang/FdLibm$Hypot
Event: 15.771 Loading class java/lang/FdLibm$Hypot done
Event: 15.771 Loading class java/lang/FdLibm
Event: 15.771 Loading class java/lang/FdLibm done
Event: 22.541 Loading class java/lang/ThreadDeath
Event: 22.542 Loading class java/lang/ThreadDeath done

Classes unloaded (0 events):
No events

Classes redefined (0 events):
No events

Internal exceptions (20 events):
Event: 14.191 Thread 0x000001ac7c517350 Exception <a 'java/lang/NoSuchMethodError'{0x00000000880e3928}: 'void java.lang.invoke.DirectMethodHandle$Holder.invokeStatic(java.lang.Object, java.lang.Object, java.lang.Object, java.lang.Object)'> (0x00000000880e3928) 
thrown [s\open\src\hotspot\share\interpreter\linkResolver.cpp, line 796]
Event: 14.192 Thread 0x000001ac7def8500 Implicit null exception at 0x000001ac289ab8a3 to 0x000001ac289abdf0
Event: 14.297 Thread 0x000001ac7def8500 Exception <a 'java/lang/NoSuchMethodError'{0x0000000087b329d8}: 'java.lang.Object java.lang.invoke.DirectMethodHandle$Holder.invokeStaticInit(java.lang.Object, java.lang.Object, int, int, int, int)'> (0x0000000087b329d8) 
thrown [s\open\src\hotspot\share\interpreter\linkResolver.cpp, line 796]
Event: 14.414 Thread 0x000001ac7def8500 Exception <a 'java/lang/NoSuchMethodError'{0x0000000087989a68}: 'java.lang.Object java.lang.invoke.DirectMethodHandle$Holder.invokeStaticInit(java.lang.Object, java.lang.Object, java.lang.Object, java.lang.Object)'> (0x0000000087989a68) 
thrown [s\open\src\hotspot\share\interpreter\linkResolver.cpp, line 796]
Event: 14.415 Thread 0x000001ac7def8500 Exception <a 'java/lang/NullPointerException'{0x0000000087993088}> (0x0000000087993088) 
thrown [s\open\src\hotspot\share\interpreter\linkResolver.cpp, line 1389]
Event: 15.232 Thread 0x000001ac7def8500 Exception <a 'java/io/FileNotFoundException'{0x000000008c02b7f8}> (0x000000008c02b7f8) 
thrown [s\open\src\hotspot\share\prims\jni.cpp, line 520]
Event: 15.257 Thread 0x000001ac7def8500 Exception <a 'java/lang/ClassNotFoundException'{0x000000008c04e128}: sun/util/logging/resources/spi/loggingProvider> (0x000000008c04e128) 
thrown [s\open\src\hotspot\share\classfile\systemDictionary.cpp, line 313]
Event: 15.374 Thread 0x000001ac7def8500 Exception <a 'java/lang/NoSuchMethodError'{0x000000008bfd24c8}: 'java.lang.Object java.lang.invoke.DirectMethodHandle$Holder.invokeInterface(java.lang.Object, java.lang.Object, java.lang.Object)'> (0x000000008bfd24c8) 
thrown [s\open\src\hotspot\share\interpreter\linkResolver.cpp, line 796]
Event: 15.374 Thread 0x000001ac7def8500 Exception <a 'java/lang/IncompatibleClassChangeError'{0x000000008bfd5b78}: Found class java.lang.Object, but interface was expected> (0x000000008bfd5b78) 
thrown [s\open\src\hotspot\share\interpreter\linkResolver.cpp, line 863]
Event: 15.457 Thread 0x000001ac7def8500 Exception <a 'java/lang/NoSuchMethodError'{0x000000008bd36be0}: 'int java.lang.invoke.DirectMethodHandle$Holder.invokeSpecial(java.lang.Object, java.lang.Object, int)'> (0x000000008bd36be0) 
thrown [s\open\src\hotspot\share\interpreter\linkResolver.cpp, line 796]
Event: 15.490 Thread 0x000001ac7def8500 Exception <a 'java/lang/NoSuchMethodError'{0x000000008bda32c0}: 'java.lang.Object java.lang.invoke.DirectMethodHandle$Holder.newInvokeSpecial(java.lang.Object, java.lang.Object, int)'> (0x000000008bda32c0) 
thrown [s\open\src\hotspot\share\interpreter\linkResolver.cpp, line 796]
Event: 15.769 Thread 0x000001ac7c518d90 Exception <a 'java/lang/NoSuchMethodError'{0x00000000893d0c68}: 'java.lang.Object java.lang.invoke.DirectMethodHandle$Holder.invokeStaticInit(java.lang.Object, int)'> (0x00000000893d0c68) 
thrown [s\open\src\hotspot\share\interpreter\linkResolver.cpp, line 796]
Event: 16.009 Thread 0x000001ac7def8500 Exception <a 'java/lang/NoSuchMethodError'{0x000000008929e9e0}: 'long java.lang.invoke.DirectMethodHandle$Holder.invokeStatic(java.lang.Object, java.lang.Object, java.lang.Object)'> (0x000000008929e9e0) 
thrown [s\open\src\hotspot\share\interpreter\linkResolver.cpp, line 796]
Event: 16.009 Thread 0x000001ac7def8500 Exception <a 'java/lang/NoSuchMethodError'{0x00000000892a1dc8}: 'long java.lang.invoke.DirectMethodHandle$Holder.invokeStaticInit(java.lang.Object, java.lang.Object, java.lang.Object)'> (0x00000000892a1dc8) 
thrown [s\open\src\hotspot\share\interpreter\linkResolver.cpp, line 796]
Event: 16.015 Thread 0x000001ac7def8500 Exception <a 'java/lang/NoSuchMethodError'{0x00000000892d7940}: 'java.lang.Object java.lang.invoke.DirectMethodHandle$Holder.newInvokeSpecial(java.lang.Object, java.lang.Object, long)'> (0x00000000892d7940) 
thrown [s\open\src\hotspot\share\interpreter\linkResolver.cpp, line 796]
Event: 16.016 Thread 0x000001ac7def8500 Exception <a 'java/lang/NoSuchMethodError'{0x00000000892daf20}: 'java.lang.Object java.lang.invoke.Invokers$Holder.linkToTargetMethod(java.lang.Object, long, java.lang.Object)'> (0x00000000892daf20) 
thrown [s\open\src\hotspot\share\interpreter\linkResolver.cpp, line 796]
Event: 20.991 Thread 0x000001ac7def8500 Exception <a 'java/lang/NoSuchMethodError'{0x0000000088f9d3d0}: 'java.lang.Object java.lang.invoke.DirectMethodHandle$Holder.newInvokeSpecial(java.lang.Object, java.lang.Object, int, int, int, int, int, java.lang.Object)'> (0x0000000088f9d3d0) 
thrown [s\open\src\hotspot\share\interpreter\linkResolver.cpp, line 796]
Event: 20.992 Thread 0x000001ac7def8500 Exception <a 'java/lang/NoSuchMethodError'{0x0000000088faf1e0}: 'java.lang.Object java.lang.invoke.DirectMethodHandle$Holder.newInvokeSpecial(java.lang.Object, java.lang.Object, java.lang.Object, int, int, int, int, int)'> (0x0000000088faf1e0) 
thrown [s\open\src\hotspot\share\interpreter\linkResolver.cpp, line 796]
Event: 20.993 Thread 0x000001ac7def8500 Exception <a 'java/lang/NoSuchMethodError'{0x0000000088fb6590}: 'java.lang.Object java.lang.invoke.Invokers$Holder.linkToTargetMethod(java.lang.Object, java.lang.Object, int, int, int, int, int, java.lang.Object)'> (0x0000000088fb6590) 
thrown [s\open\src\hotspot\share\interpreter\linkResolver.cpp, line 796]
Event: 22.540 Thread 0x000001ac7def8500 Exception <a 'java/lang/NoSuchMethodError'{0x0000000088ecbe88}: 'void java.lang.invoke.DirectMethodHandle$Holder.invokeSpecial(java.lang.Object, java.lang.Object, int)'> (0x0000000088ecbe88) 
thrown [s\open\src\hotspot\share\interpreter\linkResolver.cpp, line 796]

VM Operations (20 events):
Event: 12.639 Executing VM operation: HandshakeAllThreads (Deoptimize)
Event: 12.639 Executing VM operation: HandshakeAllThreads (Deoptimize) done
Event: 13.113 Executing VM operation: HandshakeAllThreads (Deoptimize)
Event: 13.113 Executing VM operation: HandshakeAllThreads (Deoptimize) done
Event: 14.280 Executing VM operation: HandshakeAllThreads (Deoptimize)
Event: 14.280 Executing VM operation: HandshakeAllThreads (Deoptimize) done
Event: 14.318 Executing VM operation: HandshakeAllThreads (Deoptimize)
Event: 14.318 Executing VM operation: HandshakeAllThreads (Deoptimize) done
Event: 14.625 Executing VM operation: G1CollectForAllocation (G1 Evacuation Pause)
Event: 14.636 Executing VM operation: G1CollectForAllocation (G1 Evacuation Pause) done
Event: 14.816 Executing VM operation: HandshakeAllThreads (Deoptimize)
Event: 14.817 Executing VM operation: HandshakeAllThreads (Deoptimize) done
Event: 14.936 Executing VM operation: CollectForMetadataAllocation (Metadata GC Threshold)
Event: 14.941 Executing VM operation: CollectForMetadataAllocation (Metadata GC Threshold) done
Event: 14.969 Executing VM operation: G1PauseRemark
Event: 14.975 Executing VM operation: G1PauseRemark done
Event: 14.986 Executing VM operation: G1PauseCleanup
Event: 14.986 Executing VM operation: G1PauseCleanup done
Event: 32.732 Executing VM operation: G1CollectForAllocation (G1 Evacuation Pause)
Event: 32.757 Executing VM operation: G1CollectForAllocation (G1 Evacuation Pause) done

Memory protections (0 events):
No events

Nmethod flushes (20 events):
Event: 14.974 Thread 0x000001ac350dfc10 flushing  nmethod 0x000001ac20ff5e08
Event: 14.974 Thread 0x000001ac350dfc10 flushing  nmethod 0x000001ac21035988
Event: 14.974 Thread 0x000001ac350dfc10 flushing  nmethod 0x000001ac2103a988
Event: 14.974 Thread 0x000001ac350dfc10 flushing  nmethod 0x000001ac21076108
Event: 14.974 Thread 0x000001ac350dfc10 flushing  nmethod 0x000001ac21076488
Event: 14.974 Thread 0x000001ac350dfc10 flushing  nmethod 0x000001ac21077288
Event: 14.974 Thread 0x000001ac350dfc10 flushing  nmethod 0x000001ac210df708
Event: 14.974 Thread 0x000001ac350dfc10 flushing  nmethod 0x000001ac210dfa08
Event: 14.974 Thread 0x000001ac350dfc10 flushing  nmethod 0x000001ac21136108
Event: 14.974 Thread 0x000001ac350dfc10 flushing  nmethod 0x000001ac21251d88
Event: 14.974 Thread 0x000001ac350dfc10 flushing  nmethod 0x000001ac21252088
Event: 14.974 Thread 0x000001ac350dfc10 flushing  nmethod 0x000001ac212be788
Event: 14.974 Thread 0x000001ac350dfc10 flushing  nmethod 0x000001ac212c1508
Event: 14.974 Thread 0x000001ac350dfc10 flushing  nmethod 0x000001ac2137f388
Event: 14.974 Thread 0x000001ac350dfc10 flushing  nmethod 0x000001ac2141eb88
Event: 14.974 Thread 0x000001ac350dfc10 flushing  nmethod 0x000001ac2141ef08
Event: 14.974 Thread 0x000001ac350dfc10 flushing  nmethod 0x000001ac21420188
Event: 14.974 Thread 0x000001ac350dfc10 flushing  nmethod 0x000001ac21420688
Event: 14.974 Thread 0x000001ac350dfc10 flushing  nmethod 0x000001ac21420c88
Event: 14.974 Thread 0x000001ac350dfc10 flushing  nmethod 0x000001ac21420f88

Events (20 events):
Event: 13.171 Thread 0x000001ac16285d50 Thread added: 0x000001ac7c51a140
Event: 13.197 Thread 0x000001ac7c51a140 Thread added: 0x000001ac7c517350
Event: 13.482 Thread 0x000001ac7c650170 Thread exited: 0x000001ac7c650170
Event: 13.482 Thread 0x000001ac3587cfc0 Thread exited: 0x000001ac3587cfc0
Event: 13.602 Thread 0x000001ac7c517350 Thread added: 0x000001ac7c518d90
Event: 13.639 Thread 0x000001ac35102f90 Thread added: 0x000001ac3587cfc0
Event: 13.639 Thread 0x000001ac35102f90 Thread added: 0x000001ac7c650170
Event: 14.024 Thread 0x000001ac3587cfc0 Thread exited: 0x000001ac3587cfc0
Event: 14.024 Thread 0x000001ac7c650170 Thread exited: 0x000001ac7c650170
Event: 14.049 Thread 0x000001ac7c517350 Thread added: 0x000001ac7def98b0
Event: 14.052 Thread 0x000001ac7c517350 Thread added: 0x000001ac7def8500
Event: 14.212 Thread 0x000001ac7defa5d0 Thread added: 0x000001ac7defa5d0
Event: 14.330 Thread 0x000001ac7def8500 Thread added: 0x000001ac7def7150
Event: 14.659 Thread 0x000001ac35103a40 Thread added: 0x000001ac7cf82830
Event: 14.668 Thread 0x000001ac35103a40 Thread added: 0x000001ac7c997790
Event: 14.909 Thread 0x000001ac7c997790 Thread exited: 0x000001ac7c997790
Event: 15.262 Thread 0x000001ac7cf82830 Thread exited: 0x000001ac7cf82830
Event: 15.330 Thread 0x000001ac35103a40 Thread added: 0x000001ac352acd70
Event: 15.691 Thread 0x000001ac7c518d90 Thread added: 0x000001ac7def9220
Event: 15.732 Thread 0x000001ac352acd70 Thread exited: 0x000001ac352acd70


Dynamic libraries:
0x00007ff70b8d0000 - 0x00007ff70b8e0000 	C:\Program Files\Java\jdk-23\bin\java.exe
0x00007ffa971c0000 - 0x00007ffa97428000 	C:\WINDOWS\SYSTEM32\ntdll.dll
0x00007ffa962e0000 - 0x00007ffa963a9000 	C:\WINDOWS\System32\KERNEL32.DLL
0x00007ffa94ac0000 - 0x00007ffa94ead000 	C:\WINDOWS\System32\KERNELBASE.dll
0x00007ffa94830000 - 0x00007ffa9497b000 	C:\WINDOWS\System32\ucrtbase.dll
0x00007ffa7e410000 - 0x00007ffa7e427000 	C:\Program Files\Java\jdk-23\bin\jli.dll
0x00007ffa8a280000 - 0x00007ffa8a29b000 	C:\Program Files\Java\jdk-23\bin\VCRUNTIME140.dll
0x00007ffa96b80000 - 0x00007ffa96d4c000 	C:\WINDOWS\System32\USER32.dll
0x00007ffa946d0000 - 0x00007ffa946f7000 	C:\WINDOWS\System32\win32u.dll
0x00007ffa94f60000 - 0x00007ffa94f8b000 	C:\WINDOWS\System32\GDI32.dll
0x00007ffa94980000 - 0x00007ffa94ab7000 	C:\WINDOWS\System32\gdi32full.dll
0x00007ffa94eb0000 - 0x00007ffa94f53000 	C:\WINDOWS\System32\msvcp_win.dll
0x00007ffa7c830000 - 0x00007ffa7caca000 	C:\WINDOWS\WinSxS\amd64_microsoft.windows.common-controls_6595b64144ccf1df_6.0.26100.4484_none_3e0e6d4ce32ef3b3\COMCTL32.dll
0x00007ffa95430000 - 0x00007ffa954d9000 	C:\WINDOWS\System32\msvcrt.dll
0x00007ffa963b0000 - 0x00007ffa963df000 	C:\WINDOWS\System32\IMM32.DLL
0x00007ffa8a7f0000 - 0x00007ffa8a7fc000 	C:\Program Files\Java\jdk-23\bin\vcruntime140_1.dll
0x00007ffa558d0000 - 0x00007ffa5595e000 	C:\Program Files\Java\jdk-23\bin\msvcp140.dll
0x00007ffa1ed20000 - 0x00007ffa1fa70000 	C:\Program Files\Java\jdk-23\bin\server\jvm.dll
0x00007ffa96a30000 - 0x00007ffa96ae4000 	C:\WINDOWS\System32\ADVAPI32.dll
0x00007ffa96460000 - 0x00007ffa96506000 	C:\WINDOWS\System32\sechost.dll
0x00007ffa96d50000 - 0x00007ffa96e68000 	C:\WINDOWS\System32\RPCRT4.dll
0x00007ffa95320000 - 0x00007ffa95394000 	C:\WINDOWS\System32\WS2_32.dll
0x00007ffa94160000 - 0x00007ffa941be000 	C:\WINDOWS\SYSTEM32\POWRPROF.dll
0x00007ffa8c1b0000 - 0x00007ffa8c1e5000 	C:\WINDOWS\SYSTEM32\WINMM.dll
0x00007ffa7d430000 - 0x00007ffa7d43b000 	C:\WINDOWS\SYSTEM32\VERSION.dll
0x00007ffa94140000 - 0x00007ffa94154000 	C:\WINDOWS\SYSTEM32\UMPDC.dll
0x00007ffa930b0000 - 0x00007ffa930cb000 	C:\WINDOWS\SYSTEM32\kernel.appcore.dll
0x00007ffa7e490000 - 0x00007ffa7e49a000 	C:\Program Files\Java\jdk-23\bin\jimage.dll
0x00007ffa91ac0000 - 0x00007ffa91d01000 	C:\WINDOWS\SYSTEM32\DBGHELP.DLL
0x00007ffa95f50000 - 0x00007ffa962d6000 	C:\WINDOWS\System32\combase.dll
0x00007ffa95e60000 - 0x00007ffa95f40000 	C:\WINDOWS\System32\OLEAUT32.dll
0x00007ffa7bcd0000 - 0x00007ffa7bd13000 	C:\WINDOWS\SYSTEM32\dbgcore.DLL
0x00007ffa94790000 - 0x00007ffa94829000 	C:\WINDOWS\System32\bcryptPrimitives.dll
0x00007ffa7e3d0000 - 0x00007ffa7e3ee000 	C:\Program Files\Java\jdk-23\bin\java.dll
0x00007ffa94f90000 - 0x00007ffa9512e000 	C:\WINDOWS\System32\ole32.dll
0x00007ffa95710000 - 0x00007ffa95e5a000 	C:\WINDOWS\System32\SHELL32.dll
0x00007ffa94550000 - 0x00007ffa946c4000 	C:\WINDOWS\System32\wintypes.dll
0x00007ffa91f20000 - 0x00007ffa9277b000 	C:\WINDOWS\SYSTEM32\windows.storage.dll
0x00007ffa97080000 - 0x00007ffa97175000 	C:\WINDOWS\System32\SHCORE.dll
0x00007ffa953c0000 - 0x00007ffa9542a000 	C:\WINDOWS\System32\shlwapi.dll
0x00007ffa94220000 - 0x00007ffa9424f000 	C:\WINDOWS\SYSTEM32\profapi.dll
0x00007ffa557f0000 - 0x00007ffa558c7000 	C:\Program Files\Java\jdk-23\bin\jsvml.dll
0x00007ffa7e470000 - 0x00007ffa7e480000 	C:\Program Files\Java\jdk-23\bin\net.dll
0x00007ffa93640000 - 0x00007ffa936aa000 	C:\WINDOWS\system32\mswsock.dll
0x00007ffa7da20000 - 0x00007ffa7da36000 	C:\Program Files\Java\jdk-23\bin\nio.dll
0x00007ffa7c680000 - 0x00007ffa7c697000 	C:\Program Files\Java\jdk-23\bin\zip.dll
0x00007ffa742e0000 - 0x00007ffa74304000 	C:\Program Files\maven\lib\jansi-native\Windows\x86_64\jansi.dll
0x00007ffa7e3c0000 - 0x00007ffa7e3d0000 	C:\Program Files\Java\jdk-23\bin\verify.dll
0x00007ffa931e0000 - 0x00007ffa93216000 	C:\WINDOWS\SYSTEM32\ntmarta.dll
0x000001ac16470000 - 0x000001ac16474000 	C:\Program Files\Java\jdk-23\bin\api-ms-win-core-console-l1-1-0.dll
0x000001ac16480000 - 0x000001ac16484000 	C:\Program Files\Java\jdk-23\bin\api-ms-win-core-datetime-l1-1-0.dll
0x000001ac16490000 - 0x000001ac16494000 	C:\Program Files\Java\jdk-23\bin\api-ms-win-core-debug-l1-1-0.dll
0x000001ac164a0000 - 0x000001ac164a4000 	C:\Program Files\Java\jdk-23\bin\api-ms-win-core-errorhandling-l1-1-0.dll
0x000001ac164b0000 - 0x000001ac164b5000 	C:\Program Files\Java\jdk-23\bin\api-ms-win-core-file-l1-1-0.dll
0x000001ac164c0000 - 0x000001ac164c4000 	C:\Program Files\Java\jdk-23\bin\api-ms-win-core-file-l1-2-0.dll
0x000001ac184d0000 - 0x000001ac184d4000 	C:\Program Files\Java\jdk-23\bin\api-ms-win-core-file-l2-1-0.dll
0x000001ac184e0000 - 0x000001ac184e4000 	C:\Program Files\Java\jdk-23\bin\api-ms-win-core-handle-l1-1-0.dll
0x000001ac184f0000 - 0x000001ac184f4000 	C:\Program Files\Java\jdk-23\bin\api-ms-win-core-heap-l1-1-0.dll
0x000001ac18500000 - 0x000001ac18504000 	C:\Program Files\Java\jdk-23\bin\api-ms-win-core-interlocked-l1-1-0.dll
0x000001ac18510000 - 0x000001ac18514000 	C:\Program Files\Java\jdk-23\bin\api-ms-win-core-libraryloader-l1-1-0.dll
0x000001ac18520000 - 0x000001ac18524000 	C:\Program Files\Java\jdk-23\bin\api-ms-win-core-localization-l1-2-0.dll
0x000001ac18530000 - 0x000001ac18534000 	C:\Program Files\Java\jdk-23\bin\api-ms-win-core-memory-l1-1-0.dll
0x000001ac18540000 - 0x000001ac18544000 	C:\Program Files\Java\jdk-23\bin\api-ms-win-core-namedpipe-l1-1-0.dll
0x000001ac18550000 - 0x000001ac18554000 	C:\Program Files\Java\jdk-23\bin\api-ms-win-core-processenvironment-l1-1-0.dll
0x000001ac18560000 - 0x000001ac18564000 	C:\Program Files\Java\jdk-23\bin\api-ms-win-core-processthreads-l1-1-0.dll
0x000001ac18570000 - 0x000001ac18574000 	C:\Program Files\Java\jdk-23\bin\api-ms-win-core-processthreads-l1-1-1.dll
0x000001ac18580000 - 0x000001ac18584000 	C:\Program Files\Java\jdk-23\bin\api-ms-win-core-profile-l1-1-0.dll
0x000001ac35fb0000 - 0x000001ac35fb4000 	C:\Program Files\Java\jdk-23\bin\api-ms-win-core-rtlsupport-l1-1-0.dll
0x000001ac35fc0000 - 0x000001ac35fc4000 	C:\Program Files\Java\jdk-23\bin\api-ms-win-core-string-l1-1-0.dll
0x000001ac35fd0000 - 0x000001ac35fd4000 	C:\Program Files\Java\jdk-23\bin\api-ms-win-core-synch-l1-1-0.dll
0x000001ac35fe0000 - 0x000001ac35fe4000 	C:\Program Files\Java\jdk-23\bin\api-ms-win-core-synch-l1-2-0.dll
0x000001ac35ff0000 - 0x000001ac35ff4000 	C:\Program Files\Java\jdk-23\bin\api-ms-win-core-sysinfo-l1-1-0.dll
0x000001ac7f130000 - 0x000001ac7f134000 	C:\Program Files\Java\jdk-23\bin\api-ms-win-core-timezone-l1-1-0.dll
0x000001ac7f140000 - 0x000001ac7f144000 	C:\Program Files\Java\jdk-23\bin\api-ms-win-core-util-l1-1-0.dll
0x000001ac7f150000 - 0x000001ac7f154000 	C:\Program Files\Java\jdk-23\bin\api-ms-win-crt-conio-l1-1-0.dll
0x000001ac7f160000 - 0x000001ac7f165000 	C:\Program Files\Java\jdk-23\bin\api-ms-win-crt-convert-l1-1-0.dll
0x000001ac7f170000 - 0x000001ac7f174000 	C:\Program Files\Java\jdk-23\bin\api-ms-win-crt-environment-l1-1-0.dll
0x000001ac7f180000 - 0x000001ac7f184000 	C:\Program Files\Java\jdk-23\bin\api-ms-win-crt-filesystem-l1-1-0.dll
0x000001ac7f190000 - 0x000001ac7f194000 	C:\Program Files\Java\jdk-23\bin\api-ms-win-crt-heap-l1-1-0.dll
0x000001ac7f1a0000 - 0x000001ac7f1a4000 	C:\Program Files\Java\jdk-23\bin\api-ms-win-crt-locale-l1-1-0.dll
0x000001ac7f1b0000 - 0x000001ac7f1b6000 	C:\Program Files\Java\jdk-23\bin\api-ms-win-crt-math-l1-1-0.dll
0x000001ac7f1c0000 - 0x000001ac7f1c6000 	C:\Program Files\Java\jdk-23\bin\api-ms-win-crt-multibyte-l1-1-0.dll
0x000001ac7f1d0000 - 0x000001ac7f1e1000 	C:\Program Files\Java\jdk-23\bin\api-ms-win-crt-private-l1-1-0.dll
0x000001ac7f1f0000 - 0x000001ac7f1f4000 	C:\Program Files\Java\jdk-23\bin\api-ms-win-crt-process-l1-1-0.dll
0x000001ac7f200000 - 0x000001ac7f205000 	C:\Program Files\Java\jdk-23\bin\api-ms-win-crt-runtime-l1-1-0.dll
0x000001ac7f210000 - 0x000001ac7f215000 	C:\Program Files\Java\jdk-23\bin\api-ms-win-crt-stdio-l1-1-0.dll
0x000001ac7f220000 - 0x000001ac7f225000 	C:\Program Files\Java\jdk-23\bin\api-ms-win-crt-string-l1-1-0.dll
0x000001ac7f230000 - 0x000001ac7f234000 	C:\Program Files\Java\jdk-23\bin\api-ms-win-crt-time-l1-1-0.dll
0x000001ac7f240000 - 0x000001ac7f244000 	C:\Program Files\Java\jdk-23\bin\api-ms-win-crt-utility-l1-1-0.dll
0x00007ffa528b0000 - 0x00007ffa529c1000 	C:\Program Files\Java\jdk-23\bin\ucrtbase.dll
0x00007ffa5a160000 - 0x00007ffa5a1ad000 	C:\Windows\System32\concrt140.dll
0x00007ffa71950000 - 0x00007ffa71973000 	C:\Users\Yattaqi\.openjfx\cache\11.0.2\prism_d3d.dll
0x00007ffa32b40000 - 0x00007ffa32cfa000 	C:\WINDOWS\system32\d3d9.dll
0x00007ffa91490000 - 0x00007ffa914c6000 	C:\WINDOWS\SYSTEM32\dwmapi.dll
0x00007ffa912c0000 - 0x00007ffa9130d000 	C:\WINDOWS\SYSTEM32\dxcore.dll
0x00007ffa91070000 - 0x00007ffa9111f000 	C:\WINDOWS\system32\uxtheme.dll
0x00007ffa55720000 - 0x00007ffa557ea000 	C:\WINDOWS\SYSTEM32\d3d9on12.dll
0x00007ffa91310000 - 0x00007ffa91448000 	C:\WINDOWS\SYSTEM32\dxgi.dll
0x00007ffa6f430000 - 0x00007ffa6f453000 	C:\WINDOWS\SYSTEM32\d3d12.dll
0x00007ffa91250000 - 0x00007ffa912b4000 	C:\WINDOWS\SYSTEM32\directxdatabasehelper.dll
0x00007ffa93e80000 - 0x00007ffa93ed7000 	C:\WINDOWS\SYSTEM32\cfgmgr32.dll
0x00007ffa2f720000 - 0x00007ffa2f997000 	C:\WINDOWS\SYSTEM32\D3D12Core.dll
0x00007ffa787a0000 - 0x00007ffa787c7000 	C:\WINDOWS\System32\DriverStore\FileRepository\iigd_dch.inf_amd64_9741ef1f4093481f\igd12umd64.dll
0x00007ffa2e8d0000 - 0x00007ffa2f589000 	C:\WINDOWS\System32\DriverStore\FileRepository\iigd_dch.inf_amd64_9741ef1f4093481f\igd12um64xel.dll
0x00007ffa943d0000 - 0x00007ffa94547000 	C:\WINDOWS\System32\CRYPT32.dll
0x00007ffa941f0000 - 0x00007ffa94216000 	C:\WINDOWS\SYSTEM32\bcrypt.dll
0x00007ffa6f3b0000 - 0x00007ffa6f3f4000 	C:\WINDOWS\SYSTEM32\ControlLib.dll
0x00007ffa965a0000 - 0x00007ffa96a26000 	C:\WINDOWS\System32\SETUPAPI.dll
0x00007ffa93e50000 - 0x00007ffa93e7d000 	C:\WINDOWS\SYSTEM32\DEVOBJ.dll
0x00007ffa8a040000 - 0x00007ffa8a0c8000 	C:\WINDOWS\System32\DriverStore\FileRepository\iigd_dch.inf_amd64_9741ef1f4093481f\IntelControlLib.dll
0x00007ffa94700000 - 0x00007ffa94784000 	C:\WINDOWS\System32\WINTRUST.dll
0x00007ffa93960000 - 0x00007ffa93973000 	C:\WINDOWS\SYSTEM32\MSASN1.dll
0x00007ffa89a80000 - 0x00007ffa89e97000 	C:\WINDOWS\System32\DriverStore\FileRepository\iigd_dch.inf_amd64_9741ef1f4093481f\igdgmm64.dll
0x00007ffa85d80000 - 0x00007ffa89a7c000 	C:\WINDOWS\System32\DriverStore\FileRepository\iigd_dch.inf_amd64_9741ef1f4093481f\igc64.dll
0x00007ffa6be90000 - 0x00007ffa6bebe000 	C:\WINDOWS\SYSTEM32\D3DSCache.dll
0x00007ffa936e0000 - 0x00007ffa9370b000 	C:\WINDOWS\SYSTEM32\USERENV.dll
0x00007ffa157e0000 - 0x00007ffa16b85000 	C:\WINDOWS\System32\DriverStore\FileRepository\iigd_dch.inf_amd64_9741ef1f4093481f\igd12dxva64.dll
0x00007ffa5a440000 - 0x00007ffa5c160000 	C:\WINDOWS\System32\DriverStore\FileRepository\iigd_dch.inf_amd64_9741ef1f4093481f\media_bin_64.dll
0x00007ffa6db40000 - 0x00007ffa6db67000 	C:\WINDOWS\System32\DriverStore\FileRepository\iigd_dch.inf_amd64_9741ef1f4093481f\igdinfo64.dll
0x00007ffa59fe0000 - 0x00007ffa5a025000 	C:\Users\Yattaqi\.openjfx\cache\11.0.2\glass.dll
0x00007ffa95140000 - 0x00007ffa95238000 	C:\WINDOWS\System32\COMDLG32.dll
0x00007ffa96f10000 - 0x00007ffa97070000 	C:\WINDOWS\System32\MSCTF.dll
0x00007ffa7c660000 - 0x00007ffa7c674000 	C:\Users\Yattaqi\.openjfx\cache\11.0.2\javafx_font.dll
0x00007ffa8f3a0000 - 0x00007ffa8f60b000 	C:\WINDOWS\SYSTEM32\dwrite.dll
0x00007ffa938f0000 - 0x00007ffa9390b000 	C:\WINDOWS\SYSTEM32\CRYPTSP.dll
0x00007ffa93010000 - 0x00007ffa9304b000 	C:\WINDOWS\system32\rsaenh.dll
0x00007ffa93910000 - 0x00007ffa9391c000 	C:\WINDOWS\SYSTEM32\CRYPTBASE.dll
0x00007ffa92a90000 - 0x00007ffa92ac3000 	C:\WINDOWS\SYSTEM32\IPHLPAPI.DLL

dbghelp: loaded successfully - version: 4.0.5 - missing functions: none
symbol engine: initialized successfully - sym options: 0x614 - pdb path: .;C:\Program Files\Java\jdk-23\bin;C:\WINDOWS\SYSTEM32;C:\WINDOWS\WinSxS\amd64_microsoft.windows.common-controls_6595b64144ccf1df_6.0.26100.4484_none_3e0e6d4ce32ef3b3;C:\Program Files\Java\jdk-23\bin\server;C:\Program Files\maven\lib\jansi-native\Windows\x86_64;C:\Users\Yattaqi\.openjfx\cache\11.0.2;C:\WINDOWS\System32\DriverStore\FileRepository\iigd_dch.inf_amd64_9741ef1f4093481f;C:\Program Files\Common Files\Microsoft Shared\Ink

VM Arguments:
jvm_args: --enable-native-access=ALL-UNNAMED -Dclassworlds.conf=C:\Program Files\maven\bin\m2.conf -Dmaven.home=C:\Program Files\maven -Dlibrary.jansi.path=C:\Program Files\maven\lib\jansi-native -Dmaven.multiModuleProjectDirectory=C:\Users\Yattaqi\IdeaProjects\com.sportedu 
java_command: org.codehaus.plexus.classworlds.launcher.Launcher compile exec:java
java_class_path (initial): C:\Program Files\maven\boot\plexus-classworlds-2.9.0.jar
Launcher Type: SUN_STANDARD

[Global flags]
     intx CICompilerCount                          = 4                                         {product} {ergonomic}
     uint ConcGCThreads                            = 2                                         {product} {ergonomic}
     uint G1ConcRefinementThreads                  = 8                                         {product} {ergonomic}
   size_t G1HeapRegionSize                         = 1048576                                   {product} {ergonomic}
   size_t InitialHeapSize                          = 130023424                                 {product} {ergonomic}
   size_t MarkStackSize                            = 4194304                                   {product} {ergonomic}
   size_t MarkStackSizeMax                         = 536870912                                 {product} {ergonomic}
   size_t MaxHeapSize                              = 2067791872                                {product} {ergonomic}
   size_t MaxNewSize                               = 1240465408                                {product} {ergonomic}
   size_t MinHeapDeltaBytes                        = 1048576                                   {product} {ergonomic}
   size_t MinHeapSize                              = 8388608                                   {product} {ergonomic}
    uintx NonNMethodCodeHeapSize                   = 5832704                                {pd product} {ergonomic}
    uintx NonProfiledCodeHeapSize                  = 122945536                              {pd product} {ergonomic}
    uintx ProfiledCodeHeapSize                     = 122880000                              {pd product} {ergonomic}
    uintx ReservedCodeCacheSize                    = 251658240                              {pd product} {ergonomic}
     bool SegmentedCodeCache                       = true                                      {product} {ergonomic}
   size_t SoftMaxHeapSize                          = 2067791872                             {manageable} {ergonomic}
     bool UseCompressedOops                        = true                           {product lp64_product} {ergonomic}
     bool UseG1GC                                  = true                                      {product} {ergonomic}
     bool UseLargePagesIndividualAllocation        = false                                  {pd product} {ergonomic}

Logging:
Log output configuration:
 #0: stdout all=warning uptime,level,tags foldmultilines=false
 #1: stderr all=off uptime,level,tags foldmultilines=false

Environment Variables:
PATH=C:\Program Files\Common Files\Oracle\Java\javapath;C:\Program Files (x86)\Common Files\Intel\Shared Libraries\redist\intel64\compiler;C:\WINDOWS\system32;C:\WINDOWS;C:\WINDOWS\System32\Wbem;C:\WINDOWS\System32\WindowsPowerShell\v1.0\;C:\WINDOWS\System32\OpenSSH\;C:\mingw64\bin;C:\Program Files\dotnet\;C:\Program Files\mosquitto;C:\Program Files\nodejs\;C:\semester 4\Provis\flutter\bin;C:\Program Files\Git\cmd;%MAVEN_HOME%\bin;C:\Program Files\Java\jdk-23\bin;C:\Program Files (x86)\WiX Toolset v3.11\bin;C:\Users\Yattaqi\AppData\Local\Programs\Python\Python313\Scripts\;C:\Users\Yattaqi\AppData\Local\Programs\Python\Python313\;C:\Users\Yattaqi\AppData\Local\Programs\Python\Launcher\;C:\Users\Yattaqi\AppData\Local\Microsoft\WindowsApps;C:\Users\Yattaqi\AppData\Local\Programs\Microsoft VS Code\bin;C:\mingw64\bin;C:\Users\Yattaqi\.dotnet\tools;C:\Program Files\mosquitto;C:\Users\Yattaqi\AppData\Roaming\npm;C:\laragon\bin\php\php-8.3.16-Win32-vs16-x64;C:\Users\Yattaqi\.lmstudio\bin;C:\Program Files\JetBrains\IntelliJ IDEA 2024.3.4.1\bin;;C:\Program Files\JetBrains\IntelliJ IDEA Community Edition 2024.3.4.1\bin;;C:\Users\Yattaqi\composer;C:\Users\Yattaqi\AppData\Roaming\Composer\vendor\bin;C:\semester 4\Provis\flutter\bin;C:\Program Files\maven\bin;C:\Program Files\Java\jdk-23\bin;C:\Program Files (x86)\WiX Toolset v3.11\bin;
USERNAME=Yattaqi
OS=Windows_NT
PROCESSOR_IDENTIFIER=Intel64 Family 6 Model 154 Stepping 4, GenuineIntel
TMP=C:\Users\Yattaqi\AppData\Local\Temp
TEMP=C:\Users\Yattaqi\AppData\Local\Temp




Periodic native trim disabled

---------------  S Y S T E M  ---------------

OS:
 Windows 11 , 64 bit Build 26100 (10.0.26100.4484)
OS uptime: 11 days 7:08 hours
Hyper-V role detected

CPU: total 8 (initial active 8) (4 cores per cpu, 2 threads per core) family 6 model 154 stepping 4 microcode 0x434, cx8, cmov, fxsr, ht, mmx, 3dnowpref, sse, sse2, sse3, ssse3, sse4.1, sse4.2, popcnt, lzcnt, tsc, tscinvbit, avx, avx2, aes, erms, clmul, bmi1, bmi2, adx, sha, fma, vzeroupper, clflush, clflushopt, clwb, hv, serialize, rdtscp, rdpid, fsrm, gfni, f16c, cet_ibt, cet_ss
Processor Information for processor 0
  Max Mhz: 1200, Current Mhz: 1200, Mhz Limit: 1200
Processor Information for processor 1
  Max Mhz: 1200, Current Mhz: 1200, Mhz Limit: 1200
Processor Information for processor 2
  Max Mhz: 1200, Current Mhz: 1200, Mhz Limit: 1200
Processor Information for processor 3
  Max Mhz: 1200, Current Mhz: 1200, Mhz Limit: 1200
Processor Information for processor 4
  Max Mhz: 1200, Current Mhz: 900, Mhz Limit: 900
Processor Information for processor 5
  Max Mhz: 1200, Current Mhz: 900, Mhz Limit: 900
Processor Information for processor 6
  Max Mhz: 1200, Current Mhz: 900, Mhz Limit: 900
Processor Information for processor 7
  Max Mhz: 1200, Current Mhz: 900, Mhz Limit: 900

Memory: 4k page, system-wide physical 7885M (494M free)
TotalPageFile size 16077M (AvailPageFile size 8M)
current process WorkingSet (physical memory assigned to process): 1104M, peak: 1107M
current process commit charge ("private bytes"): 1831M, peak: 1831M

vm_info: Java HotSpot(TM) 64-Bit Server VM (23.0.2+7-58) for windows-amd64 JRE (23.0.2+7-58), built on 2024-11-29T09:34:55Z with MS VC++ 17.6 (VS2022)

END.
