#
# There is insufficient memory for the Java Runtime Environment to continue.
# Native memory allocation (malloc) failed to allocate 1122096 bytes. Error detail: Chunk::new
# Possible reasons:
#   The system is out of physical RAM or swap space
#   This process is running with CompressedOops enabled, and the Java Heap may be blocking the growth of the native heap
# Possible solutions:
#   Reduce memory load on the system
#   Increase physical memory or swap space
#   Check if swap backing store is full
#   Decrease Java heap size (-Xmx/-Xms)
#   Decrease number of Java threads
#   Decrease Java thread stack sizes (-Xss)
#   Set larger code cache with -XX:ReservedCodeCacheSize=
#   JVM is running with Unscaled Compressed Oops mode in which the Java heap is
#     placed in the first 4GB address space. The Java Heap base address is the
#     maximum limit for the native heap growth. Please use -XX:HeapBaseMinAddress
#     to set the Java Heap base and to place the Java Heap above 4GB virtual address.
# This output file may be truncated or incomplete.
#
#  Out of Memory Error (arena.cpp:149), pid=14196, tid=10788
#
# JRE version: Java(TM) SE Runtime Environment (23.0.2+7) (build 23.0.2+7-58)
# Java VM: Java HotSpot(TM) 64-Bit Server VM (23.0.2+7-58, mixed mode, sharing, tiered, compressed oops, compressed class ptrs, g1 gc, windows-amd64)
# No core dump will be written. Minidumps are not enabled by default on client versions of Windows
#

---------------  S U M M A R Y ------------

Command Line: --enable-native-access=ALL-UNNAMED -Dclassworlds.conf=C:\Program Files\maven\bin\m2.conf -Dmaven.home=C:\Program Files\maven -Dlibrary.jansi.path=C:\Program Files\maven\lib\jansi-native -Dmaven.multiModuleProjectDirectory=C:\Users\Yattaqi\IdeaProjects\com.sportedu org.codehaus.plexus.classworlds.launcher.Launcher clean compile exec:java

Host: 12th Gen Intel(R) Core(TM) i3-1215U, 8 cores, 7G,  Windows 11 , 64 bit Build 26100 (10.0.26100.4484)
Time: Thu Jul 31 17:47:23 2025 SE Asia Standard Time elapsed time: 33.142766 seconds (0d 0h 0m 33s)

---------------  T H R E A D  ---------------

Current thread (0x000001cb7fab61e0):  JavaThread "C2 CompilerThread0" daemon [_thread_in_native, id=10788, stack(0x0000003943700000,0x0000003943800000) (1024K)]


Current CompileTask:
C2:33142 9465       4       javafx.scene.CssStyleHelper::createStyleHelper (310 bytes)

Stack: [0x0000003943700000,0x0000003943800000]
Native frames: (J=compiled Java code, j=interpreted, Vv=VM code, C=native code)
V  [jvm.dll+0x6e0b99]  (no source info available)
V  [jvm.dll+0x87e2b3]  (no source info available)
V  [jvm.dll+0x88073e]  (no source info available)
V  [jvm.dll+0x880e13]  (no source info available)
V  [jvm.dll+0x27b006]  (no source info available)
V  [jvm.dll+0xbc06f]  (no source info available)
V  [jvm.dll+0xbc2cb]  (no source info available)
V  [jvm.dll+0x3b3c22]  (no source info available)
V  [jvm.dll+0x38a55b]  (no source info available)
V  [jvm.dll+0x3899ca]  (no source info available)
V  [jvm.dll+0x244ba1]  (no source info available)
V  [jvm.dll+0x243eff]  (no source info available)
V  [jvm.dll+0x1c34b0]  (no source info available)
V  [jvm.dll+0x253df1]  (no source info available)
V  [jvm.dll+0x2520aa]  (no source info available)
V  [jvm.dll+0x3ee226]  (no source info available)
V  [jvm.dll+0x8254cb]  (no source info available)
V  [jvm.dll+0x6df345]  (no source info available)
C  [ucrtbase.dll+0x37b0]  (no source info available)
C  [KERNEL32.DLL+0x2e8d7]  (no source info available)
C  [ntdll.dll+0x3c34c]  (no source info available)

Lock stack of current Java thread (top to bottom):


---------------  P R O C E S S  ---------------

Threads class SMR info:
_java_thread_list=0x000001cb4611d120, length=27, elements={
0x000001cb60cd6670, 0x000001cb7faabb80, 0x000001cb7faac5e0, 0x000001cb7fab0910,
0x000001cb7fab1370, 0x000001cb7fab1dd0, 0x000001cb7fab2fd0, 0x000001cb7fab61e0,
0x000001cb7fac2190, 0x000001cb45158ac0, 0x000001cb4515ed60, 0x000001cb461116a0,
0x000001cb47991d60, 0x000001cb48472000, 0x000001cb48472670, 0x000001cb48874ee0,
0x000001cb481319f0, 0x000001cb48131360, 0x000001cb48132da0, 0x000001cb48133430,
0x000001cb48132710, 0x000001cb481347e0, 0x000001cb48133ac0, 0x000001cb481375d0,
0x000001cb48135500, 0x000001cb48136f40, 0x000001cb477f71a0
}

Java Threads: ( => current thread )
  0x000001cb60cd6670 JavaThread "main"                              [_thread_blocked, id=6272, stack(0x0000003942900000,0x0000003942a00000) (1024K)]
  0x000001cb7faabb80 JavaThread "Reference Handler"          daemon [_thread_blocked, id=20376, stack(0x0000003943100000,0x0000003943200000) (1024K)]
  0x000001cb7faac5e0 JavaThread "Finalizer"                  daemon [_thread_blocked, id=5308, stack(0x0000003943200000,0x0000003943300000) (1024K)]
  0x000001cb7fab0910 JavaThread "Signal Dispatcher"          daemon [_thread_blocked, id=1788, stack(0x0000003943300000,0x0000003943400000) (1024K)]
  0x000001cb7fab1370 JavaThread "Attach Listener"            daemon [_thread_blocked, id=15088, stack(0x0000003943400000,0x0000003943500000) (1024K)]
  0x000001cb7fab1dd0 JavaThread "Service Thread"             daemon [_thread_blocked, id=11088, stack(0x0000003943500000,0x0000003943600000) (1024K)]
  0x000001cb7fab2fd0 JavaThread "Monitor Deflation Thread"   daemon [_thread_blocked, id=5672, stack(0x0000003943600000,0x0000003943700000) (1024K)]
=>0x000001cb7fab61e0 JavaThread "C2 CompilerThread0"         daemon [_thread_in_native, id=10788, stack(0x0000003943700000,0x0000003943800000) (1024K)]
  0x000001cb7fac2190 JavaThread "C1 CompilerThread0"         daemon [_thread_blocked, id=2464, stack(0x0000003943800000,0x0000003943900000) (1024K)]
  0x000001cb45158ac0 JavaThread "Notification Thread"        daemon [_thread_blocked, id=14236, stack(0x0000003943900000,0x0000003943a00000) (1024K)]
  0x000001cb4515ed60 JavaThread "Common-Cleaner"             daemon [_thread_blocked, id=8648, stack(0x0000003943a00000,0x0000003943b00000) (1024K)]
  0x000001cb461116a0 JavaThread "Thread-1"                   daemon [_thread_blocked, id=11604, stack(0x0000003943c00000,0x0000003943d00000) (1024K)]
  0x000001cb47991d60 JavaThread "ForkJoinPool.commonPool-worker-1" daemon [_thread_blocked, id=5248, stack(0x0000003944600000,0x0000003944700000) (1024K)]
  0x000001cb48472000 JavaThread "ForkJoinPool.commonPool-worker-2" daemon [_thread_blocked, id=20580, stack(0x0000003944700000,0x0000003944800000) (1024K)]
  0x000001cb48472670 JavaThread "ForkJoinPool.commonPool-worker-3" daemon [_thread_blocked, id=7812, stack(0x0000003944800000,0x0000003944900000) (1024K)]
  0x000001cb48874ee0 JavaThread "ForkJoinPool.commonPool-worker-4" daemon [_thread_blocked, id=21204, stack(0x0000003944900000,0x0000003944a00000) (1024K)]
  0x000001cb481319f0 JavaThread "ForkJoinPool.commonPool-worker-5" daemon [_thread_blocked, id=13676, stack(0x0000003944a00000,0x0000003944b00000) (1024K)]
  0x000001cb48131360 JavaThread "ForkJoinPool.commonPool-worker-6" daemon [_thread_blocked, id=20680, stack(0x0000003944b00000,0x0000003944c00000) (1024K)]
  0x000001cb48132da0 JavaThread "com.sportedu.Main.main()"          [_thread_blocked, id=14840, stack(0x0000003944c00000,0x0000003944d00000) (1024K)]
  0x000001cb48133430 JavaThread "JavaFX-Launcher"                   [_thread_blocked, id=20244, stack(0x0000003944d00000,0x0000003944e00000) (1024K)]
  0x000001cb48132710 JavaThread "QuantumRenderer-0"          daemon [_thread_in_native, id=4000, stack(0x0000003943b00000,0x0000003943c00000) (1024K)]
  0x000001cb481347e0 JavaThread "InvokeLaterDispatcher"      daemon [_thread_blocked, id=12352, stack(0x0000003944400000,0x0000003944500000) (1024K)]
  0x000001cb48133ac0 JavaThread "JavaFX Application Thread"         [_thread_blocked, id=14036, stack(0x0000003944e00000,0x0000003944f00000) (1024K)]
  0x000001cb481375d0 JavaThread "Thread-4"                   daemon [_thread_in_native, id=14372, stack(0x0000003945400000,0x0000003945500000) (1024K)]
  0x000001cb48135500 JavaThread "Prism Font Disposer"        daemon [_thread_blocked, id=14760, stack(0x0000003945500000,0x0000003945600000) (1024K)]
  0x000001cb48136f40 JavaThread "Cleaner-0"                  daemon [_thread_blocked, id=14208, stack(0x0000003945700000,0x0000003945800000) (1024K)]
  0x000001cb477f71a0 JavaThread "C2 CompilerThread1"         daemon [_thread_blocked, id=19784, stack(0x0000003945600000,0x0000003945700000) (1024K)]
Total: 27

Other Threads:
  0x000001cb7fa8e030 VMThread "VM Thread"                           [id=11440, stack(0x0000003943000000,0x0000003943100000) (1024K)]
  0x000001cb7fa75a70 WatcherThread "VM Periodic Task Thread"        [id=932, stack(0x0000003942f00000,0x0000003943000000) (1024K)]
  0x000001cb62fd1c80 WorkerThread "GC Thread#0"                     [id=1152, stack(0x0000003942a00000,0x0000003942b00000) (1024K)]
  0x000001cb46b497a0 WorkerThread "GC Thread#1"                     [id=3684, stack(0x0000003943d00000,0x0000003943e00000) (1024K)]
  0x000001cb4662b8c0 WorkerThread "GC Thread#2"                     [id=15420, stack(0x0000003943e00000,0x0000003943f00000) (1024K)]
  0x000001cb466d5f20 WorkerThread "GC Thread#3"                     [id=10956, stack(0x0000003943f00000,0x0000003944000000) (1024K)]
  0x000001cb466b3d50 WorkerThread "GC Thread#4"                     [id=20300, stack(0x0000003944000000,0x0000003944100000) (1024K)]
  0x000001cb466b4100 WorkerThread "GC Thread#5"                     [id=15668, stack(0x0000003944100000,0x0000003944200000) (1024K)]
  0x000001cb46493fb0 WorkerThread "GC Thread#6"                     [id=6832, stack(0x0000003944200000,0x0000003944300000) (1024K)]
  0x000001cb46496e40 WorkerThread "GC Thread#7"                     [id=16512, stack(0x0000003944300000,0x0000003944400000) (1024K)]
  0x000001cb62fe6190 ConcurrentGCThread "G1 Main Marker"            [id=12360, stack(0x0000003942b00000,0x0000003942c00000) (1024K)]
  0x000001cb62fe7b20 WorkerThread "G1 Conc#0"                       [id=844, stack(0x0000003942c00000,0x0000003942d00000) (1024K)]
  0x000001cb46af37c0 WorkerThread "G1 Conc#1"                       [id=7976, stack(0x0000003944500000,0x0000003944600000) (1024K)]
  0x000001cb7f945190 ConcurrentGCThread "G1 Refine#0"               [id=22160, stack(0x0000003942d00000,0x0000003942e00000) (1024K)]
  0x000001cb7f945c20 ConcurrentGCThread "G1 Service"                [id=3820, stack(0x0000003942e00000,0x0000003942f00000) (1024K)]
Total: 15

Threads with active compile tasks:
C2 CompilerThread0  33280 9465       4       javafx.scene.CssStyleHelper::createStyleHelper (310 bytes)
Total: 1

VM state: not at safepoint (normal execution)

VM Mutex/Monitor currently owned by a thread: None

Heap address: 0x0000000084c00000, size: 1972 MB, Compressed Oops mode: 32-bit

CDS archive(s) mapped at: [0x000001cb00000000-0x000001cb00d70000-0x000001cb00d70000), size 14090240, SharedBaseAddress: 0x000001cb00000000, ArchiveRelocationMode: 1.
Compressed class space mapped at: 0x000001cb01000000-0x000001cb41000000, reserved size: 1073741824
Narrow klass base: 0x000001cb00000000, Narrow klass shift: 0, Narrow klass range: 0x41000000

GC Precious Log:
 CardTable entry size: 512
 Card Set container configuration: InlinePtr #cards 5 size 8 Array Of Cards #cards 10 size 36 Howl #buckets 4 coarsen threshold 1843 Howl Bitmap #cards 512 size 80 coarsen threshold 460 Card regions per heap region 1 cards per card region 2048
 CPUs: 8 total, 8 available
 Memory: 7885M
 Large Page Support: Disabled
 NUMA Support: Disabled
 Compressed Oops: Enabled (32-bit)
 Heap Region Size: 1M
 Heap Min Capacity: 8M
 Heap Initial Capacity: 124M
 Heap Max Capacity: 1972M
 Pre-touch: Disabled
 Parallel Workers: 8
 Concurrent Workers: 2
 Concurrent Refinement Workers: 8
 Periodic GC: Disabled

Heap:
 garbage-first heap   total reserved 2019328K, committed 373760K, used 336565K [0x0000000084c00000, 0x0000000100000000)
  region size 1024K, 6 young (6144K), 4 survivors (4096K)
 Metaspace       used 40433K, committed 40832K, reserved 1114112K
  class space    used 5075K, committed 5248K, reserved 1048576K

Heap Regions: E=young(eden), S=young(survivor), O=old, HS=humongous(starts), HC=humongous(continues), CS=collection set, F=free, TAMS=top-at-mark-start, PB=parsable bottom
|   0|0x0000000084c00000, 0x0000000084d00000, 0x0000000084d00000|100%| O|  |TAMS 0x0000000084c00000| PB 0x0000000084c00000| Untracked |  0
|   1|0x0000000084d00000, 0x0000000084e00000, 0x0000000084e00000|100%| O|  |TAMS 0x0000000084d00000| PB 0x0000000084d00000| Untracked |  0
|   2|0x0000000084e00000, 0x0000000084f00000, 0x0000000084f00000|100%| O|  |TAMS 0x0000000084e00000| PB 0x0000000084e00000| Untracked |  0
|   3|0x0000000084f00000, 0x0000000085000000, 0x0000000085000000|100%| O|  |TAMS 0x0000000084f00000| PB 0x0000000084f00000| Untracked |  0
|   4|0x0000000085000000, 0x0000000085100000, 0x0000000085100000|100%| O|  |TAMS 0x0000000085000000| PB 0x0000000085000000| Untracked |  0
|   5|0x0000000085100000, 0x0000000085200000, 0x0000000085200000|100%|HS|  |TAMS 0x0000000085100000| PB 0x0000000085100000| Complete |  0
|   6|0x0000000085200000, 0x0000000085300000, 0x0000000085300000|100%|HS|  |TAMS 0x0000000085200000| PB 0x0000000085200000| Complete |  0
|   7|0x0000000085300000, 0x0000000085400000, 0x0000000085400000|100%|HC|  |TAMS 0x0000000085300000| PB 0x0000000085300000| Complete |  0
|   8|0x0000000085400000, 0x0000000085500000, 0x0000000085500000|100%| O|  |TAMS 0x0000000085400000| PB 0x0000000085400000| Untracked |  0
|   9|0x0000000085500000, 0x0000000085600000, 0x0000000085600000|100%| O|  |TAMS 0x0000000085500000| PB 0x0000000085500000| Untracked |  0
|  10|0x0000000085600000, 0x0000000085700000, 0x0000000085700000|100%| O|  |TAMS 0x0000000085600000| PB 0x0000000085600000| Untracked |  0
|  11|0x0000000085700000, 0x0000000085800000, 0x0000000085800000|100%| O|  |TAMS 0x0000000085700000| PB 0x0000000085700000| Untracked |  0
|  12|0x0000000085800000, 0x0000000085900000, 0x0000000085900000|100%| O|  |TAMS 0x0000000085800000| PB 0x0000000085800000| Untracked |  0
|  13|0x0000000085900000, 0x0000000085a00000, 0x0000000085a00000|100%| O|  |TAMS 0x0000000085900000| PB 0x0000000085900000| Untracked |  0
|  14|0x0000000085a00000, 0x0000000085b00000, 0x0000000085b00000|100%| O|  |TAMS 0x0000000085a00000| PB 0x0000000085a00000| Untracked |  0
|  15|0x0000000085b00000, 0x0000000085c00000, 0x0000000085c00000|100%| O|  |TAMS 0x0000000085b00000| PB 0x0000000085b00000| Untracked |  0
|  16|0x0000000085c00000, 0x0000000085d00000, 0x0000000085d00000|100%| O|Cm|TAMS 0x0000000085c00000| PB 0x0000000085c00000| Complete |  0
|  17|0x0000000085d00000, 0x0000000085e00000, 0x0000000085e00000|100%| O|  |TAMS 0x0000000085d00000| PB 0x0000000085d00000| Untracked |  0
|  18|0x0000000085e00000, 0x0000000085f00000, 0x0000000085f00000|100%| O|  |TAMS 0x0000000085e00000| PB 0x0000000085e00000| Untracked |  0
|  19|0x0000000085f00000, 0x0000000086000000, 0x0000000086000000|100%| O|  |TAMS 0x0000000085f00000| PB 0x0000000085f00000| Untracked |  0
|  20|0x0000000086000000, 0x0000000086100000, 0x0000000086100000|100%|HS|  |TAMS 0x0000000086000000| PB 0x0000000086000000| Complete |  0
|  21|0x0000000086100000, 0x0000000086200000, 0x0000000086200000|100%| O|  |TAMS 0x0000000086100000| PB 0x0000000086100000| Untracked |  0
|  22|0x0000000086200000, 0x00000000862fe840, 0x0000000086300000| 99%| O|  |TAMS 0x0000000086200000| PB 0x0000000086200000| Untracked |  0
|  23|0x0000000086300000, 0x0000000086400000, 0x0000000086400000|100%|HS|  |TAMS 0x0000000086300000| PB 0x0000000086300000| Complete |  0
|  24|0x0000000086400000, 0x0000000086500000, 0x0000000086500000|100%|HC|  |TAMS 0x0000000086400000| PB 0x0000000086400000| Complete |  0
|  25|0x0000000086500000, 0x0000000086600000, 0x0000000086600000|100%|HS|  |TAMS 0x0000000086500000| PB 0x0000000086500000| Complete |  0
|  26|0x0000000086600000, 0x0000000086700000, 0x0000000086700000|100%|HS|  |TAMS 0x0000000086600000| PB 0x0000000086600000| Complete |  0
|  27|0x0000000086700000, 0x0000000086800000, 0x0000000086800000|100%|HC|  |TAMS 0x0000000086700000| PB 0x0000000086700000| Complete |  0
|  28|0x0000000086800000, 0x0000000086900000, 0x0000000086900000|100%|HC|  |TAMS 0x0000000086800000| PB 0x0000000086800000| Complete |  0
|  29|0x0000000086900000, 0x0000000086a00000, 0x0000000086a00000|100%|HC|  |TAMS 0x0000000086900000| PB 0x0000000086900000| Complete |  0
|  30|0x0000000086a00000, 0x0000000086b00000, 0x0000000086b00000|100%|HC|  |TAMS 0x0000000086a00000| PB 0x0000000086a00000| Complete |  0
|  31|0x0000000086b00000, 0x0000000086c00000, 0x0000000086c00000|100%| O|  |TAMS 0x0000000086b00000| PB 0x0000000086b00000| Untracked |  0
|  32|0x0000000086c00000, 0x0000000086d00000, 0x0000000086d00000|100%| O|  |TAMS 0x0000000086c00000| PB 0x0000000086c00000| Untracked |  0
|  33|0x0000000086d00000, 0x0000000086e00000, 0x0000000086e00000|100%| O|  |TAMS 0x0000000086d00000| PB 0x0000000086d00000| Untracked |  0
|  34|0x0000000086e00000, 0x0000000086f00000, 0x0000000086f00000|100%| O|  |TAMS 0x0000000086e00000| PB 0x0000000086e00000| Untracked |  0
|  35|0x0000000086f00000, 0x0000000087000000, 0x0000000087000000|100%|HS|  |TAMS 0x0000000086f00000| PB 0x0000000086f00000| Complete |  0
|  36|0x0000000087000000, 0x0000000087100000, 0x0000000087100000|100%|HC|  |TAMS 0x0000000087000000| PB 0x0000000087000000| Complete |  0
|  37|0x0000000087100000, 0x0000000087200000, 0x0000000087200000|100%|HC|  |TAMS 0x0000000087100000| PB 0x0000000087100000| Complete |  0
|  38|0x0000000087200000, 0x0000000087300000, 0x0000000087300000|100%|HC|  |TAMS 0x0000000087200000| PB 0x0000000087200000| Complete |  0
|  39|0x0000000087300000, 0x0000000087400000, 0x0000000087400000|100%|HC|  |TAMS 0x0000000087300000| PB 0x0000000087300000| Complete |  0
|  40|0x0000000087400000, 0x0000000087500000, 0x0000000087500000|100%|HS|  |TAMS 0x0000000087400000| PB 0x0000000087400000| Complete |  0
|  41|0x0000000087500000, 0x0000000087600000, 0x0000000087600000|100%|HC|  |TAMS 0x0000000087500000| PB 0x0000000087500000| Complete |  0
|  42|0x0000000087600000, 0x0000000087700000, 0x0000000087700000|100%|HC|  |TAMS 0x0000000087600000| PB 0x0000000087600000| Complete |  0
|  43|0x0000000087700000, 0x0000000087800000, 0x0000000087800000|100%|HC|  |TAMS 0x0000000087700000| PB 0x0000000087700000| Complete |  0
|  44|0x0000000087800000, 0x0000000087900000, 0x0000000087900000|100%|HC|  |TAMS 0x0000000087800000| PB 0x0000000087800000| Complete |  0
|  45|0x0000000087900000, 0x0000000087900000, 0x0000000087a00000|  0%| F|  |TAMS 0x0000000087900000| PB 0x0000000087900000| Untracked |  0
|  46|0x0000000087a00000, 0x0000000087a00000, 0x0000000087b00000|  0%| F|  |TAMS 0x0000000087a00000| PB 0x0000000087a00000| Untracked |  0
|  47|0x0000000087b00000, 0x0000000087b00000, 0x0000000087c00000|  0%| F|  |TAMS 0x0000000087b00000| PB 0x0000000087b00000| Untracked |  0
|  48|0x0000000087c00000, 0x0000000087c00000, 0x0000000087d00000|  0%| F|  |TAMS 0x0000000087c00000| PB 0x0000000087c00000| Untracked |  0
|  49|0x0000000087d00000, 0x0000000087d00000, 0x0000000087e00000|  0%| F|  |TAMS 0x0000000087d00000| PB 0x0000000087d00000| Untracked |  0
|  50|0x0000000087e00000, 0x0000000087e00000, 0x0000000087f00000|  0%| F|  |TAMS 0x0000000087e00000| PB 0x0000000087e00000| Untracked |  0
|  51|0x0000000087f00000, 0x0000000087f00000, 0x0000000088000000|  0%| F|  |TAMS 0x0000000087f00000| PB 0x0000000087f00000| Untracked |  0
|  52|0x0000000088000000, 0x0000000088000000, 0x0000000088100000|  0%| F|  |TAMS 0x0000000088000000| PB 0x0000000088000000| Untracked |  0
|  53|0x0000000088100000, 0x0000000088100000, 0x0000000088200000|  0%| F|  |TAMS 0x0000000088100000| PB 0x0000000088100000| Untracked |  0
|  54|0x0000000088200000, 0x0000000088200000, 0x0000000088300000|  0%| F|  |TAMS 0x0000000088200000| PB 0x0000000088200000| Untracked |  0
|  55|0x0000000088300000, 0x0000000088300000, 0x0000000088400000|  0%| F|  |TAMS 0x0000000088300000| PB 0x0000000088300000| Untracked |  0
|  56|0x0000000088400000, 0x0000000088400000, 0x0000000088500000|  0%| F|  |TAMS 0x0000000088400000| PB 0x0000000088400000| Untracked |  0
|  57|0x0000000088500000, 0x0000000088500000, 0x0000000088600000|  0%| F|  |TAMS 0x0000000088500000| PB 0x0000000088500000| Untracked |  0
|  58|0x0000000088600000, 0x0000000088700000, 0x0000000088700000|100%|HS|  |TAMS 0x0000000088600000| PB 0x0000000088600000| Complete |  0
|  59|0x0000000088700000, 0x0000000088800000, 0x0000000088800000|100%|HS|  |TAMS 0x0000000088700000| PB 0x0000000088700000| Complete |  0
|  60|0x0000000088800000, 0x0000000088800000, 0x0000000088900000|  0%| F|  |TAMS 0x0000000088800000| PB 0x0000000088800000| Untracked |  0
|  61|0x0000000088900000, 0x0000000088900000, 0x0000000088a00000|  0%| F|  |TAMS 0x0000000088900000| PB 0x0000000088900000| Untracked |  0
|  62|0x0000000088a00000, 0x0000000088a00000, 0x0000000088b00000|  0%| F|  |TAMS 0x0000000088a00000| PB 0x0000000088a00000| Untracked |  0
|  63|0x0000000088b00000, 0x0000000088b00000, 0x0000000088c00000|  0%| F|  |TAMS 0x0000000088b00000| PB 0x0000000088b00000| Untracked |  0
|  64|0x0000000088c00000, 0x0000000088c00000, 0x0000000088d00000|  0%| F|  |TAMS 0x0000000088c00000| PB 0x0000000088c00000| Untracked |  0
|  65|0x0000000088d00000, 0x0000000088d00000, 0x0000000088e00000|  0%| F|  |TAMS 0x0000000088d00000| PB 0x0000000088d00000| Untracked |  0
|  66|0x0000000088e00000, 0x0000000088e00000, 0x0000000088f00000|  0%| F|  |TAMS 0x0000000088e00000| PB 0x0000000088e00000| Untracked |  0
|  67|0x0000000088f00000, 0x0000000088f00000, 0x0000000089000000|  0%| F|  |TAMS 0x0000000088f00000| PB 0x0000000088f00000| Untracked |  0
|  68|0x0000000089000000, 0x0000000089000000, 0x0000000089100000|  0%| F|  |TAMS 0x0000000089000000| PB 0x0000000089000000| Untracked |  0
|  69|0x0000000089100000, 0x0000000089100000, 0x0000000089200000|  0%| F|  |TAMS 0x0000000089100000| PB 0x0000000089100000| Untracked |  0
|  70|0x0000000089200000, 0x0000000089200000, 0x0000000089300000|  0%| F|  |TAMS 0x0000000089200000| PB 0x0000000089200000| Untracked |  0
|  71|0x0000000089300000, 0x0000000089300000, 0x0000000089400000|  0%| F|  |TAMS 0x0000000089300000| PB 0x0000000089300000| Untracked |  0
|  72|0x0000000089400000, 0x0000000089400000, 0x0000000089500000|  0%| F|  |TAMS 0x0000000089400000| PB 0x0000000089400000| Untracked |  0
|  73|0x0000000089500000, 0x0000000089500000, 0x0000000089600000|  0%| F|  |TAMS 0x0000000089500000| PB 0x0000000089500000| Untracked |  0
|  74|0x0000000089600000, 0x0000000089600000, 0x0000000089700000|  0%| F|  |TAMS 0x0000000089600000| PB 0x0000000089600000| Untracked |  0
|  75|0x0000000089700000, 0x0000000089700000, 0x0000000089800000|  0%| F|  |TAMS 0x0000000089700000| PB 0x0000000089700000| Untracked |  0
|  76|0x0000000089800000, 0x0000000089900000, 0x0000000089900000|100%|HS|  |TAMS 0x0000000089800000| PB 0x0000000089800000| Complete |  0
|  77|0x0000000089900000, 0x0000000089a00000, 0x0000000089a00000|100%|HC|  |TAMS 0x0000000089900000| PB 0x0000000089900000| Complete |  0
|  78|0x0000000089a00000, 0x0000000089b00000, 0x0000000089b00000|100%|HC|  |TAMS 0x0000000089a00000| PB 0x0000000089a00000| Complete |  0
|  79|0x0000000089b00000, 0x0000000089c00000, 0x0000000089c00000|100%|HC|  |TAMS 0x0000000089b00000| PB 0x0000000089b00000| Complete |  0
|  80|0x0000000089c00000, 0x0000000089d00000, 0x0000000089d00000|100%|HC|  |TAMS 0x0000000089c00000| PB 0x0000000089c00000| Complete |  0
|  81|0x0000000089d00000, 0x0000000089e00000, 0x0000000089e00000|100%|HC|  |TAMS 0x0000000089d00000| PB 0x0000000089d00000| Complete |  0
|  82|0x0000000089e00000, 0x0000000089f00000, 0x0000000089f00000|100%|HC|  |TAMS 0x0000000089e00000| PB 0x0000000089e00000| Complete |  0
|  83|0x0000000089f00000, 0x000000008a000000, 0x000000008a000000|100%|HC|  |TAMS 0x0000000089f00000| PB 0x0000000089f00000| Complete |  0
|  84|0x000000008a000000, 0x000000008a100000, 0x000000008a100000|100%|HC|  |TAMS 0x000000008a000000| PB 0x000000008a000000| Complete |  0
|  85|0x000000008a100000, 0x000000008a200000, 0x000000008a200000|100%|HC|  |TAMS 0x000000008a100000| PB 0x000000008a100000| Complete |  0
|  86|0x000000008a200000, 0x000000008a300000, 0x000000008a300000|100%|HC|  |TAMS 0x000000008a200000| PB 0x000000008a200000| Complete |  0
|  87|0x000000008a300000, 0x000000008a400000, 0x000000008a400000|100%|HC|  |TAMS 0x000000008a300000| PB 0x000000008a300000| Complete |  0
|  88|0x000000008a400000, 0x000000008a500000, 0x000000008a500000|100%|HC|  |TAMS 0x000000008a400000| PB 0x000000008a400000| Complete |  0
|  89|0x000000008a500000, 0x000000008a600000, 0x000000008a600000|100%|HC|  |TAMS 0x000000008a500000| PB 0x000000008a500000| Complete |  0
|  90|0x000000008a600000, 0x000000008a700000, 0x000000008a700000|100%|HC|  |TAMS 0x000000008a600000| PB 0x000000008a600000| Complete |  0
|  91|0x000000008a700000, 0x000000008a800000, 0x000000008a800000|100%|HC|  |TAMS 0x000000008a700000| PB 0x000000008a700000| Complete |  0
|  92|0x000000008a800000, 0x000000008a900000, 0x000000008a900000|100%|HC|  |TAMS 0x000000008a800000| PB 0x000000008a800000| Complete |  0
|  93|0x000000008a900000, 0x000000008aa00000, 0x000000008aa00000|100%|HC|  |TAMS 0x000000008a900000| PB 0x000000008a900000| Complete |  0
|  94|0x000000008aa00000, 0x000000008ab00000, 0x000000008ab00000|100%|HC|  |TAMS 0x000000008aa00000| PB 0x000000008aa00000| Complete |  0
|  95|0x000000008ab00000, 0x000000008ac00000, 0x000000008ac00000|100%|HC|  |TAMS 0x000000008ab00000| PB 0x000000008ab00000| Complete |  0
|  96|0x000000008ac00000, 0x000000008ad00000, 0x000000008ad00000|100%|HC|  |TAMS 0x000000008ac00000| PB 0x000000008ac00000| Complete |  0
|  97|0x000000008ad00000, 0x000000008ae00000, 0x000000008ae00000|100%|HC|  |TAMS 0x000000008ad00000| PB 0x000000008ad00000| Complete |  0
|  98|0x000000008ae00000, 0x000000008af00000, 0x000000008af00000|100%|HC|  |TAMS 0x000000008ae00000| PB 0x000000008ae00000| Complete |  0
|  99|0x000000008af00000, 0x000000008b000000, 0x000000008b000000|100%|HC|  |TAMS 0x000000008af00000| PB 0x000000008af00000| Complete |  0
| 100|0x000000008b000000, 0x000000008b100000, 0x000000008b100000|100%|HC|  |TAMS 0x000000008b000000| PB 0x000000008b000000| Complete |  0
| 101|0x000000008b100000, 0x000000008b200000, 0x000000008b200000|100%|HC|  |TAMS 0x000000008b100000| PB 0x000000008b100000| Complete |  0
| 102|0x000000008b200000, 0x000000008b300000, 0x000000008b300000|100%|HC|  |TAMS 0x000000008b200000| PB 0x000000008b200000| Complete |  0
| 103|0x000000008b300000, 0x000000008b400000, 0x000000008b400000|100%|HC|  |TAMS 0x000000008b300000| PB 0x000000008b300000| Complete |  0
| 104|0x000000008b400000, 0x000000008b500000, 0x000000008b500000|100%|HC|  |TAMS 0x000000008b400000| PB 0x000000008b400000| Complete |  0
| 105|0x000000008b500000, 0x000000008b600000, 0x000000008b600000|100%|HC|  |TAMS 0x000000008b500000| PB 0x000000008b500000| Complete |  0
| 106|0x000000008b600000, 0x000000008b700000, 0x000000008b700000|100%|HC|  |TAMS 0x000000008b600000| PB 0x000000008b600000| Complete |  0
| 107|0x000000008b700000, 0x000000008b800000, 0x000000008b800000|100%|HC|  |TAMS 0x000000008b700000| PB 0x000000008b700000| Complete |  0
| 108|0x000000008b800000, 0x000000008b900000, 0x000000008b900000|100%|HC|  |TAMS 0x000000008b800000| PB 0x000000008b800000| Complete |  0
| 109|0x000000008b900000, 0x000000008ba00000, 0x000000008ba00000|100%|HC|  |TAMS 0x000000008b900000| PB 0x000000008b900000| Complete |  0
| 110|0x000000008ba00000, 0x000000008bb00000, 0x000000008bb00000|100%|HC|  |TAMS 0x000000008ba00000| PB 0x000000008ba00000| Complete |  0
| 111|0x000000008bb00000, 0x000000008bc00000, 0x000000008bc00000|100%|HC|  |TAMS 0x000000008bb00000| PB 0x000000008bb00000| Complete |  0
| 112|0x000000008bc00000, 0x000000008bd00000, 0x000000008bd00000|100%|HC|  |TAMS 0x000000008bc00000| PB 0x000000008bc00000| Complete |  0
| 113|0x000000008bd00000, 0x000000008be00000, 0x000000008be00000|100%|HC|  |TAMS 0x000000008bd00000| PB 0x000000008bd00000| Complete |  0
| 114|0x000000008be00000, 0x000000008bf00000, 0x000000008bf00000|100%|HC|  |TAMS 0x000000008be00000| PB 0x000000008be00000| Complete |  0
| 115|0x000000008bf00000, 0x000000008c000000, 0x000000008c000000|100%|HC|  |TAMS 0x000000008bf00000| PB 0x000000008bf00000| Complete |  0
| 116|0x000000008c000000, 0x000000008c100000, 0x000000008c100000|100%| S|CS|TAMS 0x000000008c000000| PB 0x000000008c000000| Complete |  0
| 117|0x000000008c100000, 0x000000008c200000, 0x000000008c200000|100%| S|CS|TAMS 0x000000008c100000| PB 0x000000008c100000| Complete |  0
| 118|0x000000008c200000, 0x000000008c300000, 0x000000008c300000|100%| S|CS|TAMS 0x000000008c200000| PB 0x000000008c200000| Complete |  0
| 119|0x000000008c300000, 0x000000008c300000, 0x000000008c400000|  0%| F|  |TAMS 0x000000008c300000| PB 0x000000008c300000| Untracked |  0
| 120|0x000000008c400000, 0x000000008c400000, 0x000000008c500000|  0%| F|  |TAMS 0x000000008c400000| PB 0x000000008c400000| Untracked |  0
| 121|0x000000008c500000, 0x000000008c5aef30, 0x000000008c600000| 68%| S|CS|TAMS 0x000000008c500000| PB 0x000000008c500000| Complete |  0
| 123|0x000000008c700000, 0x000000008c700000, 0x000000008c800000|  0%| F|  |TAMS 0x000000008c700000| PB 0x000000008c700000| Untracked |  0
| 124|0x000000008c800000, 0x000000008c900000, 0x000000008c900000|100%|HS|  |TAMS 0x000000008c800000| PB 0x000000008c800000| Complete |  0
| 125|0x000000008c900000, 0x000000008ca00000, 0x000000008ca00000|100%|HC|  |TAMS 0x000000008c900000| PB 0x000000008c900000| Complete |  0
| 126|0x000000008ca00000, 0x000000008cb00000, 0x000000008cb00000|100%|HC|  |TAMS 0x000000008ca00000| PB 0x000000008ca00000| Complete |  0
| 127|0x000000008cb00000, 0x000000008cc00000, 0x000000008cc00000|100%|HC|  |TAMS 0x000000008cb00000| PB 0x000000008cb00000| Complete |  0
| 128|0x000000008cc00000, 0x000000008cd00000, 0x000000008cd00000|100%|HC|  |TAMS 0x000000008cc00000| PB 0x000000008cc00000| Complete |  0
| 129|0x000000008cd00000, 0x000000008ce00000, 0x000000008ce00000|100%|HC|  |TAMS 0x000000008cd00000| PB 0x000000008cd00000| Complete |  0
| 130|0x000000008ce00000, 0x000000008cf00000, 0x000000008cf00000|100%|HC|  |TAMS 0x000000008ce00000| PB 0x000000008ce00000| Complete |  0
| 131|0x000000008cf00000, 0x000000008d000000, 0x000000008d000000|100%|HC|  |TAMS 0x000000008cf00000| PB 0x000000008cf00000| Complete |  0
| 132|0x000000008d000000, 0x000000008d100000, 0x000000008d100000|100%|HC|  |TAMS 0x000000008d000000| PB 0x000000008d000000| Complete |  0
| 133|0x000000008d100000, 0x000000008d200000, 0x000000008d200000|100%|HC|  |TAMS 0x000000008d100000| PB 0x000000008d100000| Complete |  0
| 134|0x000000008d200000, 0x000000008d300000, 0x000000008d300000|100%|HC|  |TAMS 0x000000008d200000| PB 0x000000008d200000| Complete |  0
| 135|0x000000008d300000, 0x000000008d400000, 0x000000008d400000|100%|HC|  |TAMS 0x000000008d300000| PB 0x000000008d300000| Complete |  0
| 136|0x000000008d400000, 0x000000008d500000, 0x000000008d500000|100%|HC|  |TAMS 0x000000008d400000| PB 0x000000008d400000| Complete |  0
| 137|0x000000008d500000, 0x000000008d600000, 0x000000008d600000|100%|HC|  |TAMS 0x000000008d500000| PB 0x000000008d500000| Complete |  0
| 138|0x000000008d600000, 0x000000008d700000, 0x000000008d700000|100%|HC|  |TAMS 0x000000008d600000| PB 0x000000008d600000| Complete |  0
| 139|0x000000008d700000, 0x000000008d800000, 0x000000008d800000|100%|HC|  |TAMS 0x000000008d700000| PB 0x000000008d700000| Complete |  0
| 140|0x000000008d800000, 0x000000008d900000, 0x000000008d900000|100%|HC|  |TAMS 0x000000008d800000| PB 0x000000008d800000| Complete |  0
| 141|0x000000008d900000, 0x000000008da00000, 0x000000008da00000|100%|HC|  |TAMS 0x000000008d900000| PB 0x000000008d900000| Complete |  0
| 142|0x000000008da00000, 0x000000008db00000, 0x000000008db00000|100%|HC|  |TAMS 0x000000008da00000| PB 0x000000008da00000| Complete |  0
| 143|0x000000008db00000, 0x000000008dc00000, 0x000000008dc00000|100%|HC|  |TAMS 0x000000008db00000| PB 0x000000008db00000| Complete |  0
| 144|0x000000008dc00000, 0x000000008dd00000, 0x000000008dd00000|100%|HC|  |TAMS 0x000000008dc00000| PB 0x000000008dc00000| Complete |  0
| 145|0x000000008dd00000, 0x000000008de00000, 0x000000008de00000|100%|HC|  |TAMS 0x000000008dd00000| PB 0x000000008dd00000| Complete |  0
| 146|0x000000008de00000, 0x000000008df00000, 0x000000008df00000|100%|HC|  |TAMS 0x000000008de00000| PB 0x000000008de00000| Complete |  0
| 147|0x000000008df00000, 0x000000008e000000, 0x000000008e000000|100%|HC|  |TAMS 0x000000008df00000| PB 0x000000008df00000| Complete |  0
| 148|0x000000008e000000, 0x000000008e100000, 0x000000008e100000|100%|HC|  |TAMS 0x000000008e000000| PB 0x000000008e000000| Complete |  0
| 149|0x000000008e100000, 0x000000008e200000, 0x000000008e200000|100%|HC|  |TAMS 0x000000008e100000| PB 0x000000008e100000| Complete |  0
| 150|0x000000008e200000, 0x000000008e300000, 0x000000008e300000|100%|HC|  |TAMS 0x000000008e200000| PB 0x000000008e200000| Complete |  0
| 151|0x000000008e300000, 0x000000008e400000, 0x000000008e400000|100%|HC|  |TAMS 0x000000008e300000| PB 0x000000008e300000| Complete |  0
| 152|0x000000008e400000, 0x000000008e500000, 0x000000008e500000|100%|HC|  |TAMS 0x000000008e400000| PB 0x000000008e400000| Complete |  0
| 153|0x000000008e500000, 0x000000008e600000, 0x000000008e600000|100%|HC|  |TAMS 0x000000008e500000| PB 0x000000008e500000| Complete |  0
| 154|0x000000008e600000, 0x000000008e700000, 0x000000008e700000|100%|HC|  |TAMS 0x000000008e600000| PB 0x000000008e600000| Complete |  0
| 155|0x000000008e700000, 0x000000008e800000, 0x000000008e800000|100%|HC|  |TAMS 0x000000008e700000| PB 0x000000008e700000| Complete |  0
| 156|0x000000008e800000, 0x000000008e900000, 0x000000008e900000|100%|HC|  |TAMS 0x000000008e800000| PB 0x000000008e800000| Complete |  0
| 157|0x000000008e900000, 0x000000008ea00000, 0x000000008ea00000|100%|HC|  |TAMS 0x000000008e900000| PB 0x000000008e900000| Complete |  0
| 158|0x000000008ea00000, 0x000000008eb00000, 0x000000008eb00000|100%|HC|  |TAMS 0x000000008ea00000| PB 0x000000008ea00000| Complete |  0
| 159|0x000000008eb00000, 0x000000008ec00000, 0x000000008ec00000|100%|HC|  |TAMS 0x000000008eb00000| PB 0x000000008eb00000| Complete |  0
| 160|0x000000008ec00000, 0x000000008ed00000, 0x000000008ed00000|100%|HC|  |TAMS 0x000000008ec00000| PB 0x000000008ec00000| Complete |  0
| 161|0x000000008ed00000, 0x000000008ee00000, 0x000000008ee00000|100%|HC|  |TAMS 0x000000008ed00000| PB 0x000000008ed00000| Complete |  0
| 162|0x000000008ee00000, 0x000000008ef00000, 0x000000008ef00000|100%|HC|  |TAMS 0x000000008ee00000| PB 0x000000008ee00000| Complete |  0
| 163|0x000000008ef00000, 0x000000008f000000, 0x000000008f000000|100%|HC|  |TAMS 0x000000008ef00000| PB 0x000000008ef00000| Complete |  0
| 164|0x000000008f000000, 0x000000008f100000, 0x000000008f100000|100%|HC|  |TAMS 0x000000008f000000| PB 0x000000008f000000| Complete |  0
| 165|0x000000008f100000, 0x000000008f200000, 0x000000008f200000|100%|HC|  |TAMS 0x000000008f100000| PB 0x000000008f100000| Complete |  0
| 166|0x000000008f200000, 0x000000008f300000, 0x000000008f300000|100%|HC|  |TAMS 0x000000008f200000| PB 0x000000008f200000| Complete |  0
| 167|0x000000008f300000, 0x000000008f400000, 0x000000008f400000|100%|HC|  |TAMS 0x000000008f300000| PB 0x000000008f300000| Complete |  0
| 168|0x000000008f400000, 0x000000008f500000, 0x000000008f500000|100%|HC|  |TAMS 0x000000008f400000| PB 0x000000008f400000| Complete |  0
| 169|0x000000008f500000, 0x000000008f600000, 0x000000008f600000|100%|HC|  |TAMS 0x000000008f500000| PB 0x000000008f500000| Complete |  0
| 170|0x000000008f600000, 0x000000008f700000, 0x000000008f700000|100%|HC|  |TAMS 0x000000008f600000| PB 0x000000008f600000| Complete |  0
| 171|0x000000008f700000, 0x000000008f800000, 0x000000008f800000|100%|HC|  |TAMS 0x000000008f700000| PB 0x000000008f700000| Complete |  0
| 172|0x000000008f800000, 0x000000008f900000, 0x000000008f900000|100%|HC|  |TAMS 0x000000008f800000| PB 0x000000008f800000| Complete |  0
| 173|0x000000008f900000, 0x000000008fa00000, 0x000000008fa00000|100%|HC|  |TAMS 0x000000008f900000| PB 0x000000008f900000| Complete |  0
| 174|0x000000008fa00000, 0x000000008fb00000, 0x000000008fb00000|100%|HC|  |TAMS 0x000000008fa00000| PB 0x000000008fa00000| Complete |  0
| 175|0x000000008fb00000, 0x000000008fc00000, 0x000000008fc00000|100%|HC|  |TAMS 0x000000008fb00000| PB 0x000000008fb00000| Complete |  0
| 176|0x000000008fc00000, 0x000000008fd00000, 0x000000008fd00000|100%|HC|  |TAMS 0x000000008fc00000| PB 0x000000008fc00000| Complete |  0
| 177|0x000000008fd00000, 0x000000008fe00000, 0x000000008fe00000|100%|HC|  |TAMS 0x000000008fd00000| PB 0x000000008fd00000| Complete |  0
| 178|0x000000008fe00000, 0x000000008ff00000, 0x000000008ff00000|100%|HC|  |TAMS 0x000000008fe00000| PB 0x000000008fe00000| Complete |  0
| 179|0x000000008ff00000, 0x0000000090000000, 0x0000000090000000|100%|HC|  |TAMS 0x000000008ff00000| PB 0x000000008ff00000| Complete |  0
| 180|0x0000000090000000, 0x0000000090100000, 0x0000000090100000|100%|HC|  |TAMS 0x0000000090000000| PB 0x0000000090000000| Complete |  0
| 181|0x0000000090100000, 0x0000000090200000, 0x0000000090200000|100%|HC|  |TAMS 0x0000000090100000| PB 0x0000000090100000| Complete |  0
| 182|0x0000000090200000, 0x0000000090300000, 0x0000000090300000|100%|HC|  |TAMS 0x0000000090200000| PB 0x0000000090200000| Complete |  0
| 183|0x0000000090300000, 0x0000000090400000, 0x0000000090400000|100%|HC|  |TAMS 0x0000000090300000| PB 0x0000000090300000| Complete |  0
| 184|0x0000000090400000, 0x0000000090500000, 0x0000000090500000|100%|HC|  |TAMS 0x0000000090400000| PB 0x0000000090400000| Complete |  0
| 185|0x0000000090500000, 0x0000000090600000, 0x0000000090600000|100%|HC|  |TAMS 0x0000000090500000| PB 0x0000000090500000| Complete |  0
| 186|0x0000000090600000, 0x0000000090700000, 0x0000000090700000|100%|HC|  |TAMS 0x0000000090600000| PB 0x0000000090600000| Complete |  0
| 187|0x0000000090700000, 0x0000000090800000, 0x0000000090800000|100%|HC|  |TAMS 0x0000000090700000| PB 0x0000000090700000| Complete |  0
| 188|0x0000000090800000, 0x0000000090900000, 0x0000000090900000|100%|HC|  |TAMS 0x0000000090800000| PB 0x0000000090800000| Complete |  0
| 189|0x0000000090900000, 0x0000000090a00000, 0x0000000090a00000|100%|HC|  |TAMS 0x0000000090900000| PB 0x0000000090900000| Complete |  0
| 190|0x0000000090a00000, 0x0000000090b00000, 0x0000000090b00000|100%|HC|  |TAMS 0x0000000090a00000| PB 0x0000000090a00000| Complete |  0
| 191|0x0000000090b00000, 0x0000000090c00000, 0x0000000090c00000|100%|HC|  |TAMS 0x0000000090b00000| PB 0x0000000090b00000| Complete |  0
| 192|0x0000000090c00000, 0x0000000090d00000, 0x0000000090d00000|100%|HC|  |TAMS 0x0000000090c00000| PB 0x0000000090c00000| Complete |  0
| 193|0x0000000090d00000, 0x0000000090d00000, 0x0000000090e00000|  0%| F|  |TAMS 0x0000000090d00000| PB 0x0000000090d00000| Untracked |  0
| 194|0x0000000090e00000, 0x0000000090e00000, 0x0000000090f00000|  0%| F|  |TAMS 0x0000000090e00000| PB 0x0000000090e00000| Untracked |  0
| 195|0x0000000090f00000, 0x0000000090f00000, 0x0000000091000000|  0%| F|  |TAMS 0x0000000090f00000| PB 0x0000000090f00000| Untracked |  0
| 196|0x0000000091000000, 0x000000009101a660, 0x0000000091100000| 10%| E|  |TAMS 0x0000000091000000| PB 0x0000000091000000| Complete |  0
| 197|0x0000000091100000, 0x0000000091200000, 0x0000000091200000|100%| E|CS|TAMS 0x0000000091100000| PB 0x0000000091100000| Complete |  1
| 198|0x0000000091200000, 0x0000000091300000, 0x0000000091300000|100%|HS|  |TAMS 0x0000000091200000| PB 0x0000000091200000| Complete |  0
| 199|0x0000000091300000, 0x0000000091400000, 0x0000000091400000|100%|HC|  |TAMS 0x0000000091300000| PB 0x0000000091300000| Complete |  0
| 200|0x0000000091400000, 0x0000000091500000, 0x0000000091500000|100%|HC|  |TAMS 0x0000000091400000| PB 0x0000000091400000| Complete |  0
| 201|0x0000000091500000, 0x0000000091600000, 0x0000000091600000|100%|HC|  |TAMS 0x0000000091500000| PB 0x0000000091500000| Complete |  0
| 202|0x0000000091600000, 0x0000000091700000, 0x0000000091700000|100%|HC|  |TAMS 0x0000000091600000| PB 0x0000000091600000| Complete |  0
| 203|0x0000000091700000, 0x0000000091800000, 0x0000000091800000|100%|HC|  |TAMS 0x0000000091700000| PB 0x0000000091700000| Complete |  0
| 204|0x0000000091800000, 0x0000000091900000, 0x0000000091900000|100%|HC|  |TAMS 0x0000000091800000| PB 0x0000000091800000| Complete |  0
| 205|0x0000000091900000, 0x0000000091a00000, 0x0000000091a00000|100%|HC|  |TAMS 0x0000000091900000| PB 0x0000000091900000| Complete |  0
| 206|0x0000000091a00000, 0x0000000091b00000, 0x0000000091b00000|100%|HC|  |TAMS 0x0000000091a00000| PB 0x0000000091a00000| Complete |  0
| 207|0x0000000091b00000, 0x0000000091c00000, 0x0000000091c00000|100%|HC|  |TAMS 0x0000000091b00000| PB 0x0000000091b00000| Complete |  0
| 208|0x0000000091c00000, 0x0000000091d00000, 0x0000000091d00000|100%|HC|  |TAMS 0x0000000091c00000| PB 0x0000000091c00000| Complete |  0
| 209|0x0000000091d00000, 0x0000000091e00000, 0x0000000091e00000|100%|HC|  |TAMS 0x0000000091d00000| PB 0x0000000091d00000| Complete |  0
| 210|0x0000000091e00000, 0x0000000091f00000, 0x0000000091f00000|100%|HC|  |TAMS 0x0000000091e00000| PB 0x0000000091e00000| Complete |  0
| 211|0x0000000091f00000, 0x0000000092000000, 0x0000000092000000|100%|HC|  |TAMS 0x0000000091f00000| PB 0x0000000091f00000| Complete |  0
| 212|0x0000000092000000, 0x0000000092100000, 0x0000000092100000|100%|HC|  |TAMS 0x0000000092000000| PB 0x0000000092000000| Complete |  0
| 213|0x0000000092100000, 0x0000000092200000, 0x0000000092200000|100%|HC|  |TAMS 0x0000000092100000| PB 0x0000000092100000| Complete |  0
| 214|0x0000000092200000, 0x0000000092300000, 0x0000000092300000|100%|HC|  |TAMS 0x0000000092200000| PB 0x0000000092200000| Complete |  0
| 215|0x0000000092300000, 0x0000000092400000, 0x0000000092400000|100%|HC|  |TAMS 0x0000000092300000| PB 0x0000000092300000| Complete |  0
| 216|0x0000000092400000, 0x0000000092500000, 0x0000000092500000|100%|HC|  |TAMS 0x0000000092400000| PB 0x0000000092400000| Complete |  0
| 217|0x0000000092500000, 0x0000000092600000, 0x0000000092600000|100%|HC|  |TAMS 0x0000000092500000| PB 0x0000000092500000| Complete |  0
| 218|0x0000000092600000, 0x0000000092700000, 0x0000000092700000|100%|HC|  |TAMS 0x0000000092600000| PB 0x0000000092600000| Complete |  0
| 219|0x0000000092700000, 0x0000000092800000, 0x0000000092800000|100%|HC|  |TAMS 0x0000000092700000| PB 0x0000000092700000| Complete |  0
| 220|0x0000000092800000, 0x0000000092900000, 0x0000000092900000|100%|HC|  |TAMS 0x0000000092800000| PB 0x0000000092800000| Complete |  0
| 221|0x0000000092900000, 0x0000000092a00000, 0x0000000092a00000|100%|HC|  |TAMS 0x0000000092900000| PB 0x0000000092900000| Complete |  0
| 222|0x0000000092a00000, 0x0000000092b00000, 0x0000000092b00000|100%|HC|  |TAMS 0x0000000092a00000| PB 0x0000000092a00000| Complete |  0
| 223|0x0000000092b00000, 0x0000000092c00000, 0x0000000092c00000|100%|HC|  |TAMS 0x0000000092b00000| PB 0x0000000092b00000| Complete |  0
| 224|0x0000000092c00000, 0x0000000092d00000, 0x0000000092d00000|100%|HC|  |TAMS 0x0000000092c00000| PB 0x0000000092c00000| Complete |  0
| 225|0x0000000092d00000, 0x0000000092e00000, 0x0000000092e00000|100%|HC|  |TAMS 0x0000000092d00000| PB 0x0000000092d00000| Complete |  0
| 226|0x0000000092e00000, 0x0000000092f00000, 0x0000000092f00000|100%|HC|  |TAMS 0x0000000092e00000| PB 0x0000000092e00000| Complete |  0
| 227|0x0000000092f00000, 0x0000000093000000, 0x0000000093000000|100%|HC|  |TAMS 0x0000000092f00000| PB 0x0000000092f00000| Complete |  0
| 228|0x0000000093000000, 0x0000000093100000, 0x0000000093100000|100%|HC|  |TAMS 0x0000000093000000| PB 0x0000000093000000| Complete |  0
| 229|0x0000000093100000, 0x0000000093200000, 0x0000000093200000|100%|HC|  |TAMS 0x0000000093100000| PB 0x0000000093100000| Complete |  0
| 230|0x0000000093200000, 0x0000000093300000, 0x0000000093300000|100%|HC|  |TAMS 0x0000000093200000| PB 0x0000000093200000| Complete |  0
| 231|0x0000000093300000, 0x0000000093400000, 0x0000000093400000|100%|HC|  |TAMS 0x0000000093300000| PB 0x0000000093300000| Complete |  0
| 232|0x0000000093400000, 0x0000000093500000, 0x0000000093500000|100%|HC|  |TAMS 0x0000000093400000| PB 0x0000000093400000| Complete |  0
| 233|0x0000000093500000, 0x0000000093600000, 0x0000000093600000|100%|HC|  |TAMS 0x0000000093500000| PB 0x0000000093500000| Complete |  0
| 234|0x0000000093600000, 0x0000000093700000, 0x0000000093700000|100%|HC|  |TAMS 0x0000000093600000| PB 0x0000000093600000| Complete |  0
| 235|0x0000000093700000, 0x0000000093800000, 0x0000000093800000|100%|HC|  |TAMS 0x0000000093700000| PB 0x0000000093700000| Complete |  0
| 236|0x0000000093800000, 0x0000000093900000, 0x0000000093900000|100%|HC|  |TAMS 0x0000000093800000| PB 0x0000000093800000| Complete |  0
| 237|0x0000000093900000, 0x0000000093a00000, 0x0000000093a00000|100%|HC|  |TAMS 0x0000000093900000| PB 0x0000000093900000| Complete |  0
| 238|0x0000000093a00000, 0x0000000093b00000, 0x0000000093b00000|100%|HC|  |TAMS 0x0000000093a00000| PB 0x0000000093a00000| Complete |  0
| 239|0x0000000093b00000, 0x0000000093c00000, 0x0000000093c00000|100%|HC|  |TAMS 0x0000000093b00000| PB 0x0000000093b00000| Complete |  0
| 240|0x0000000093c00000, 0x0000000093d00000, 0x0000000093d00000|100%|HC|  |TAMS 0x0000000093c00000| PB 0x0000000093c00000| Complete |  0
| 241|0x0000000093d00000, 0x0000000093e00000, 0x0000000093e00000|100%|HC|  |TAMS 0x0000000093d00000| PB 0x0000000093d00000| Complete |  0
| 242|0x0000000093e00000, 0x0000000093f00000, 0x0000000093f00000|100%|HC|  |TAMS 0x0000000093e00000| PB 0x0000000093e00000| Complete |  0
| 243|0x0000000093f00000, 0x0000000094000000, 0x0000000094000000|100%|HC|  |TAMS 0x0000000093f00000| PB 0x0000000093f00000| Complete |  0
| 244|0x0000000094000000, 0x0000000094100000, 0x0000000094100000|100%|HC|  |TAMS 0x0000000094000000| PB 0x0000000094000000| Complete |  0
| 245|0x0000000094100000, 0x0000000094200000, 0x0000000094200000|100%|HC|  |TAMS 0x0000000094100000| PB 0x0000000094100000| Complete |  0
| 246|0x0000000094200000, 0x0000000094300000, 0x0000000094300000|100%|HC|  |TAMS 0x0000000094200000| PB 0x0000000094200000| Complete |  0
| 247|0x0000000094300000, 0x0000000094400000, 0x0000000094400000|100%|HC|  |TAMS 0x0000000094300000| PB 0x0000000094300000| Complete |  0
| 248|0x0000000094400000, 0x0000000094500000, 0x0000000094500000|100%|HC|  |TAMS 0x0000000094400000| PB 0x0000000094400000| Complete |  0
| 249|0x0000000094500000, 0x0000000094600000, 0x0000000094600000|100%|HC|  |TAMS 0x0000000094500000| PB 0x0000000094500000| Complete |  0
| 250|0x0000000094600000, 0x0000000094700000, 0x0000000094700000|100%|HS|  |TAMS 0x0000000094600000| PB 0x0000000094600000| Complete |  0
| 251|0x0000000094700000, 0x0000000094800000, 0x0000000094800000|100%|HC|  |TAMS 0x0000000094700000| PB 0x0000000094700000| Complete |  0
| 252|0x0000000094800000, 0x0000000094900000, 0x0000000094900000|100%|HC|  |TAMS 0x0000000094800000| PB 0x0000000094800000| Complete |  0
| 253|0x0000000094900000, 0x0000000094a00000, 0x0000000094a00000|100%|HC|  |TAMS 0x0000000094900000| PB 0x0000000094900000| Complete |  0
| 254|0x0000000094a00000, 0x0000000094b00000, 0x0000000094b00000|100%|HC|  |TAMS 0x0000000094a00000| PB 0x0000000094a00000| Complete |  0
| 255|0x0000000094b00000, 0x0000000094c00000, 0x0000000094c00000|100%|HS|  |TAMS 0x0000000094b00000| PB 0x0000000094b00000| Complete |  0
| 256|0x0000000094c00000, 0x0000000094d00000, 0x0000000094d00000|100%|HC|  |TAMS 0x0000000094c00000| PB 0x0000000094c00000| Complete |  0
| 257|0x0000000094d00000, 0x0000000094e00000, 0x0000000094e00000|100%|HC|  |TAMS 0x0000000094d00000| PB 0x0000000094d00000| Complete |  0
| 258|0x0000000094e00000, 0x0000000094f00000, 0x0000000094f00000|100%|HC|  |TAMS 0x0000000094e00000| PB 0x0000000094e00000| Complete |  0
| 259|0x0000000094f00000, 0x0000000095000000, 0x0000000095000000|100%|HC|  |TAMS 0x0000000094f00000| PB 0x0000000094f00000| Complete |  0
| 260|0x0000000095000000, 0x0000000095100000, 0x0000000095100000|100%|HC|  |TAMS 0x0000000095000000| PB 0x0000000095000000| Complete |  0
| 261|0x0000000095100000, 0x0000000095200000, 0x0000000095200000|100%|HC|  |TAMS 0x0000000095100000| PB 0x0000000095100000| Complete |  0
| 262|0x0000000095200000, 0x0000000095300000, 0x0000000095300000|100%|HC|  |TAMS 0x0000000095200000| PB 0x0000000095200000| Complete |  0
| 263|0x0000000095300000, 0x0000000095400000, 0x0000000095400000|100%|HC|  |TAMS 0x0000000095300000| PB 0x0000000095300000| Complete |  0
| 264|0x0000000095400000, 0x0000000095500000, 0x0000000095500000|100%|HC|  |TAMS 0x0000000095400000| PB 0x0000000095400000| Complete |  0
| 265|0x0000000095500000, 0x0000000095600000, 0x0000000095600000|100%|HC|  |TAMS 0x0000000095500000| PB 0x0000000095500000| Complete |  0
| 266|0x0000000095600000, 0x0000000095700000, 0x0000000095700000|100%|HC|  |TAMS 0x0000000095600000| PB 0x0000000095600000| Complete |  0
| 267|0x0000000095700000, 0x0000000095800000, 0x0000000095800000|100%|HC|  |TAMS 0x0000000095700000| PB 0x0000000095700000| Complete |  0
| 268|0x0000000095800000, 0x0000000095900000, 0x0000000095900000|100%|HC|  |TAMS 0x0000000095800000| PB 0x0000000095800000| Complete |  0
| 269|0x0000000095900000, 0x0000000095a00000, 0x0000000095a00000|100%|HC|  |TAMS 0x0000000095900000| PB 0x0000000095900000| Complete |  0
| 270|0x0000000095a00000, 0x0000000095b00000, 0x0000000095b00000|100%|HC|  |TAMS 0x0000000095a00000| PB 0x0000000095a00000| Complete |  0
| 271|0x0000000095b00000, 0x0000000095c00000, 0x0000000095c00000|100%|HC|  |TAMS 0x0000000095b00000| PB 0x0000000095b00000| Complete |  0
| 272|0x0000000095c00000, 0x0000000095d00000, 0x0000000095d00000|100%|HC|  |TAMS 0x0000000095c00000| PB 0x0000000095c00000| Complete |  0
| 273|0x0000000095d00000, 0x0000000095e00000, 0x0000000095e00000|100%|HC|  |TAMS 0x0000000095d00000| PB 0x0000000095d00000| Complete |  0
| 274|0x0000000095e00000, 0x0000000095f00000, 0x0000000095f00000|100%|HC|  |TAMS 0x0000000095e00000| PB 0x0000000095e00000| Complete |  0
| 275|0x0000000095f00000, 0x0000000096000000, 0x0000000096000000|100%|HC|  |TAMS 0x0000000095f00000| PB 0x0000000095f00000| Complete |  0
| 276|0x0000000096000000, 0x0000000096100000, 0x0000000096100000|100%|HC|  |TAMS 0x0000000096000000| PB 0x0000000096000000| Complete |  0
| 277|0x0000000096100000, 0x0000000096200000, 0x0000000096200000|100%|HC|  |TAMS 0x0000000096100000| PB 0x0000000096100000| Complete |  0
| 278|0x0000000096200000, 0x0000000096300000, 0x0000000096300000|100%|HC|  |TAMS 0x0000000096200000| PB 0x0000000096200000| Complete |  0
| 279|0x0000000096300000, 0x0000000096400000, 0x0000000096400000|100%|HC|  |TAMS 0x0000000096300000| PB 0x0000000096300000| Complete |  0
| 280|0x0000000096400000, 0x0000000096500000, 0x0000000096500000|100%|HC|  |TAMS 0x0000000096400000| PB 0x0000000096400000| Complete |  0
| 281|0x0000000096500000, 0x0000000096600000, 0x0000000096600000|100%|HC|  |TAMS 0x0000000096500000| PB 0x0000000096500000| Complete |  0
| 282|0x0000000096600000, 0x0000000096700000, 0x0000000096700000|100%|HC|  |TAMS 0x0000000096600000| PB 0x0000000096600000| Complete |  0
| 283|0x0000000096700000, 0x0000000096800000, 0x0000000096800000|100%|HC|  |TAMS 0x0000000096700000| PB 0x0000000096700000| Complete |  0
| 284|0x0000000096800000, 0x0000000096900000, 0x0000000096900000|100%|HC|  |TAMS 0x0000000096800000| PB 0x0000000096800000| Complete |  0
| 285|0x0000000096900000, 0x0000000096a00000, 0x0000000096a00000|100%|HC|  |TAMS 0x0000000096900000| PB 0x0000000096900000| Complete |  0
| 286|0x0000000096a00000, 0x0000000096b00000, 0x0000000096b00000|100%|HC|  |TAMS 0x0000000096a00000| PB 0x0000000096a00000| Complete |  0
| 287|0x0000000096b00000, 0x0000000096c00000, 0x0000000096c00000|100%|HC|  |TAMS 0x0000000096b00000| PB 0x0000000096b00000| Complete |  0
| 288|0x0000000096c00000, 0x0000000096d00000, 0x0000000096d00000|100%|HC|  |TAMS 0x0000000096c00000| PB 0x0000000096c00000| Complete |  0
| 289|0x0000000096d00000, 0x0000000096e00000, 0x0000000096e00000|100%|HC|  |TAMS 0x0000000096d00000| PB 0x0000000096d00000| Complete |  0
| 290|0x0000000096e00000, 0x0000000096f00000, 0x0000000096f00000|100%|HC|  |TAMS 0x0000000096e00000| PB 0x0000000096e00000| Complete |  0
| 291|0x0000000096f00000, 0x0000000097000000, 0x0000000097000000|100%|HC|  |TAMS 0x0000000096f00000| PB 0x0000000096f00000| Complete |  0
| 292|0x0000000097000000, 0x0000000097100000, 0x0000000097100000|100%|HC|  |TAMS 0x0000000097000000| PB 0x0000000097000000| Complete |  0
| 293|0x0000000097100000, 0x0000000097200000, 0x0000000097200000|100%|HC|  |TAMS 0x0000000097100000| PB 0x0000000097100000| Complete |  0
| 294|0x0000000097200000, 0x0000000097300000, 0x0000000097300000|100%|HC|  |TAMS 0x0000000097200000| PB 0x0000000097200000| Complete |  0
| 295|0x0000000097300000, 0x0000000097400000, 0x0000000097400000|100%|HC|  |TAMS 0x0000000097300000| PB 0x0000000097300000| Complete |  0
| 296|0x0000000097400000, 0x0000000097500000, 0x0000000097500000|100%|HC|  |TAMS 0x0000000097400000| PB 0x0000000097400000| Complete |  0
| 297|0x0000000097500000, 0x0000000097600000, 0x0000000097600000|100%|HS|  |TAMS 0x0000000097500000| PB 0x0000000097500000| Complete |  0
| 298|0x0000000097600000, 0x0000000097700000, 0x0000000097700000|100%|HC|  |TAMS 0x0000000097600000| PB 0x0000000097600000| Complete |  0
| 299|0x0000000097700000, 0x0000000097800000, 0x0000000097800000|100%|HC|  |TAMS 0x0000000097700000| PB 0x0000000097700000| Complete |  0
| 300|0x0000000097800000, 0x0000000097900000, 0x0000000097900000|100%|HC|  |TAMS 0x0000000097800000| PB 0x0000000097800000| Complete |  0
| 301|0x0000000097900000, 0x0000000097a00000, 0x0000000097a00000|100%|HC|  |TAMS 0x0000000097900000| PB 0x0000000097900000| Complete |  0
| 302|0x0000000097a00000, 0x0000000097b00000, 0x0000000097b00000|100%|HS|  |TAMS 0x0000000097a00000| PB 0x0000000097a00000| Complete |  0
| 303|0x0000000097b00000, 0x0000000097c00000, 0x0000000097c00000|100%|HC|  |TAMS 0x0000000097b00000| PB 0x0000000097b00000| Complete |  0
| 304|0x0000000097c00000, 0x0000000097d00000, 0x0000000097d00000|100%|HC|  |TAMS 0x0000000097c00000| PB 0x0000000097c00000| Complete |  0
| 305|0x0000000097d00000, 0x0000000097e00000, 0x0000000097e00000|100%|HC|  |TAMS 0x0000000097d00000| PB 0x0000000097d00000| Complete |  0
| 306|0x0000000097e00000, 0x0000000097f00000, 0x0000000097f00000|100%|HC|  |TAMS 0x0000000097e00000| PB 0x0000000097e00000| Complete |  0
| 307|0x0000000097f00000, 0x0000000098000000, 0x0000000098000000|100%|HC|  |TAMS 0x0000000097f00000| PB 0x0000000097f00000| Complete |  0
| 308|0x0000000098000000, 0x0000000098100000, 0x0000000098100000|100%|HC|  |TAMS 0x0000000098000000| PB 0x0000000098000000| Complete |  0
| 309|0x0000000098100000, 0x0000000098200000, 0x0000000098200000|100%|HC|  |TAMS 0x0000000098100000| PB 0x0000000098100000| Complete |  0
| 310|0x0000000098200000, 0x0000000098300000, 0x0000000098300000|100%|HC|  |TAMS 0x0000000098200000| PB 0x0000000098200000| Complete |  0
| 311|0x0000000098300000, 0x0000000098400000, 0x0000000098400000|100%|HC|  |TAMS 0x0000000098300000| PB 0x0000000098300000| Complete |  0
| 312|0x0000000098400000, 0x0000000098500000, 0x0000000098500000|100%|HC|  |TAMS 0x0000000098400000| PB 0x0000000098400000| Complete |  0
| 313|0x0000000098500000, 0x0000000098600000, 0x0000000098600000|100%|HC|  |TAMS 0x0000000098500000| PB 0x0000000098500000| Complete |  0
| 314|0x0000000098600000, 0x0000000098700000, 0x0000000098700000|100%|HC|  |TAMS 0x0000000098600000| PB 0x0000000098600000| Complete |  0
| 315|0x0000000098700000, 0x0000000098800000, 0x0000000098800000|100%|HC|  |TAMS 0x0000000098700000| PB 0x0000000098700000| Complete |  0
| 316|0x0000000098800000, 0x0000000098900000, 0x0000000098900000|100%|HC|  |TAMS 0x0000000098800000| PB 0x0000000098800000| Complete |  0
| 317|0x0000000098900000, 0x0000000098a00000, 0x0000000098a00000|100%|HC|  |TAMS 0x0000000098900000| PB 0x0000000098900000| Complete |  0
| 318|0x0000000098a00000, 0x0000000098b00000, 0x0000000098b00000|100%|HC|  |TAMS 0x0000000098a00000| PB 0x0000000098a00000| Complete |  0
| 319|0x0000000098b00000, 0x0000000098c00000, 0x0000000098c00000|100%|HC|  |TAMS 0x0000000098b00000| PB 0x0000000098b00000| Complete |  0
| 320|0x0000000098c00000, 0x0000000098d00000, 0x0000000098d00000|100%|HC|  |TAMS 0x0000000098c00000| PB 0x0000000098c00000| Complete |  0
| 321|0x0000000098d00000, 0x0000000098e00000, 0x0000000098e00000|100%|HC|  |TAMS 0x0000000098d00000| PB 0x0000000098d00000| Complete |  0
| 322|0x0000000098e00000, 0x0000000098f00000, 0x0000000098f00000|100%|HC|  |TAMS 0x0000000098e00000| PB 0x0000000098e00000| Complete |  0
| 323|0x0000000098f00000, 0x0000000099000000, 0x0000000099000000|100%|HC|  |TAMS 0x0000000098f00000| PB 0x0000000098f00000| Complete |  0
| 324|0x0000000099000000, 0x0000000099100000, 0x0000000099100000|100%|HC|  |TAMS 0x0000000099000000| PB 0x0000000099000000| Complete |  0
| 325|0x0000000099100000, 0x0000000099200000, 0x0000000099200000|100%|HC|  |TAMS 0x0000000099100000| PB 0x0000000099100000| Complete |  0
| 326|0x0000000099200000, 0x0000000099300000, 0x0000000099300000|100%|HC|  |TAMS 0x0000000099200000| PB 0x0000000099200000| Complete |  0
| 327|0x0000000099300000, 0x0000000099400000, 0x0000000099400000|100%|HC|  |TAMS 0x0000000099300000| PB 0x0000000099300000| Complete |  0
| 328|0x0000000099400000, 0x0000000099500000, 0x0000000099500000|100%|HC|  |TAMS 0x0000000099400000| PB 0x0000000099400000| Complete |  0
| 329|0x0000000099500000, 0x0000000099600000, 0x0000000099600000|100%|HC|  |TAMS 0x0000000099500000| PB 0x0000000099500000| Complete |  0
| 330|0x0000000099600000, 0x0000000099700000, 0x0000000099700000|100%|HC|  |TAMS 0x0000000099600000| PB 0x0000000099600000| Complete |  0
| 331|0x0000000099700000, 0x0000000099800000, 0x0000000099800000|100%|HC|  |TAMS 0x0000000099700000| PB 0x0000000099700000| Complete |  0
| 332|0x0000000099800000, 0x0000000099900000, 0x0000000099900000|100%|HC|  |TAMS 0x0000000099800000| PB 0x0000000099800000| Complete |  0
| 333|0x0000000099900000, 0x0000000099a00000, 0x0000000099a00000|100%|HC|  |TAMS 0x0000000099900000| PB 0x0000000099900000| Complete |  0
| 334|0x0000000099a00000, 0x0000000099b00000, 0x0000000099b00000|100%|HC|  |TAMS 0x0000000099a00000| PB 0x0000000099a00000| Complete |  0
| 335|0x0000000099b00000, 0x0000000099c00000, 0x0000000099c00000|100%|HC|  |TAMS 0x0000000099b00000| PB 0x0000000099b00000| Complete |  0
| 336|0x0000000099c00000, 0x0000000099d00000, 0x0000000099d00000|100%|HC|  |TAMS 0x0000000099c00000| PB 0x0000000099c00000| Complete |  0
| 337|0x0000000099d00000, 0x0000000099e00000, 0x0000000099e00000|100%|HC|  |TAMS 0x0000000099d00000| PB 0x0000000099d00000| Complete |  0
| 338|0x0000000099e00000, 0x0000000099f00000, 0x0000000099f00000|100%|HC|  |TAMS 0x0000000099e00000| PB 0x0000000099e00000| Complete |  0
| 339|0x0000000099f00000, 0x000000009a000000, 0x000000009a000000|100%|HC|  |TAMS 0x0000000099f00000| PB 0x0000000099f00000| Complete |  0
| 340|0x000000009a000000, 0x000000009a100000, 0x000000009a100000|100%|HC|  |TAMS 0x000000009a000000| PB 0x000000009a000000| Complete |  0
| 341|0x000000009a100000, 0x000000009a200000, 0x000000009a200000|100%|HC|  |TAMS 0x000000009a100000| PB 0x000000009a100000| Complete |  0
| 342|0x000000009a200000, 0x000000009a300000, 0x000000009a300000|100%|HC|  |TAMS 0x000000009a200000| PB 0x000000009a200000| Complete |  0
| 343|0x000000009a300000, 0x000000009a400000, 0x000000009a400000|100%|HC|  |TAMS 0x000000009a300000| PB 0x000000009a300000| Complete |  0
| 344|0x000000009a400000, 0x000000009a500000, 0x000000009a500000|100%|HC|  |TAMS 0x000000009a400000| PB 0x000000009a400000| Complete |  0
| 345|0x000000009a500000, 0x000000009a600000, 0x000000009a600000|100%|HC|  |TAMS 0x000000009a500000| PB 0x000000009a500000| Complete |  0
| 346|0x000000009a600000, 0x000000009a700000, 0x000000009a700000|100%|HC|  |TAMS 0x000000009a600000| PB 0x000000009a600000| Complete |  0
| 347|0x000000009a700000, 0x000000009a800000, 0x000000009a800000|100%|HC|  |TAMS 0x000000009a700000| PB 0x000000009a700000| Complete |  0
| 348|0x000000009a800000, 0x000000009a900000, 0x000000009a900000|100%|HC|  |TAMS 0x000000009a800000| PB 0x000000009a800000| Complete |  0
| 349|0x000000009a900000, 0x000000009aa00000, 0x000000009aa00000|100%|HC|  |TAMS 0x000000009a900000| PB 0x000000009a900000| Complete |  0
| 350|0x000000009aa00000, 0x000000009ab00000, 0x000000009ab00000|100%|HC|  |TAMS 0x000000009aa00000| PB 0x000000009aa00000| Complete |  0
| 351|0x000000009ab00000, 0x000000009ac00000, 0x000000009ac00000|100%|HC|  |TAMS 0x000000009ab00000| PB 0x000000009ab00000| Complete |  0
| 352|0x000000009ac00000, 0x000000009ad00000, 0x000000009ad00000|100%|HC|  |TAMS 0x000000009ac00000| PB 0x000000009ac00000| Complete |  0
| 353|0x000000009ad00000, 0x000000009ae00000, 0x000000009ae00000|100%|HC|  |TAMS 0x000000009ad00000| PB 0x000000009ad00000| Complete |  0
| 354|0x000000009ae00000, 0x000000009af00000, 0x000000009af00000|100%|HC|  |TAMS 0x000000009ae00000| PB 0x000000009ae00000| Complete |  0
| 355|0x000000009af00000, 0x000000009b000000, 0x000000009b000000|100%|HC|  |TAMS 0x000000009af00000| PB 0x000000009af00000| Complete |  0
| 356|0x000000009b000000, 0x000000009b100000, 0x000000009b100000|100%|HC|  |TAMS 0x000000009b000000| PB 0x000000009b000000| Complete |  0
| 357|0x000000009b100000, 0x000000009b200000, 0x000000009b200000|100%|HC|  |TAMS 0x000000009b100000| PB 0x000000009b100000| Complete |  0
| 358|0x000000009b200000, 0x000000009b300000, 0x000000009b300000|100%|HC|  |TAMS 0x000000009b200000| PB 0x000000009b200000| Complete |  0
|1965|0x00000000ff900000, 0x00000000ffa00000, 0x00000000ffa00000|100%| O|  |TAMS 0x00000000ff900000| PB 0x00000000ff900000| Untracked |  0
|1966|0x00000000ffa00000, 0x00000000ffb00000, 0x00000000ffb00000|100%| O|  |TAMS 0x00000000ffa00000| PB 0x00000000ffa00000| Untracked |  0
|1967|0x00000000ffb00000, 0x00000000ffc00000, 0x00000000ffc00000|100%| O|  |TAMS 0x00000000ffb00000| PB 0x00000000ffb00000| Untracked |  0
|1968|0x00000000ffc00000, 0x00000000ffd00000, 0x00000000ffd00000|100%| O|  |TAMS 0x00000000ffc00000| PB 0x00000000ffc00000| Untracked |  0
|1969|0x00000000ffd00000, 0x00000000ffe00000, 0x00000000ffe00000|100%| O|  |TAMS 0x00000000ffd00000| PB 0x00000000ffd00000| Untracked |  0
|1970|0x00000000ffe00000, 0x00000000fff00000, 0x00000000fff00000|100%| O|Cm|TAMS 0x00000000ffe00000| PB 0x00000000ffe00000| Complete |  0
|1971|0x00000000fff00000, 0x0000000100000000, 0x0000000100000000|100%| O|  |TAMS 0x00000000fff00000| PB 0x00000000fff00000| Untracked |  0

Card table byte_map: [0x000001cb7add0000,0x000001cb7b1b0000] _byte_map_base: 0x000001cb7a9aa000

Marking Bits: (CMBitMap*) 0x000001cb62fd2390
 Bits: [0x000001cb7b1b0000, 0x000001cb7d080000)

Polling page: 0x000001cb60dc0000

Metaspace:

Usage:
  Non-class:     34.53 MB used.
      Class:      4.96 MB used.
       Both:     39.49 MB used.

Virtual space:
  Non-class space:       64.00 MB reserved,      34.75 MB ( 54%) committed,  1 nodes.
      Class space:        1.00 GB reserved,       5.12 MB ( <1%) committed,  1 nodes.
             Both:        1.06 GB reserved,      39.88 MB (  4%) committed. 

Chunk freelists:
   Non-Class:  13.19 MB
       Class:  10.81 MB
        Both:  24.00 MB

MaxMetaspaceSize: unlimited
CompressedClassSpaceSize: 1.00 GB
Initial GC threshold: 21.00 MB
Current GC threshold: 59.31 MB
CDS: on
 - commit_granule_bytes: 65536.
 - commit_granule_words: 8192.
 - virtual_space_node_default_size: 8388608.
 - enlarge_chunks_in_place: 1.
 - use_allocation_guard: 0.


Internal statistics:

num_allocs_failed_limit: 6.
num_arena_births: 468.
num_arena_deaths: 0.
num_vsnodes_births: 2.
num_vsnodes_deaths: 0.
num_space_committed: 638.
num_space_uncommitted: 0.
num_chunks_returned_to_freelist: 6.
num_chunks_taken_from_freelist: 1909.
num_chunk_merges: 6.
num_chunk_splits: 1379.
num_chunks_enlarged: 1106.
num_inconsistent_stats: 0.

CodeHeap 'non-profiled nmethods': size=120064Kb used=3731Kb max_used=3731Kb free=116333Kb
 bounds [0x000001cb73180000, 0x000001cb73530000, 0x000001cb7a6c0000]
CodeHeap 'profiled nmethods': size=120000Kb used=14422Kb max_used=14422Kb free=105577Kb
 bounds [0x000001cb6b6c0000, 0x000001cb6c4e0000, 0x000001cb72bf0000]
CodeHeap 'non-nmethods': size=5696Kb used=1856Kb max_used=1879Kb free=3840Kb
 bounds [0x000001cb72bf0000, 0x000001cb72e60000, 0x000001cb73180000]
CodeCache: size=245760Kb, used=20009Kb, max_used=20032Kb, free=225750Kb
 total_blobs=9670, nmethods=8785, adapters=789, full_count=0
Compilation: enabled, stopped_count=0, restarted_count=0

Compilation events (20 events):
Event: 32.001 Thread 0x000001cb7fac2190 nmethod 9506 0x000001cb6c4d1008 code [0x000001cb6c4d1180, 0x000001cb6c4d1540]
Event: 32.001 Thread 0x000001cb7fac2190 9507       3       com.sun.prism.impl.ps.BaseShaderGraphics::setNodeBounds (19 bytes)
Event: 32.001 Thread 0x000001cb7fac2190 nmethod 9507 0x000001cb6c4d1588 code [0x000001cb6c4d16a0, 0x000001cb6c4d1858]
Event: 32.004 Thread 0x000001cb7fac2190 9508       3       com.sun.javafx.scene.control.skin.Utils::computeTextWidth (47 bytes)
Event: 32.005 Thread 0x000001cb7fac2190 nmethod 9508 0x000001cb6c4d1888 code [0x000001cb6c4d1a20, 0x000001cb6c4d1f58]
Event: 32.005 Thread 0x000001cb7fac2190 9509       3       javafx.scene.layout.BorderPane::computeMinHeight (179 bytes)
Event: 32.008 Thread 0x000001cb7fac2190 nmethod 9509 0x000001cb6c4d2008 code [0x000001cb6c4d2460, 0x000001cb6c4d4dc0]
Event: 32.008 Thread 0x000001cb7fac2190 9510       3       com.sun.prism.impl.BaseResourcePool::used (22 bytes)
Event: 32.008 Thread 0x000001cb7fac2190 nmethod 9510 0x000001cb6c4d4e88 code [0x000001cb6c4d4fe0, 0x000001cb6c4d53b8]
Event: 32.008 Thread 0x000001cb7fac2190 9511       3       javafx.scene.layout.GridPane$CompositeSize::access$1300 (7 bytes)
Event: 32.009 Thread 0x000001cb7fac2190 nmethod 9511 0x000001cb6c4d5408 code [0x000001cb6c4d5520, 0x000001cb6c4d5640]
Event: 32.009 Thread 0x000001cb7fac2190 9512       3       javafx.scene.layout.GridPane$CompositeSize::setMaxSize (17 bytes)
Event: 32.009 Thread 0x000001cb7fac2190 nmethod 9512 0x000001cb6c4d5708 code [0x000001cb6c4d5840, 0x000001cb6c4d59d0]
Event: 32.053 Thread 0x000001cb477f71a0 nmethod 9479 0x000001cb73521708 code [0x000001cb73521ac0, 0x000001cb73523968]
Event: 32.054 Thread 0x000001cb477f71a0 9490       4       javafx.beans.binding.ObjectExpression::getValue (5 bytes)
Event: 32.054 Thread 0x000001cb477f71a0 nmethod 9490 0x000001cb73523c08 code [0x000001cb73523d00, 0x000001cb73523da0]
Event: 32.054 Thread 0x000001cb477f71a0 9471       4       javafx.scene.CssStyleHelper::handleNoStyleFound (88 bytes)
Event: 32.055 Thread 0x000001cb477f71a0 nmethod 9471 0x000001cb73523f08 code [0x000001cb73524000, 0x000001cb735240d8]
Event: 32.055 Thread 0x000001cb477f71a0 9476       4       com.sun.javafx.scene.NodeHelper::geomChangedImpl (10 bytes)
Event: 32.067 Thread 0x000001cb477f71a0 nmethod 9476 0x000001cb73524208 code [0x000001cb73524400, 0x000001cb73524aa0]

GC Heap History (18 events):
Event: 1.379 GC heap before
{Heap before GC invocations=0 (full 0):
 garbage-first heap   total reserved 2019328K, committed 126976K, used 24576K [0x0000000084c00000, 0x0000000100000000)
  region size 1024K, 24 young (24576K), 0 survivors (0K)
 Metaspace       used 5909K, committed 6016K, reserved 1114112K
  class space    used 728K, committed 768K, reserved 1048576K
}
Event: 1.389 GC heap after
{Heap after GC invocations=1 (full 0):
 garbage-first heap   total reserved 2019328K, committed 126976K, used 3920K [0x0000000084c00000, 0x0000000100000000)
  region size 1024K, 3 young (3072K), 3 survivors (3072K)
 Metaspace       used 5909K, committed 6016K, reserved 1114112K
  class space    used 728K, committed 768K, reserved 1048576K
}
Event: 1.962 GC heap before
{Heap before GC invocations=1 (full 0):
 garbage-first heap   total reserved 2019328K, committed 126976K, used 26448K [0x0000000084c00000, 0x0000000100000000)
  region size 1024K, 25 young (25600K), 3 survivors (3072K)
 Metaspace       used 8479K, committed 8704K, reserved 1114112K
  class space    used 1035K, committed 1152K, reserved 1048576K
}
Event: 1.968 GC heap after
{Heap after GC invocations=2 (full 0):
 garbage-first heap   total reserved 2019328K, committed 126976K, used 5130K [0x0000000084c00000, 0x0000000100000000)
  region size 1024K, 2 young (2048K), 2 survivors (2048K)
 Metaspace       used 8479K, committed 8704K, reserved 1114112K
  class space    used 1035K, committed 1152K, reserved 1048576K
}
Event: 3.749 GC heap before
{Heap before GC invocations=2 (full 0):
 garbage-first heap   total reserved 2019328K, committed 126976K, used 61450K [0x0000000084c00000, 0x0000000100000000)
  region size 1024K, 57 young (58368K), 2 survivors (2048K)
 Metaspace       used 16293K, committed 16512K, reserved 1114112K
  class space    used 2032K, committed 2112K, reserved 1048576K
}
Event: 3.764 GC heap after
{Heap after GC invocations=3 (full 0):
 garbage-first heap   total reserved 2019328K, committed 126976K, used 10521K [0x0000000084c00000, 0x0000000100000000)
  region size 1024K, 7 young (7168K), 7 survivors (7168K)
 Metaspace       used 16293K, committed 16512K, reserved 1114112K
  class space    used 2032K, committed 2112K, reserved 1048576K
}
Event: 5.476 GC heap before
{Heap before GC invocations=3 (full 0):
 garbage-first heap   total reserved 2019328K, committed 126976K, used 74009K [0x0000000084c00000, 0x0000000100000000)
  region size 1024K, 65 young (66560K), 7 survivors (7168K)
 Metaspace       used 20288K, committed 20544K, reserved 1114112K
  class space    used 2440K, committed 2560K, reserved 1048576K
}
Event: 5.495 GC heap after
{Heap after GC invocations=4 (full 0):
 garbage-first heap   total reserved 2019328K, committed 126976K, used 20983K [0x0000000084c00000, 0x0000000100000000)
  region size 1024K, 7 young (7168K), 7 survivors (7168K)
 Metaspace       used 20288K, committed 20544K, reserved 1114112K
  class space    used 2440K, committed 2560K, reserved 1048576K
}
Event: 5.553 GC heap before
{Heap before GC invocations=4 (full 0):
 garbage-first heap   total reserved 2019328K, committed 126976K, used 23031K [0x0000000084c00000, 0x0000000100000000)
  region size 1024K, 10 young (10240K), 7 survivors (7168K)
 Metaspace       used 21191K, committed 21504K, reserved 1114112K
  class space    used 2586K, committed 2752K, reserved 1048576K
}
Event: 5.562 GC heap after
{Heap after GC invocations=5 (full 0):
 garbage-first heap   total reserved 2019328K, committed 126976K, used 20480K [0x0000000084c00000, 0x0000000100000000)
  region size 1024K, 2 young (2048K), 2 survivors (2048K)
 Metaspace       used 21191K, committed 21504K, reserved 1114112K
  class space    used 2586K, committed 2752K, reserved 1048576K
}
Event: 7.216 GC heap before
{Heap before GC invocations=6 (full 0):
 garbage-first heap   total reserved 2019328K, committed 71680K, used 70656K [0x0000000084c00000, 0x0000000100000000)
  region size 1024K, 51 young (52224K), 2 survivors (2048K)
 Metaspace       used 28861K, committed 29312K, reserved 1114112K
  class space    used 3428K, committed 3648K, reserved 1048576K
}
Event: 7.234 GC heap after
{Heap after GC invocations=7 (full 0):
 garbage-first heap   total reserved 2019328K, committed 81920K, used 28971K [0x0000000084c00000, 0x0000000100000000)
  region size 1024K, 8 young (8192K), 8 survivors (8192K)
 Metaspace       used 28861K, committed 29312K, reserved 1114112K
  class space    used 3428K, committed 3648K, reserved 1048576K
}
Event: 8.631 GC heap before
{Heap before GC invocations=7 (full 0):
 garbage-first heap   total reserved 2019328K, committed 81920K, used 73003K [0x0000000084c00000, 0x0000000100000000)
  region size 1024K, 39 young (39936K), 8 survivors (8192K)
 Metaspace       used 34753K, committed 35264K, reserved 1114112K
  class space    used 4281K, committed 4544K, reserved 1048576K
}
Event: 8.644 GC heap after
{Heap after GC invocations=8 (full 0):
 garbage-first heap   total reserved 2019328K, committed 88064K, used 39747K [0x0000000084c00000, 0x0000000100000000)
  region size 1024K, 5 young (5120K), 5 survivors (5120K)
 Metaspace       used 34753K, committed 35264K, reserved 1114112K
  class space    used 4281K, committed 4544K, reserved 1048576K
}
Event: 8.761 GC heap before
{Heap before GC invocations=8 (full 0):
 garbage-first heap   total reserved 2019328K, committed 88064K, used 42819K [0x0000000084c00000, 0x0000000100000000)
  region size 1024K, 9 young (9216K), 5 survivors (5120K)
 Metaspace       used 35746K, committed 36160K, reserved 1114112K
  class space    used 4472K, committed 4672K, reserved 1048576K
}
Event: 8.765 GC heap after
{Heap after GC invocations=9 (full 0):
 garbage-first heap   total reserved 2019328K, committed 88064K, used 40096K [0x0000000084c00000, 0x0000000100000000)
  region size 1024K, 1 young (1024K), 1 survivors (1024K)
 Metaspace       used 35746K, committed 36160K, reserved 1114112K
  class space    used 4472K, committed 4672K, reserved 1048576K
}
Event: 31.569 GC heap before
{Heap before GC invocations=10 (full 0):
 garbage-first heap   total reserved 2019328K, committed 311296K, used 310944K [0x0000000084c00000, 0x0000000100000000)
  region size 1024K, 19 young (19456K), 1 survivors (1024K)
 Metaspace       used 40393K, committed 40832K, reserved 1114112K
  class space    used 5075K, committed 5248K, reserved 1048576K
}
Event: 31.592 GC heap after
{Heap after GC invocations=11 (full 0):
 garbage-first heap   total reserved 2019328K, committed 315392K, used 277173K [0x0000000084c00000, 0x0000000100000000)
  region size 1024K, 4 young (4096K), 4 survivors (4096K)
 Metaspace       used 40393K, committed 40832K, reserved 1114112K
  class space    used 5075K, committed 5248K, reserved 1048576K
}

Dll operation events (20 events):
Event: 7.767 Loaded shared library C:\Program Files\Java\jdk-23\bin\api-ms-win-crt-filesystem-l1-1-0.dll
Event: 7.770 Loaded shared library C:\Program Files\Java\jdk-23\bin\api-ms-win-crt-heap-l1-1-0.dll
Event: 7.777 Loaded shared library C:\Program Files\Java\jdk-23\bin\api-ms-win-crt-locale-l1-1-0.dll
Event: 7.780 Loaded shared library C:\Program Files\Java\jdk-23\bin\api-ms-win-crt-math-l1-1-0.dll
Event: 7.784 Loaded shared library C:\Program Files\Java\jdk-23\bin\api-ms-win-crt-multibyte-l1-1-0.dll
Event: 7.789 Loaded shared library C:\Program Files\Java\jdk-23\bin\api-ms-win-crt-private-l1-1-0.dll
Event: 7.794 Loaded shared library C:\Program Files\Java\jdk-23\bin\api-ms-win-crt-process-l1-1-0.dll
Event: 7.796 Loaded shared library C:\Program Files\Java\jdk-23\bin\api-ms-win-crt-runtime-l1-1-0.dll
Event: 7.798 Loaded shared library C:\Program Files\Java\jdk-23\bin\api-ms-win-crt-stdio-l1-1-0.dll
Event: 7.799 Loaded shared library C:\Program Files\Java\jdk-23\bin\api-ms-win-crt-string-l1-1-0.dll
Event: 7.802 Loaded shared library C:\Program Files\Java\jdk-23\bin\api-ms-win-crt-time-l1-1-0.dll
Event: 7.805 Loaded shared library C:\Program Files\Java\jdk-23\bin\api-ms-win-crt-utility-l1-1-0.dll
Event: 7.813 Loaded shared library C:\Program Files\Java\jdk-23\bin\ucrtbase.dll
Event: 7.814 Loaded shared library C:\Program Files\Java\jdk-23\bin\vcruntime140.dll
Event: 7.815 Loaded shared library C:\Program Files\Java\jdk-23\bin\msvcp140.dll
Event: 7.819 Loaded shared library C:\Windows\System32\concrt140.dll
Event: 7.887 Loaded shared library C:\Users\Yattaqi\.openjfx\cache\11.0.2\prism_d3d.dll
Event: 8.119 Loaded shared library C:\Users\Yattaqi\.openjfx\cache\11.0.2\glass.dll
Event: 8.267 Loaded shared library C:\Users\Yattaqi\.openjfx\cache\11.0.2\javafx_font.dll
Event: 13.166 Loaded shared library C:\Users\Yattaqi\.openjfx\cache\11.0.2\javafx_iio.dll

Deoptimization events (20 events):
Event: 31.066 Thread 0x000001cb48133ac0 Uncommon trap: trap_request=0xffffffbe fr.pc=0x000001cb7350f57c relative=0x0000000000001fbc
Event: 31.066 Thread 0x000001cb48133ac0 Uncommon trap: reason=profile_predicate action=maybe_recompile pc=0x000001cb7350f57c method=javafx.css.CompoundSelector.applies(Ljavafx/css/Styleable;I[Ljava/util/Set;I)Z @ 103 c2
Event: 31.066 Thread 0x000001cb48133ac0 DEOPT PACKING pc=0x000001cb7350f57c sp=0x0000003944efb850
Event: 31.066 Thread 0x000001cb48133ac0 DEOPT UNPACKING pc=0x000001cb72c44402 sp=0x0000003944efb870 mode 2
Event: 31.593 Thread 0x000001cb4515ed60 Uncommon trap: trap_request=0xffffffde fr.pc=0x000001cb7348ea08 relative=0x00000000000004c8
Event: 31.593 Thread 0x000001cb4515ed60 Uncommon trap: reason=class_check action=maybe_recompile pc=0x000001cb7348ea08 method=jdk.internal.ref.PhantomCleanable.clean()V @ 12 c2
Event: 31.593 Thread 0x000001cb4515ed60 DEOPT PACKING pc=0x000001cb7348ea08 sp=0x0000003943aff670
Event: 31.593 Thread 0x000001cb4515ed60 DEOPT UNPACKING pc=0x000001cb72c44402 sp=0x0000003943aff650 mode 2
Event: 31.595 Thread 0x000001cb4515ed60 Uncommon trap: trap_request=0xffffffde fr.pc=0x000001cb7348ea08 relative=0x00000000000004c8
Event: 31.595 Thread 0x000001cb4515ed60 Uncommon trap: reason=class_check action=maybe_recompile pc=0x000001cb7348ea08 method=jdk.internal.ref.PhantomCleanable.clean()V @ 12 c2
Event: 31.595 Thread 0x000001cb4515ed60 DEOPT PACKING pc=0x000001cb7348ea08 sp=0x0000003943aff670
Event: 31.595 Thread 0x000001cb4515ed60 DEOPT UNPACKING pc=0x000001cb72c44402 sp=0x0000003943aff650 mode 2
Event: 31.596 Thread 0x000001cb4515ed60 Uncommon trap: trap_request=0xffffffde fr.pc=0x000001cb7348ea08 relative=0x00000000000004c8
Event: 31.596 Thread 0x000001cb4515ed60 Uncommon trap: reason=class_check action=maybe_recompile pc=0x000001cb7348ea08 method=jdk.internal.ref.PhantomCleanable.clean()V @ 12 c2
Event: 31.596 Thread 0x000001cb4515ed60 DEOPT PACKING pc=0x000001cb7348ea08 sp=0x0000003943aff670
Event: 31.596 Thread 0x000001cb4515ed60 DEOPT UNPACKING pc=0x000001cb72c44402 sp=0x0000003943aff650 mode 2
Event: 31.596 Thread 0x000001cb4515ed60 Uncommon trap: trap_request=0xffffffde fr.pc=0x000001cb7348ea08 relative=0x00000000000004c8
Event: 31.596 Thread 0x000001cb4515ed60 Uncommon trap: reason=class_check action=maybe_recompile pc=0x000001cb7348ea08 method=jdk.internal.ref.PhantomCleanable.clean()V @ 12 c2
Event: 31.596 Thread 0x000001cb4515ed60 DEOPT PACKING pc=0x000001cb7348ea08 sp=0x0000003943aff670
Event: 31.596 Thread 0x000001cb4515ed60 DEOPT UNPACKING pc=0x000001cb72c44402 sp=0x0000003943aff650 mode 2

Classes loaded (20 events):
Event: 9.307 Loading class java/lang/FdLibm$Hypot
Event: 9.308 Loading class java/lang/FdLibm$Hypot done
Event: 9.308 Loading class java/lang/FdLibm
Event: 9.309 Loading class java/lang/FdLibm done
Event: 13.461 Loading class java/text/BreakIterator
Event: 13.461 Loading class java/text/BreakIterator done
Event: 13.462 Loading class sun/util/locale/provider/FallbackLocaleProviderAdapter
Event: 13.462 Loading class sun/util/locale/provider/FallbackLocaleProviderAdapter done
Event: 13.463 Loading class sun/util/locale/provider/BreakIteratorProviderImpl
Event: 13.463 Loading class sun/util/locale/provider/BreakIteratorProviderImpl done
Event: 13.463 Loading class sun/util/locale/provider/BaseLocaleDataMetaInfo
Event: 13.464 Loading class sun/util/locale/provider/BaseLocaleDataMetaInfo done
Event: 13.464 Loading class sun/util/locale/provider/BreakIteratorProviderImpl$GraphemeBreakIterator
Event: 13.465 Loading class sun/util/locale/provider/BreakIteratorProviderImpl$GraphemeBreakIterator done
Event: 13.465 Loading class java/text/StringCharacterIterator
Event: 13.465 Loading class java/text/StringCharacterIterator done
Event: 13.465 Loading class sun/util/locale/provider/BreakIteratorProviderImpl$CharacterIteratorCharSequence
Event: 13.465 Loading class sun/util/locale/provider/BreakIteratorProviderImpl$CharacterIteratorCharSequence done
Event: 13.465 Loading class java/text/BreakIterator$BreakIteratorCache
Event: 13.465 Loading class java/text/BreakIterator$BreakIteratorCache done

Classes unloaded (0 events):
No events

Classes redefined (0 events):
No events

Internal exceptions (20 events):
Event: 7.565 Thread 0x000001cb60cd6670 Exception <a 'java/lang/NoSuchMethodError'{0x000000008878f2b8}: 'void java.lang.invoke.DelegatingMethodHandle$Holder.reinvoke_L(java.lang.Object, java.lang.Object, long)'> (0x000000008878f2b8) 
thrown [s\open\src\hotspot\share\interpreter\linkResolver.cpp, line 796]
Event: 7.594 Thread 0x000001cb48132da0 Exception <a 'java/lang/NoSuchMethodError'{0x00000000886fa230}: 'void java.lang.invoke.Invokers$Holder.invoke_MT(java.lang.Object, java.lang.Object, java.lang.Object)'> (0x00000000886fa230) 
thrown [s\open\src\hotspot\share\interpreter\linkResolver.cpp, line 796]
Event: 8.127 Thread 0x000001cb48133430 Exception <a 'java/lang/NoSuchMethodError'{0x0000000088114350}: 'void java.lang.invoke.DirectMethodHandle$Holder.invokeSpecial(java.lang.Object, java.lang.Object, int, java.lang.Object)'> (0x0000000088114350) 
thrown [s\open\src\hotspot\share\interpreter\linkResolver.cpp, line 796]
Event: 8.227 Thread 0x000001cb48133ac0 Exception <a 'java/lang/NoSuchMethodError'{0x0000000087f2d5c0}: 'void java.lang.invoke.DirectMethodHandle$Holder.invokeStaticInit(java.lang.Object)'> (0x0000000087f2d5c0) 
thrown [s\open\src\hotspot\share\interpreter\linkResolver.cpp, line 796]
Event: 8.228 Thread 0x000001cb48133430 Exception <a 'java/lang/NoSuchMethodError'{0x000000008811bef0}: 'void java.lang.invoke.DirectMethodHandle$Holder.invokeStatic(java.lang.Object, java.lang.Object, java.lang.Object, java.lang.Object)'> (0x000000008811bef0) 
thrown [s\open\src\hotspot\share\interpreter\linkResolver.cpp, line 796]
Event: 8.229 Thread 0x000001cb48133ac0 Implicit null exception at 0x000001cb73366f9f to 0x000001cb73367448
Event: 8.296 Thread 0x000001cb48133ac0 Exception <a 'java/lang/NoSuchMethodError'{0x0000000087dae7f0}: 'java.lang.Object java.lang.invoke.DirectMethodHandle$Holder.invokeStaticInit(java.lang.Object, java.lang.Object, int, int, int, int)'> (0x0000000087dae7f0) 
thrown [s\open\src\hotspot\share\interpreter\linkResolver.cpp, line 796]
Event: 8.364 Thread 0x000001cb48133ac0 Exception <a 'java/lang/NoSuchMethodError'{0x0000000087bfda70}: 'java.lang.Object java.lang.invoke.DirectMethodHandle$Holder.invokeStaticInit(java.lang.Object, java.lang.Object, java.lang.Object, java.lang.Object)'> (0x0000000087bfda70) 
thrown [s\open\src\hotspot\share\interpreter\linkResolver.cpp, line 796]
Event: 8.365 Thread 0x000001cb48133ac0 Exception <a 'java/lang/NullPointerException'{0x0000000087a072d8}> (0x0000000087a072d8) 
thrown [s\open\src\hotspot\share\interpreter\linkResolver.cpp, line 1389]
Event: 8.920 Thread 0x000001cb48133ac0 Exception <a 'java/io/FileNotFoundException'{0x000000008c4e2288}> (0x000000008c4e2288) 
thrown [s\open\src\hotspot\share\prims\jni.cpp, line 520]
Event: 8.934 Thread 0x000001cb48133ac0 Exception <a 'java/lang/ClassNotFoundException'{0x000000008c304a30}: sun/util/logging/resources/spi/loggingProvider> (0x000000008c304a30) 
thrown [s\open\src\hotspot\share\classfile\systemDictionary.cpp, line 313]
Event: 8.999 Thread 0x000001cb48133ac0 Exception <a 'java/lang/NoSuchMethodError'{0x00000000897875f0}: 'java.lang.Object java.lang.invoke.DirectMethodHandle$Holder.invokeInterface(java.lang.Object, java.lang.Object, java.lang.Object)'> (0x00000000897875f0) 
thrown [s\open\src\hotspot\share\interpreter\linkResolver.cpp, line 796]
Event: 9.000 Thread 0x000001cb48133ac0 Exception <a 'java/lang/IncompatibleClassChangeError'{0x000000008978aca0}: Found class java.lang.Object, but interface was expected> (0x000000008978aca0) 
thrown [s\open\src\hotspot\share\interpreter\linkResolver.cpp, line 863]
Event: 9.054 Thread 0x000001cb48133ac0 Exception <a 'java/lang/NoSuchMethodError'{0x00000000896eb710}: 'int java.lang.invoke.DirectMethodHandle$Holder.invokeSpecial(java.lang.Object, java.lang.Object, int)'> (0x00000000896eb710) 
thrown [s\open\src\hotspot\share\interpreter\linkResolver.cpp, line 796]
Event: 9.080 Thread 0x000001cb48133ac0 Exception <a 'java/lang/NoSuchMethodError'{0x0000000089457930}: 'java.lang.Object java.lang.invoke.DirectMethodHandle$Holder.newInvokeSpecial(java.lang.Object, java.lang.Object, int)'> (0x0000000089457930) 
thrown [s\open\src\hotspot\share\interpreter\linkResolver.cpp, line 796]
Event: 9.179 Thread 0x000001cb48133ac0 Exception <a 'java/lang/NoSuchMethodError'{0x000000008922e610}: 'long java.lang.invoke.DirectMethodHandle$Holder.invokeStatic(java.lang.Object, java.lang.Object, java.lang.Object)'> (0x000000008922e610) 
thrown [s\open\src\hotspot\share\interpreter\linkResolver.cpp, line 796]
Event: 9.179 Thread 0x000001cb48133ac0 Exception <a 'java/lang/NoSuchMethodError'{0x00000000892319f8}: 'long java.lang.invoke.DirectMethodHandle$Holder.invokeStaticInit(java.lang.Object, java.lang.Object, java.lang.Object)'> (0x00000000892319f8) 
thrown [s\open\src\hotspot\share\interpreter\linkResolver.cpp, line 796]
Event: 9.181 Thread 0x000001cb48133ac0 Exception <a 'java/lang/NoSuchMethodError'{0x00000000892460e8}: 'java.lang.Object java.lang.invoke.DirectMethodHandle$Holder.newInvokeSpecial(java.lang.Object, java.lang.Object, long)'> (0x00000000892460e8) 
thrown [s\open\src\hotspot\share\interpreter\linkResolver.cpp, line 796]
Event: 9.182 Thread 0x000001cb48133ac0 Exception <a 'java/lang/NoSuchMethodError'{0x00000000892496c8}: 'java.lang.Object java.lang.invoke.Invokers$Holder.linkToTargetMethod(java.lang.Object, long, java.lang.Object)'> (0x00000000892496c8) 
thrown [s\open\src\hotspot\share\interpreter\linkResolver.cpp, line 796]
Event: 9.306 Thread 0x000001cb48132710 Exception <a 'java/lang/NoSuchMethodError'{0x0000000089019358}: 'java.lang.Object java.lang.invoke.DirectMethodHandle$Holder.invokeStaticInit(java.lang.Object, int)'> (0x0000000089019358) 
thrown [s\open\src\hotspot\share\interpreter\linkResolver.cpp, line 796]

VM Operations (20 events):
Event: 7.286 Executing VM operation: HandshakeAllThreads (Deoptimize)
Event: 7.286 Executing VM operation: HandshakeAllThreads (Deoptimize) done
Event: 7.532 Executing VM operation: HandshakeAllThreads (Deoptimize)
Event: 7.532 Executing VM operation: HandshakeAllThreads (Deoptimize) done
Event: 8.285 Executing VM operation: HandshakeAllThreads (Deoptimize)
Event: 8.285 Executing VM operation: HandshakeAllThreads (Deoptimize) done
Event: 8.312 Executing VM operation: HandshakeAllThreads (Deoptimize)
Event: 8.312 Executing VM operation: HandshakeAllThreads (Deoptimize) done
Event: 8.631 Executing VM operation: G1CollectForAllocation (G1 Evacuation Pause)
Event: 8.645 Executing VM operation: G1CollectForAllocation (G1 Evacuation Pause) done
Event: 8.658 Executing VM operation: HandshakeAllThreads (Deoptimize)
Event: 8.658 Executing VM operation: HandshakeAllThreads (Deoptimize) done
Event: 8.761 Executing VM operation: CollectForMetadataAllocation (Metadata GC Threshold)
Event: 8.765 Executing VM operation: CollectForMetadataAllocation (Metadata GC Threshold) done
Event: 8.788 Executing VM operation: G1PauseRemark
Event: 8.794 Executing VM operation: G1PauseRemark done
Event: 8.802 Executing VM operation: G1PauseCleanup
Event: 8.802 Executing VM operation: G1PauseCleanup done
Event: 31.568 Executing VM operation: G1CollectForAllocation (G1 Evacuation Pause)
Event: 31.592 Executing VM operation: G1CollectForAllocation (G1 Evacuation Pause) done

Memory protections (0 events):
No events

Nmethod flushes (20 events):
Event: 8.791 Thread 0x000001cb7fa8e030 flushing  nmethod 0x000001cb6bc12d08
Event: 8.791 Thread 0x000001cb7fa8e030 flushing  nmethod 0x000001cb6bc13608
Event: 8.791 Thread 0x000001cb7fa8e030 flushing  nmethod 0x000001cb6bca3d88
Event: 8.791 Thread 0x000001cb7fa8e030 flushing  nmethod 0x000001cb6bca4888
Event: 8.791 Thread 0x000001cb7fa8e030 flushing  nmethod 0x000001cb6bca7088
Event: 8.791 Thread 0x000001cb7fa8e030 flushing  nmethod 0x000001cb6bdfec08
Event: 8.791 Thread 0x000001cb7fa8e030 flushing  nmethod 0x000001cb6bdff108
Event: 8.791 Thread 0x000001cb7fa8e030 flushing  nmethod 0x000001cb6bdff708
Event: 8.791 Thread 0x000001cb7fa8e030 flushing  nmethod 0x000001cb6bdffd08
Event: 8.791 Thread 0x000001cb7fa8e030 flushing  nmethod 0x000001cb6be00188
Event: 8.791 Thread 0x000001cb7fa8e030 flushing  nmethod 0x000001cb6be00888
Event: 8.791 Thread 0x000001cb7fa8e030 flushing  nmethod 0x000001cb6be00e88
Event: 8.791 Thread 0x000001cb7fa8e030 flushing  nmethod 0x000001cb6be01488
Event: 8.791 Thread 0x000001cb7fa8e030 flushing  nmethod 0x000001cb6be01a88
Event: 8.791 Thread 0x000001cb7fa8e030 flushing  nmethod 0x000001cb6be01d88
Event: 8.791 Thread 0x000001cb7fa8e030 flushing  nmethod 0x000001cb6be02088
Event: 8.791 Thread 0x000001cb7fa8e030 flushing  nmethod 0x000001cb6be02488
Event: 8.791 Thread 0x000001cb7fa8e030 flushing  nmethod 0x000001cb6be02888
Event: 8.791 Thread 0x000001cb7fa8e030 flushing  nmethod 0x000001cb6be02c88
Event: 8.791 Thread 0x000001cb7fa8e030 flushing  nmethod 0x000001cb6be03088

Events (20 events):
Event: 7.798 Thread 0x000001cb46a4ab30 Thread exited: 0x000001cb46a4ab30
Event: 7.848 Thread 0x000001cb48133430 Thread added: 0x000001cb48132710
Event: 7.872 Thread 0x000001cb7fab61e0 Thread added: 0x000001cb480d0c50
Event: 7.872 Thread 0x000001cb7fab61e0 Thread added: 0x000001cb48c1c010
Event: 8.083 Thread 0x000001cb48c1c010 Thread exited: 0x000001cb48c1c010
Event: 8.083 Thread 0x000001cb480d0c50 Thread exited: 0x000001cb480d0c50
Event: 8.125 Thread 0x000001cb48133430 Thread added: 0x000001cb481347e0
Event: 8.127 Thread 0x000001cb48133430 Thread added: 0x000001cb48133ac0
Event: 8.246 Thread 0x000001cb481375d0 Thread added: 0x000001cb481375d0
Event: 8.320 Thread 0x000001cb48133ac0 Thread added: 0x000001cb48135500
Event: 8.557 Thread 0x000001cb7fac2190 Thread added: 0x000001cb488ea1a0
Event: 8.573 Thread 0x000001cb7fac2190 Thread added: 0x000001cb48d47710
Event: 8.854 Thread 0x000001cb48d47710 Thread exited: 0x000001cb48d47710
Event: 8.868 Thread 0x000001cb488ea1a0 Thread exited: 0x000001cb488ea1a0
Event: 9.032 Thread 0x000001cb7fac2190 Thread added: 0x000001cb46d4b0a0
Event: 9.234 Thread 0x000001cb48132710 Thread added: 0x000001cb48136f40
Event: 9.542 Thread 0x000001cb46d4b0a0 Thread exited: 0x000001cb46d4b0a0
Event: 30.219 Thread 0x000001cb7fac2190 Thread added: 0x000001cb477f71a0
Event: 30.502 Thread 0x000001cb477f71a0 Thread exited: 0x000001cb477f71a0
Event: 31.988 Thread 0x000001cb7fac2190 Thread added: 0x000001cb477f71a0


Dynamic libraries:
0x00007ff678cf0000 - 0x00007ff678d00000 	C:\Program Files\Java\jdk-23\bin\java.exe
0x00007ffa971c0000 - 0x00007ffa97428000 	C:\WINDOWS\SYSTEM32\ntdll.dll
0x00007ffa962e0000 - 0x00007ffa963a9000 	C:\WINDOWS\System32\KERNEL32.DLL
0x00007ffa94ac0000 - 0x00007ffa94ead000 	C:\WINDOWS\System32\KERNELBASE.dll
0x00007ffa94830000 - 0x00007ffa9497b000 	C:\WINDOWS\System32\ucrtbase.dll
0x00007ffa7e4b0000 - 0x00007ffa7e4cb000 	C:\Program Files\Java\jdk-23\bin\VCRUNTIME140.dll
0x00007ffa7e490000 - 0x00007ffa7e4a7000 	C:\Program Files\Java\jdk-23\bin\jli.dll
0x00007ffa96b80000 - 0x00007ffa96d4c000 	C:\WINDOWS\System32\USER32.dll
0x00007ffa7c830000 - 0x00007ffa7caca000 	C:\WINDOWS\WinSxS\amd64_microsoft.windows.common-controls_6595b64144ccf1df_6.0.26100.4484_none_3e0e6d4ce32ef3b3\COMCTL32.dll
0x00007ffa946d0000 - 0x00007ffa946f7000 	C:\WINDOWS\System32\win32u.dll
0x00007ffa95430000 - 0x00007ffa954d9000 	C:\WINDOWS\System32\msvcrt.dll
0x00007ffa94f60000 - 0x00007ffa94f8b000 	C:\WINDOWS\System32\GDI32.dll
0x00007ffa94980000 - 0x00007ffa94ab7000 	C:\WINDOWS\System32\gdi32full.dll
0x00007ffa94eb0000 - 0x00007ffa94f53000 	C:\WINDOWS\System32\msvcp_win.dll
0x00007ffa963b0000 - 0x00007ffa963df000 	C:\WINDOWS\System32\IMM32.DLL
0x00007ffa7e470000 - 0x00007ffa7e47c000 	C:\Program Files\Java\jdk-23\bin\vcruntime140_1.dll
0x00007ffa5a3b0000 - 0x00007ffa5a43e000 	C:\Program Files\Java\jdk-23\bin\msvcp140.dll
0x00007ffa1bb10000 - 0x00007ffa1c860000 	C:\Program Files\Java\jdk-23\bin\server\jvm.dll
0x00007ffa96a30000 - 0x00007ffa96ae4000 	C:\WINDOWS\System32\ADVAPI32.dll
0x00007ffa96460000 - 0x00007ffa96506000 	C:\WINDOWS\System32\sechost.dll
0x00007ffa96d50000 - 0x00007ffa96e68000 	C:\WINDOWS\System32\RPCRT4.dll
0x00007ffa95320000 - 0x00007ffa95394000 	C:\WINDOWS\System32\WS2_32.dll
0x00007ffa8c1b0000 - 0x00007ffa8c1e5000 	C:\WINDOWS\SYSTEM32\WINMM.dll
0x00007ffa94160000 - 0x00007ffa941be000 	C:\WINDOWS\SYSTEM32\POWRPROF.dll
0x00007ffa7d430000 - 0x00007ffa7d43b000 	C:\WINDOWS\SYSTEM32\VERSION.dll
0x00007ffa94140000 - 0x00007ffa94154000 	C:\WINDOWS\SYSTEM32\UMPDC.dll
0x00007ffa930b0000 - 0x00007ffa930cb000 	C:\WINDOWS\SYSTEM32\kernel.appcore.dll
0x00007ffa7e3e0000 - 0x00007ffa7e3ea000 	C:\Program Files\Java\jdk-23\bin\jimage.dll
0x00007ffa91ac0000 - 0x00007ffa91d01000 	C:\WINDOWS\SYSTEM32\DBGHELP.DLL
0x00007ffa95f50000 - 0x00007ffa962d6000 	C:\WINDOWS\System32\combase.dll
0x00007ffa95e60000 - 0x00007ffa95f40000 	C:\WINDOWS\System32\OLEAUT32.dll
0x00007ffa7bcd0000 - 0x00007ffa7bd13000 	C:\WINDOWS\SYSTEM32\dbgcore.DLL
0x00007ffa94790000 - 0x00007ffa94829000 	C:\WINDOWS\System32\bcryptPrimitives.dll
0x00007ffa7e3c0000 - 0x00007ffa7e3de000 	C:\Program Files\Java\jdk-23\bin\java.dll
0x00007ffa94f90000 - 0x00007ffa9512e000 	C:\WINDOWS\System32\ole32.dll
0x00007ffa95710000 - 0x00007ffa95e5a000 	C:\WINDOWS\System32\SHELL32.dll
0x00007ffa94550000 - 0x00007ffa946c4000 	C:\WINDOWS\System32\wintypes.dll
0x00007ffa91f20000 - 0x00007ffa9277b000 	C:\WINDOWS\SYSTEM32\windows.storage.dll
0x00007ffa97080000 - 0x00007ffa97175000 	C:\WINDOWS\System32\SHCORE.dll
0x00007ffa953c0000 - 0x00007ffa9542a000 	C:\WINDOWS\System32\shlwapi.dll
0x00007ffa94220000 - 0x00007ffa9424f000 	C:\WINDOWS\SYSTEM32\profapi.dll
0x00007ffa55880000 - 0x00007ffa55957000 	C:\Program Files\Java\jdk-23\bin\jsvml.dll
0x00007ffa7e260000 - 0x00007ffa7e270000 	C:\Program Files\Java\jdk-23\bin\net.dll
0x00007ffa93640000 - 0x00007ffa936aa000 	C:\WINDOWS\system32\mswsock.dll
0x00007ffa7da20000 - 0x00007ffa7da36000 	C:\Program Files\Java\jdk-23\bin\nio.dll
0x00007ffa7d9c0000 - 0x00007ffa7d9d7000 	C:\Program Files\Java\jdk-23\bin\zip.dll
0x00007ffa7c670000 - 0x00007ffa7c694000 	C:\Program Files\maven\lib\jansi-native\Windows\x86_64\jansi.dll
0x00007ffa7e1c0000 - 0x00007ffa7e1d0000 	C:\Program Files\Java\jdk-23\bin\verify.dll
0x00007ffa931e0000 - 0x00007ffa93216000 	C:\WINDOWS\SYSTEM32\ntmarta.dll
0x000001cb49310000 - 0x000001cb49314000 	C:\Program Files\Java\jdk-23\bin\api-ms-win-core-console-l1-1-0.dll
0x000001cb49320000 - 0x000001cb49324000 	C:\Program Files\Java\jdk-23\bin\api-ms-win-core-datetime-l1-1-0.dll
0x000001cb49330000 - 0x000001cb49334000 	C:\Program Files\Java\jdk-23\bin\api-ms-win-core-debug-l1-1-0.dll
0x000001cb49340000 - 0x000001cb49344000 	C:\Program Files\Java\jdk-23\bin\api-ms-win-core-errorhandling-l1-1-0.dll
0x000001cb49350000 - 0x000001cb49355000 	C:\Program Files\Java\jdk-23\bin\api-ms-win-core-file-l1-1-0.dll
0x000001cb49360000 - 0x000001cb49364000 	C:\Program Files\Java\jdk-23\bin\api-ms-win-core-file-l1-2-0.dll
0x000001cb49370000 - 0x000001cb49374000 	C:\Program Files\Java\jdk-23\bin\api-ms-win-core-file-l2-1-0.dll
0x000001cb49380000 - 0x000001cb49384000 	C:\Program Files\Java\jdk-23\bin\api-ms-win-core-handle-l1-1-0.dll
0x000001cb49390000 - 0x000001cb49394000 	C:\Program Files\Java\jdk-23\bin\api-ms-win-core-heap-l1-1-0.dll
0x000001cb493a0000 - 0x000001cb493a4000 	C:\Program Files\Java\jdk-23\bin\api-ms-win-core-interlocked-l1-1-0.dll
0x000001cb493b0000 - 0x000001cb493b4000 	C:\Program Files\Java\jdk-23\bin\api-ms-win-core-libraryloader-l1-1-0.dll
0x000001cb493c0000 - 0x000001cb493c4000 	C:\Program Files\Java\jdk-23\bin\api-ms-win-core-localization-l1-2-0.dll
0x000001cb493d0000 - 0x000001cb493d4000 	C:\Program Files\Java\jdk-23\bin\api-ms-win-core-memory-l1-1-0.dll
0x000001cb493e0000 - 0x000001cb493e4000 	C:\Program Files\Java\jdk-23\bin\api-ms-win-core-namedpipe-l1-1-0.dll
0x000001cb493f0000 - 0x000001cb493f4000 	C:\Program Files\Java\jdk-23\bin\api-ms-win-core-processenvironment-l1-1-0.dll
0x000001cb49400000 - 0x000001cb49404000 	C:\Program Files\Java\jdk-23\bin\api-ms-win-core-processthreads-l1-1-0.dll
0x000001cb49410000 - 0x000001cb49414000 	C:\Program Files\Java\jdk-23\bin\api-ms-win-core-processthreads-l1-1-1.dll
0x000001cb49420000 - 0x000001cb49424000 	C:\Program Files\Java\jdk-23\bin\api-ms-win-core-profile-l1-1-0.dll
0x000001cb49430000 - 0x000001cb49434000 	C:\Program Files\Java\jdk-23\bin\api-ms-win-core-rtlsupport-l1-1-0.dll
0x000001cb49440000 - 0x000001cb49444000 	C:\Program Files\Java\jdk-23\bin\api-ms-win-core-string-l1-1-0.dll
0x000001cb49450000 - 0x000001cb49454000 	C:\Program Files\Java\jdk-23\bin\api-ms-win-core-synch-l1-1-0.dll
0x000001cb49460000 - 0x000001cb49464000 	C:\Program Files\Java\jdk-23\bin\api-ms-win-core-synch-l1-2-0.dll
0x000001cb49470000 - 0x000001cb49474000 	C:\Program Files\Java\jdk-23\bin\api-ms-win-core-sysinfo-l1-1-0.dll
0x000001cb49480000 - 0x000001cb49484000 	C:\Program Files\Java\jdk-23\bin\api-ms-win-core-timezone-l1-1-0.dll
0x000001cb49490000 - 0x000001cb49494000 	C:\Program Files\Java\jdk-23\bin\api-ms-win-core-util-l1-1-0.dll
0x000001cb494a0000 - 0x000001cb494a4000 	C:\Program Files\Java\jdk-23\bin\api-ms-win-crt-conio-l1-1-0.dll
0x000001cb494b0000 - 0x000001cb494b5000 	C:\Program Files\Java\jdk-23\bin\api-ms-win-crt-convert-l1-1-0.dll
0x000001cb494c0000 - 0x000001cb494c4000 	C:\Program Files\Java\jdk-23\bin\api-ms-win-crt-environment-l1-1-0.dll
0x000001cb494d0000 - 0x000001cb494d4000 	C:\Program Files\Java\jdk-23\bin\api-ms-win-crt-filesystem-l1-1-0.dll
0x000001cb494e0000 - 0x000001cb494e4000 	C:\Program Files\Java\jdk-23\bin\api-ms-win-crt-heap-l1-1-0.dll
0x000001cb494f0000 - 0x000001cb494f4000 	C:\Program Files\Java\jdk-23\bin\api-ms-win-crt-locale-l1-1-0.dll
0x000001cb49500000 - 0x000001cb49506000 	C:\Program Files\Java\jdk-23\bin\api-ms-win-crt-math-l1-1-0.dll
0x000001cb48ff0000 - 0x000001cb48ff6000 	C:\Program Files\Java\jdk-23\bin\api-ms-win-crt-multibyte-l1-1-0.dll
0x000001cb49000000 - 0x000001cb49011000 	C:\Program Files\Java\jdk-23\bin\api-ms-win-crt-private-l1-1-0.dll
0x000001cb49020000 - 0x000001cb49024000 	C:\Program Files\Java\jdk-23\bin\api-ms-win-crt-process-l1-1-0.dll
0x000001cb49030000 - 0x000001cb49035000 	C:\Program Files\Java\jdk-23\bin\api-ms-win-crt-runtime-l1-1-0.dll
0x000001cb49040000 - 0x000001cb49045000 	C:\Program Files\Java\jdk-23\bin\api-ms-win-crt-stdio-l1-1-0.dll
0x000001cb49050000 - 0x000001cb49055000 	C:\Program Files\Java\jdk-23\bin\api-ms-win-crt-string-l1-1-0.dll
0x000001cb49060000 - 0x000001cb49064000 	C:\Program Files\Java\jdk-23\bin\api-ms-win-crt-time-l1-1-0.dll
0x000001cb49070000 - 0x000001cb49074000 	C:\Program Files\Java\jdk-23\bin\api-ms-win-crt-utility-l1-1-0.dll
0x00007ffa55760000 - 0x00007ffa55871000 	C:\Program Files\Java\jdk-23\bin\ucrtbase.dll
0x00007ffa5d6f0000 - 0x00007ffa5d73d000 	C:\Windows\System32\concrt140.dll
0x00007ffa787a0000 - 0x00007ffa787c3000 	C:\Users\Yattaqi\.openjfx\cache\11.0.2\prism_d3d.dll
0x00007ffa32b40000 - 0x00007ffa32cfa000 	C:\WINDOWS\system32\d3d9.dll
0x00007ffa91490000 - 0x00007ffa914c6000 	C:\WINDOWS\SYSTEM32\dwmapi.dll
0x00007ffa912c0000 - 0x00007ffa9130d000 	C:\WINDOWS\SYSTEM32\dxcore.dll
0x00007ffa91070000 - 0x00007ffa9111f000 	C:\WINDOWS\system32\uxtheme.dll
0x00007ffa53d50000 - 0x00007ffa53e1a000 	C:\WINDOWS\SYSTEM32\d3d9on12.dll
0x00007ffa91310000 - 0x00007ffa91448000 	C:\WINDOWS\SYSTEM32\dxgi.dll
0x00007ffa6f430000 - 0x00007ffa6f453000 	C:\WINDOWS\SYSTEM32\d3d12.dll
0x00007ffa91250000 - 0x00007ffa912b4000 	C:\WINDOWS\SYSTEM32\directxdatabasehelper.dll
0x00007ffa93e80000 - 0x00007ffa93ed7000 	C:\WINDOWS\SYSTEM32\cfgmgr32.dll
0x00007ffa2f720000 - 0x00007ffa2f997000 	C:\WINDOWS\SYSTEM32\D3D12Core.dll
0x00007ffa8a2a0000 - 0x00007ffa8a2c7000 	C:\WINDOWS\System32\DriverStore\FileRepository\iigd_dch.inf_amd64_9741ef1f4093481f\igd12umd64.dll
0x00007ffa2e8d0000 - 0x00007ffa2f589000 	C:\WINDOWS\System32\DriverStore\FileRepository\iigd_dch.inf_amd64_9741ef1f4093481f\igd12um64xel.dll
0x00007ffa943d0000 - 0x00007ffa94547000 	C:\WINDOWS\System32\CRYPT32.dll
0x00007ffa941f0000 - 0x00007ffa94216000 	C:\WINDOWS\SYSTEM32\bcrypt.dll
0x00007ffa6f3b0000 - 0x00007ffa6f3f4000 	C:\WINDOWS\SYSTEM32\ControlLib.dll
0x00007ffa965a0000 - 0x00007ffa96a26000 	C:\WINDOWS\System32\SETUPAPI.dll
0x00007ffa93e50000 - 0x00007ffa93e7d000 	C:\WINDOWS\SYSTEM32\DEVOBJ.dll
0x00007ffa8a040000 - 0x00007ffa8a0c8000 	C:\WINDOWS\System32\DriverStore\FileRepository\iigd_dch.inf_amd64_9741ef1f4093481f\IntelControlLib.dll
0x00007ffa94700000 - 0x00007ffa94784000 	C:\WINDOWS\System32\WINTRUST.dll
0x00007ffa93960000 - 0x00007ffa93973000 	C:\WINDOWS\SYSTEM32\MSASN1.dll
0x00007ffa89a80000 - 0x00007ffa89e97000 	C:\WINDOWS\System32\DriverStore\FileRepository\iigd_dch.inf_amd64_9741ef1f4093481f\igdgmm64.dll
0x00007ffa85d80000 - 0x00007ffa89a7c000 	C:\WINDOWS\System32\DriverStore\FileRepository\iigd_dch.inf_amd64_9741ef1f4093481f\igc64.dll
0x00007ffa6be90000 - 0x00007ffa6bebe000 	C:\WINDOWS\SYSTEM32\D3DSCache.dll
0x00007ffa936e0000 - 0x00007ffa9370b000 	C:\WINDOWS\SYSTEM32\USERENV.dll
0x00007ffa1e6c0000 - 0x00007ffa1fa65000 	C:\WINDOWS\System32\DriverStore\FileRepository\iigd_dch.inf_amd64_9741ef1f4093481f\igd12dxva64.dll
0x00007ffa5a440000 - 0x00007ffa5c160000 	C:\WINDOWS\System32\DriverStore\FileRepository\iigd_dch.inf_amd64_9741ef1f4093481f\media_bin_64.dll
0x00007ffa6db40000 - 0x00007ffa6db67000 	C:\WINDOWS\System32\DriverStore\FileRepository\iigd_dch.inf_amd64_9741ef1f4093481f\igdinfo64.dll
0x00007ffa85300000 - 0x00007ffa85538000 	C:\WINDOWS\SYSTEM32\twinapi.appcore.dll
0x00007ffa5a1f0000 - 0x00007ffa5a235000 	C:\Users\Yattaqi\.openjfx\cache\11.0.2\glass.dll
0x00007ffa95140000 - 0x00007ffa95238000 	C:\WINDOWS\System32\COMDLG32.dll
0x00007ffa96f10000 - 0x00007ffa97070000 	C:\WINDOWS\System32\MSCTF.dll
0x00007ffa77b20000 - 0x00007ffa77b34000 	C:\Users\Yattaqi\.openjfx\cache\11.0.2\javafx_font.dll
0x00007ffa8f3a0000 - 0x00007ffa8f60b000 	C:\WINDOWS\SYSTEM32\dwrite.dll
0x00007ffa938f0000 - 0x00007ffa9390b000 	C:\WINDOWS\SYSTEM32\CRYPTSP.dll
0x00007ffa93010000 - 0x00007ffa9304b000 	C:\WINDOWS\system32\rsaenh.dll
0x00007ffa93910000 - 0x00007ffa9391c000 	C:\WINDOWS\SYSTEM32\CRYPTBASE.dll

dbghelp: loaded successfully - version: 4.0.5 - missing functions: none
symbol engine: initialized successfully - sym options: 0x614 - pdb path: .;C:\Program Files\Java\jdk-23\bin;C:\WINDOWS\SYSTEM32;C:\WINDOWS\WinSxS\amd64_microsoft.windows.common-controls_6595b64144ccf1df_6.0.26100.4484_none_3e0e6d4ce32ef3b3;C:\Program Files\Java\jdk-23\bin\server;C:\Program Files\maven\lib\jansi-native\Windows\x86_64;C:\Users\Yattaqi\.openjfx\cache\11.0.2;C:\WINDOWS\System32\DriverStore\FileRepository\iigd_dch.inf_amd64_9741ef1f4093481f;C:\Program Files\Common Files\Microsoft Shared\Ink

VM Arguments:
jvm_args: --enable-native-access=ALL-UNNAMED -Dclassworlds.conf=C:\Program Files\maven\bin\m2.conf -Dmaven.home=C:\Program Files\maven -Dlibrary.jansi.path=C:\Program Files\maven\lib\jansi-native -Dmaven.multiModuleProjectDirectory=C:\Users\Yattaqi\IdeaProjects\com.sportedu 
java_command: org.codehaus.plexus.classworlds.launcher.Launcher clean compile exec:java
java_class_path (initial): C:\Program Files\maven\boot\plexus-classworlds-2.9.0.jar
Launcher Type: SUN_STANDARD

[Global flags]
     intx CICompilerCount                          = 4                                         {product} {ergonomic}
     uint ConcGCThreads                            = 2                                         {product} {ergonomic}
     uint G1ConcRefinementThreads                  = 8                                         {product} {ergonomic}
   size_t G1HeapRegionSize                         = 1048576                                   {product} {ergonomic}
   size_t InitialHeapSize                          = 130023424                                 {product} {ergonomic}
   size_t MarkStackSize                            = 4194304                                   {product} {ergonomic}
   size_t MarkStackSizeMax                         = 536870912                                 {product} {ergonomic}
   size_t MaxHeapSize                              = 2067791872                                {product} {ergonomic}
   size_t MaxNewSize                               = 1240465408                                {product} {ergonomic}
   size_t MinHeapDeltaBytes                        = 1048576                                   {product} {ergonomic}
   size_t MinHeapSize                              = 8388608                                   {product} {ergonomic}
    uintx NonNMethodCodeHeapSize                   = 5832704                                {pd product} {ergonomic}
    uintx NonProfiledCodeHeapSize                  = 122945536                              {pd product} {ergonomic}
    uintx ProfiledCodeHeapSize                     = 122880000                              {pd product} {ergonomic}
    uintx ReservedCodeCacheSize                    = 251658240                              {pd product} {ergonomic}
     bool SegmentedCodeCache                       = true                                      {product} {ergonomic}
   size_t SoftMaxHeapSize                          = 2067791872                             {manageable} {ergonomic}
     bool UseCompressedOops                        = true                           {product lp64_product} {ergonomic}
     bool UseG1GC                                  = true                                      {product} {ergonomic}
     bool UseLargePagesIndividualAllocation        = false                                  {pd product} {ergonomic}

Logging:
Log output configuration:
 #0: stdout all=warning uptime,level,tags foldmultilines=false
 #1: stderr all=off uptime,level,tags foldmultilines=false

Environment Variables:
PATH=C:\Program Files\Common Files\Oracle\Java\javapath;C:\Program Files (x86)\Common Files\Intel\Shared Libraries\redist\intel64\compiler;C:\WINDOWS\system32;C:\WINDOWS;C:\WINDOWS\System32\Wbem;C:\WINDOWS\System32\WindowsPowerShell\v1.0\;C:\WINDOWS\System32\OpenSSH\;C:\mingw64\bin;C:\Program Files\dotnet\;C:\Program Files\mosquitto;C:\Program Files\nodejs\;C:\semester 4\Provis\flutter\bin;C:\Program Files\Git\cmd;%MAVEN_HOME%\bin;C:\Program Files\Java\jdk-23\bin;C:\Program Files (x86)\WiX Toolset v3.11\bin;C:\Users\Yattaqi\AppData\Local\Programs\Python\Python313\Scripts\;C:\Users\Yattaqi\AppData\Local\Programs\Python\Python313\;C:\Users\Yattaqi\AppData\Local\Programs\Python\Launcher\;C:\Users\Yattaqi\AppData\Local\Microsoft\WindowsApps;C:\Users\Yattaqi\AppData\Local\Programs\Microsoft VS Code\bin;C:\mingw64\bin;C:\Users\Yattaqi\.dotnet\tools;C:\Program Files\mosquitto;C:\Users\Yattaqi\AppData\Roaming\npm;C:\laragon\bin\php\php-8.3.16-Win32-vs16-x64;C:\Users\Yattaqi\.lmstudio\bin;C:\Program Files\JetBrains\IntelliJ IDEA 2024.3.4.1\bin;;C:\Program Files\JetBrains\IntelliJ IDEA Community Edition 2024.3.4.1\bin;;C:\Users\Yattaqi\composer;C:\Users\Yattaqi\AppData\Roaming\Composer\vendor\bin;C:\semester 4\Provis\flutter\bin;C:\Program Files\maven\bin;C:\Program Files\Java\jdk-23\bin;C:\Program Files (x86)\WiX Toolset v3.11\bin;
USERNAME=Yattaqi
OS=Windows_NT
PROCESSOR_IDENTIFIER=Intel64 Family 6 Model 154 Stepping 4, GenuineIntel
TMP=C:\Users\Yattaqi\AppData\Local\Temp
TEMP=C:\Users\Yattaqi\AppData\Local\Temp




Periodic native trim disabled

---------------  S Y S T E M  ---------------

OS:
 Windows 11 , 64 bit Build 26100 (10.0.26100.4484)
OS uptime: 11 days 5:15 hours
Hyper-V role detected

CPU: total 8 (initial active 8) (4 cores per cpu, 2 threads per core) family 6 model 154 stepping 4 microcode 0x434, cx8, cmov, fxsr, ht, mmx, 3dnowpref, sse, sse2, sse3, ssse3, sse4.1, sse4.2, popcnt, lzcnt, tsc, tscinvbit, avx, avx2, aes, erms, clmul, bmi1, bmi2, adx, sha, fma, vzeroupper, clflush, clflushopt, clwb, hv, serialize, rdtscp, rdpid, fsrm, gfni, f16c, cet_ibt, cet_ss
Processor Information for processor 0
  Max Mhz: 1200, Current Mhz: 1200, Mhz Limit: 1200
Processor Information for processor 1
  Max Mhz: 1200, Current Mhz: 1200, Mhz Limit: 1200
Processor Information for processor 2
  Max Mhz: 1200, Current Mhz: 1200, Mhz Limit: 1200
Processor Information for processor 3
  Max Mhz: 1200, Current Mhz: 1200, Mhz Limit: 1200
Processor Information for processor 4
  Max Mhz: 1200, Current Mhz: 900, Mhz Limit: 900
Processor Information for processor 5
  Max Mhz: 1200, Current Mhz: 900, Mhz Limit: 900
Processor Information for processor 6
  Max Mhz: 1200, Current Mhz: 900, Mhz Limit: 900
Processor Information for processor 7
  Max Mhz: 1200, Current Mhz: 900, Mhz Limit: 900

Memory: 4k page, system-wide physical 7885M (559M free)
TotalPageFile size 16077M (AvailPageFile size 13M)
current process WorkingSet (physical memory assigned to process): 825M, peak: 1228M
current process commit charge ("private bytes"): 1563M, peak: 1564M

vm_info: Java HotSpot(TM) 64-Bit Server VM (23.0.2+7-58) for windows-amd64 JRE (23.0.2+7-58), built on 2024-11-29T09:34:55Z with MS VC++ 17.6 (VS2022)

END.
